VisitID,YearMonth,Year,Month,City,Purpose,Origin,Accommodation,StayNights,SpendSAR,PartySize
V00001,2024-11,2024,11,Riyadh,Business,Domestic,Hotel,3,1466.6,1
V00002,2024-05,2024,5,AlUla,Family,Europe,Furnished Apartment,5,2706.33,4
V00003,2023-12,2023,12,Abha,Business,Asia,Furnished Apartment,1,193.82,4
V00004,2022-09,2022,9,Jeddah,Religious,Domestic,Hotel,3,1061.07,3
V00005,2023-01,2023,1,Riyadh,Religious,Asia,Furnished Apartment,3,1207.98,1
V00006,2024-09,2024,9,Abha,Family,Asia,Hotel,3,1236.62,4
V00007,2024-08,2024,8,Riyadh,Religious,Domestic,Hotel,5,2397.17,1
V00008,2024-09,2024,9,Dammam,Leisure,Asia,Hotel,2,550.46,2
V00009,2023-03,2023,3,Jeddah,Leisure,Domestic,Other,5,805.28,1
V00010,2022-12,2022,12,Dammam,Business,Asia,Resort,4,1075.23,3
V00011,2023-08,2023,8,Makkah,Business,GCC,Furnished Apartment,6,2145.89,1
V00012,2023-07,2023,7,Abha,Religious,Domestic,Furnished Apartment,2,852.79,3
V00013,2025-08,2025,8,Makkah,Religious,Other,Furnished Apartment,3,659.52,5
V00014,2023-03,2023,3,Jeddah,Religious,Europe,Furnished Apartment,3,1577.59,4
V00015,2025-01,2025,1,Makkah,Religious,Domestic,Furnished Apartment,3,910.55,4
V00016,2022-02,2022,2,Madinah,Family,Other,Hotel,5,1246.75,3
V00017,2023-06,2023,6,Madinah,Religious,Asia,Hotel,3,966.89,4
V00018,2023-02,2023,2,Makkah,Religious,Domestic,Other,3,860.64,2
V00019,2024-11,2024,11,Madinah,Religious,Domestic,Hotel,3,697.85,2
V00020,2024-05,2024,5,Jeddah,Family,Domestic,Furnished Apartment,4,948.2,1
V00021,2023-08,2023,8,Makkah,Religious,GCC,Resort,4,1224.92,4
V00022,2023-08,2023,8,Jeddah,Leisure,GCC,Hotel,4,1911.25,3
V00023,2022-06,2022,6,Jeddah,Leisure,Domestic,Hotel,6,1734.5,3
V00024,2025-07,2025,7,Riyadh,Religious,Other,Hotel,4,1412.16,3
V00025,2023-11,2023,11,Madinah,Religious,Domestic,Other,2,771.4,1
V00026,2022-08,2022,8,Riyadh,Leisure,Other,Furnished Apartment,4,957.43,2
V00027,2025-07,2025,7,Madinah,Religious,Europe,Furnished Apartment,2,1237.16,1
V00028,2022-01,2022,1,Jeddah,Business,Domestic,Hotel,3,1133.79,4
V00029,2022-02,2022,2,Abha,Leisure,Other,Furnished Apartment,5,2119.17,1
V00030,2022-11,2022,11,Dammam,Religious,Domestic,Resort,3,1150.97,2
V00031,2023-01,2023,1,AlUla,Religious,Asia,Hotel,3,456.05,4
V00032,2022-07,2022,7,Madinah,Religious,GCC,Hotel,1,340.99,2
V00033,2022-11,2022,11,Madinah,Business,GCC,Hotel,4,1326.71,5
V00034,2024-05,2024,5,Makkah,Religious,GCC,Furnished Apartment,3,1010.28,2
V00035,2025-08,2025,8,Abha,Leisure,Domestic,Hotel,3,1423.39,5
V00036,2023-01,2023,1,Makkah,Religious,Domestic,Hotel,4,998.82,4
V00037,2024-11,2024,11,Madinah,Leisure,Domestic,Resort,1,450.8,1
V00038,2025-06,2025,6,Jeddah,Events,Domestic,Resort,3,541.39,4
V00039,2025-06,2025,6,Riyadh,Leisure,GCC,Furnished Apartment,7,2994.67,2
V00040,2025-06,2025,6,Dammam,Religious,Domestic,Hotel,4,1692.74,3
V00041,2024-12,2024,12,Makkah,Religious,GCC,Furnished Apartment,6,1252.83,2
V00042,2024-09,2024,9,Jeddah,Leisure,Domestic,Furnished Apartment,1,374.69,3
V00043,2022-10,2022,10,Jeddah,Business,Domestic,Furnished Apartment,2,717.93,2
V00044,2025-03,2025,3,Madinah,Religious,Asia,Hotel,2,722.25,5
V00045,2024-12,2024,12,Riyadh,Family,Domestic,Hotel,1,274.25,1
V00046,2022-02,2022,2,Madinah,Leisure,Domestic,Furnished Apartment,2,714.97,4
V00047,2022-03,2022,3,Jeddah,Leisure,Domestic,Hotel,1,353.17,5
V00048,2023-01,2023,1,Madinah,Religious,Domestic,Resort,2,595.88,4
V00049,2023-05,2023,5,Jeddah,Events,GCC,Hotel,2,981.92,4
V00050,2025-04,2025,4,AlUla,Leisure,Asia,Hotel,3,547.58,1
V00051,2023-04,2023,4,Makkah,Religious,Domestic,Hotel,2,566.64,1
V00052,2022-09,2022,9,Makkah,Religious,Other,Hotel,1,455.67,3
V00053,2023-03,2023,3,Abha,Family,Domestic,Resort,2,914.58,3
V00054,2023-04,2023,4,Jeddah,Family,Domestic,Hotel,5,790.06,3
V00055,2023-06,2023,6,Abha,Religious,Other,Furnished Apartment,2,519.61,1
V00056,2023-04,2023,4,AlUla,Leisure,GCC,Hotel,7,2026.72,5
V00057,2024-10,2024,10,Riyadh,Leisure,Domestic,Hotel,3,1464.11,5
V00058,2024-07,2024,7,Makkah,Religious,GCC,Furnished Apartment,4,902.45,4
V00059,2023-11,2023,11,Riyadh,Leisure,Asia,Hotel,2,996.41,1
V00060,2023-11,2023,11,Jeddah,Leisure,Domestic,Hotel,3,768.44,4
V00061,2024-09,2024,9,Makkah,Events,GCC,Hotel,4,1337.86,5
V00062,2024-11,2024,11,Makkah,Religious,Asia,Hotel,1,419.26,2
V00063,2024-03,2024,3,Makkah,Family,Asia,Resort,4,1052.9,5
V00064,2023-09,2023,9,Jeddah,Leisure,Domestic,Hotel,1,279.99,3
V00065,2023-09,2023,9,Dammam,Leisure,GCC,Hotel,2,816.15,1
V00066,2024-05,2024,5,Makkah,Religious,Europe,Resort,2,1259.35,1
V00067,2025-05,2025,5,Madinah,Religious,Europe,Resort,6,2970.04,1
V00068,2023-03,2023,3,Dammam,Religious,Europe,Other,2,486.18,5
V00069,2022-08,2022,8,Riyadh,Leisure,Asia,Hotel,2,507.57,3
V00070,2022-07,2022,7,AlUla,Religious,Domestic,Resort,5,1711.83,2
V00071,2025-02,2025,2,Riyadh,Religious,Europe,Furnished Apartment,2,1278.15,3
V00072,2024-12,2024,12,Madinah,Family,GCC,Other,4,658.73,5
V00073,2024-12,2024,12,Jeddah,Events,GCC,Furnished Apartment,5,2170.6,3
V00074,2022-10,2022,10,Jeddah,Events,Domestic,Hotel,4,1121.03,4
V00075,2024-01,2024,1,Riyadh,Leisure,Europe,Other,3,602.36,2
V00076,2024-08,2024,8,Jeddah,Family,Domestic,Furnished Apartment,6,2042.43,5
V00077,2022-08,2022,8,AlUla,Religious,Domestic,Hotel,3,1240.85,4
V00078,2024-05,2024,5,Madinah,Leisure,Domestic,Hotel,2,975.59,4
V00079,2023-01,2023,1,Makkah,Family,GCC,Hotel,3,1371.0,2
V00080,2023-04,2023,4,AlUla,Family,Europe,Hotel,2,642.89,2
V00081,2024-10,2024,10,Jeddah,Religious,Asia,Resort,1,274.38,4
V00082,2024-12,2024,12,Riyadh,Family,Domestic,Hotel,4,1644.03,2
V00083,2023-08,2023,8,Jeddah,Leisure,Domestic,Resort,2,805.45,3
V00084,2024-02,2024,2,Makkah,Religious,Domestic,Hotel,1,366.86,1
V00085,2023-08,2023,8,Makkah,Family,Asia,Hotel,3,1188.09,2
V00086,2024-06,2024,6,AlUla,Leisure,Asia,Hotel,3,973.17,5
V00087,2022-12,2022,12,AlUla,Business,Asia,Hotel,1,201.61,1
V00088,2023-06,2023,6,Makkah,Leisure,Asia,Hotel,4,1627.06,1
V00089,2023-05,2023,5,Madinah,Religious,Asia,Hotel,3,1478.63,3
V00090,2024-06,2024,6,Dammam,Leisure,GCC,Other,1,254.55,2
V00091,2024-11,2024,11,Makkah,Family,Domestic,Hotel,3,957.12,4
V00092,2025-03,2025,3,Dammam,Family,Asia,Hotel,5,762.3,4
V00093,2025-08,2025,8,Riyadh,Family,Asia,Hotel,3,724.79,4
V00094,2023-02,2023,2,Jeddah,Leisure,Asia,Resort,3,922.23,4
V00095,2022-09,2022,9,Makkah,Religious,Europe,Hotel,3,1146.15,2
V00096,2024-08,2024,8,Madinah,Events,Other,Hotel,1,168.29,1
V00097,2025-01,2025,1,Abha,Leisure,Asia,Other,3,937.13,4
V00098,2025-05,2025,5,Riyadh,Business,Domestic,Furnished Apartment,1,181.09,1
V00099,2023-05,2023,5,Abha,Leisure,Domestic,Furnished Apartment,5,1710.47,2
V00100,2022-01,2022,1,Makkah,Leisure,Domestic,Resort,3,552.44,3
V00101,2025-03,2025,3,Makkah,Leisure,Asia,Hotel,2,850.39,5
V00102,2023-08,2023,8,Makkah,Family,Domestic,Furnished Apartment,3,582.57,4
V00103,2024-04,2024,4,Jeddah,Events,GCC,Hotel,4,1373.52,3
V00104,2022-08,2022,8,Jeddah,Religious,Asia,Hotel,5,1400.88,3
V00105,2025-07,2025,7,AlUla,Events,Domestic,Furnished Apartment,1,427.5,5
V00106,2022-08,2022,8,AlUla,Religious,Europe,Hotel,3,1312.58,4
V00107,2022-06,2022,6,AlUla,Religious,Europe,Hotel,3,1927.51,1
V00108,2022-08,2022,8,Dammam,Business,Domestic,Furnished Apartment,4,1216.45,3
V00109,2024-08,2024,8,Riyadh,Family,Domestic,Furnished Apartment,3,578.56,2
V00110,2022-04,2022,4,Abha,Events,Asia,Furnished Apartment,3,586.32,3
V00111,2024-09,2024,9,Riyadh,Family,Domestic,Hotel,3,803.68,2
V00112,2022-06,2022,6,Madinah,Religious,Asia,Hotel,3,932.23,2
V00113,2023-10,2023,10,Dammam,Religious,Domestic,Hotel,4,740.89,4
V00114,2024-10,2024,10,Makkah,Religious,Asia,Hotel,4,1469.3,5
V00115,2025-08,2025,8,Makkah,Events,Domestic,Hotel,1,390.21,1
V00116,2023-08,2023,8,Jeddah,Family,Domestic,Furnished Apartment,5,1875.04,1
V00117,2025-02,2025,2,Makkah,Leisure,Domestic,Resort,4,925.87,4
V00118,2023-01,2023,1,Dammam,Business,Europe,Hotel,3,585.26,2
V00119,2025-02,2025,2,Jeddah,Religious,Domestic,Hotel,5,1588.37,2
V00120,2025-02,2025,2,Jeddah,Family,Domestic,Resort,2,937.54,1
V00121,2024-04,2024,4,Riyadh,Events,Asia,Resort,4,994.13,5
V00122,2024-12,2024,12,Riyadh,Leisure,Domestic,Hotel,2,628.14,3
V00123,2024-11,2024,11,Jeddah,Family,GCC,Other,2,538.28,5
V00124,2024-06,2024,6,Makkah,Leisure,GCC,Hotel,4,1522.36,5
V00125,2022-03,2022,3,Makkah,Family,Domestic,Hotel,2,937.47,1
V00126,2023-07,2023,7,Dammam,Religious,GCC,Furnished Apartment,3,1112.87,5
V00127,2022-04,2022,4,Madinah,Religious,Asia,Hotel,3,1483.03,1
V00128,2023-06,2023,6,Makkah,Religious,Domestic,Other,1,246.89,5
V00129,2024-11,2024,11,Jeddah,Business,Domestic,Hotel,3,455.78,3
V00130,2023-08,2023,8,Riyadh,Religious,Asia,Furnished Apartment,1,350.22,3
V00131,2025-05,2025,5,Makkah,Leisure,Domestic,Hotel,3,1367.93,3
V00132,2023-07,2023,7,Makkah,Religious,Domestic,Resort,1,405.45,5
V00133,2022-12,2022,12,Madinah,Religious,Other,Furnished Apartment,4,602.95,1
V00134,2023-08,2023,8,Madinah,Religious,GCC,Hotel,4,1116.67,4
V00135,2025-04,2025,4,AlUla,Leisure,Domestic,Furnished Apartment,4,1536.0,2
V00136,2022-11,2022,11,Madinah,Religious,Domestic,Hotel,3,612.04,3
V00137,2022-02,2022,2,Makkah,Family,Asia,Hotel,3,921.3,2
V00138,2025-01,2025,1,Riyadh,Religious,Domestic,Furnished Apartment,6,2431.26,4
V00139,2023-09,2023,9,Madinah,Religious,Domestic,Resort,5,1531.23,3
V00140,2022-03,2022,3,Dammam,Events,Domestic,Furnished Apartment,2,523.21,2
V00141,2024-12,2024,12,Makkah,Religious,Domestic,Other,2,833.33,3
V00142,2024-05,2024,5,Makkah,Religious,Domestic,Furnished Apartment,3,1281.31,1
V00143,2025-02,2025,2,Dammam,Religious,Europe,Hotel,5,1214.46,2
V00144,2022-05,2022,5,Jeddah,Events,GCC,Hotel,6,1185.16,3
V00145,2024-03,2024,3,Riyadh,Leisure,Asia,Hotel,1,465.03,2
V00146,2025-01,2025,1,Makkah,Religious,GCC,Furnished Apartment,2,361.74,4
V00147,2023-05,2023,5,Makkah,Religious,Domestic,Resort,6,2499.99,3
V00148,2022-03,2022,3,Jeddah,Leisure,Domestic,Hotel,6,1021.06,4
V00149,2023-09,2023,9,Abha,Religious,Domestic,Furnished Apartment,1,305.42,3
V00150,2024-12,2024,12,Makkah,Events,GCC,Furnished Apartment,3,1047.85,5
V00151,2025-03,2025,3,Makkah,Religious,GCC,Resort,3,1010.06,5
V00152,2022-11,2022,11,Makkah,Leisure,GCC,Other,4,648.25,3
V00153,2023-07,2023,7,Makkah,Leisure,GCC,Furnished Apartment,3,998.57,3
V00154,2022-11,2022,11,Dammam,Religious,Asia,Hotel,1,463.06,4
V00155,2022-04,2022,4,AlUla,Religious,Other,Hotel,1,234.13,3
V00156,2022-05,2022,5,Makkah,Business,Domestic,Furnished Apartment,4,1267.58,3
V00157,2022-03,2022,3,Madinah,Religious,Domestic,Other,2,447.49,3
V00158,2023-07,2023,7,Jeddah,Events,Domestic,Hotel,4,603.24,4
V00159,2024-01,2024,1,Madinah,Religious,Other,Furnished Apartment,4,1838.19,1
V00160,2024-10,2024,10,Riyadh,Religious,Domestic,Hotel,4,692.41,3
V00161,2023-02,2023,2,AlUla,Events,Domestic,Hotel,3,764.54,2
V00162,2025-06,2025,6,Jeddah,Religious,Domestic,Furnished Apartment,4,1594.15,4
V00163,2024-10,2024,10,Jeddah,Family,Europe,Hotel,4,1365.12,1
V00164,2023-05,2023,5,Madinah,Events,Domestic,Hotel,3,1130.21,1
V00165,2023-11,2023,11,Dammam,Religious,Asia,Hotel,6,2005.18,4
V00166,2023-12,2023,12,Jeddah,Religious,Domestic,Furnished Apartment,4,1883.51,4
V00167,2024-07,2024,7,Jeddah,Leisure,GCC,Furnished Apartment,2,493.32,2
V00168,2022-08,2022,8,Riyadh,Leisure,Asia,Hotel,3,782.08,1
V00169,2025-07,2025,7,Jeddah,Family,Domestic,Other,3,905.51,4
V00170,2025-01,2025,1,Riyadh,Leisure,GCC,Resort,3,1426.68,2
V00171,2023-11,2023,11,Jeddah,Family,Domestic,Other,2,773.28,1
V00172,2023-09,2023,9,Makkah,Business,Domestic,Hotel,2,649.0,1
V00173,2024-11,2024,11,Makkah,Religious,Domestic,Hotel,5,2238.11,1
V00174,2025-02,2025,2,Makkah,Religious,Asia,Hotel,3,1088.14,4
V00175,2023-06,2023,6,Madinah,Religious,Asia,Hotel,7,1259.09,5
V00176,2022-10,2022,10,Makkah,Leisure,Domestic,Resort,2,937.75,1
V00177,2024-12,2024,12,Abha,Leisure,Asia,Furnished Apartment,4,973.35,1
V00178,2024-12,2024,12,Riyadh,Religious,Asia,Hotel,3,927.66,1
V00179,2025-04,2025,4,Riyadh,Family,GCC,Hotel,3,836.12,5
V00180,2024-01,2024,1,AlUla,Religious,Domestic,Hotel,2,560.22,3
V00181,2024-12,2024,12,Makkah,Family,GCC,Hotel,4,1007.6,3
V00182,2022-04,2022,4,Dammam,Business,Other,Hotel,5,1805.76,4
V00183,2023-11,2023,11,Madinah,Business,Domestic,Furnished Apartment,6,2253.64,1
V00184,2023-05,2023,5,Jeddah,Leisure,Domestic,Resort,4,1471.38,5
V00185,2023-07,2023,7,Riyadh,Family,GCC,Hotel,5,1204.83,4
V00186,2025-02,2025,2,Jeddah,Religious,Europe,Hotel,1,517.01,1
V00187,2022-05,2022,5,Makkah,Religious,Domestic,Other,5,1369.97,5
V00188,2022-06,2022,6,Jeddah,Family,GCC,Hotel,2,682.6,3
V00189,2024-06,2024,6,Dammam,Religious,Europe,Furnished Apartment,2,1295.43,4
V00190,2025-08,2025,8,Abha,Leisure,Other,Furnished Apartment,4,1992.75,2
V00191,2022-12,2022,12,Jeddah,Religious,GCC,Hotel,3,1480.24,3
V00192,2024-05,2024,5,Dammam,Events,Other,Other,2,665.02,5
V00193,2025-06,2025,6,Makkah,Religious,GCC,Resort,2,695.56,4
V00194,2022-09,2022,9,Dammam,Family,Domestic,Resort,4,1372.79,5
V00195,2023-12,2023,12,AlUla,Leisure,GCC,Hotel,2,472.07,4
V00196,2023-01,2023,1,Riyadh,Family,Domestic,Other,4,1986.12,1
V00197,2024-08,2024,8,Makkah,Religious,Domestic,Other,1,367.71,5
V00198,2023-08,2023,8,Madinah,Religious,Europe,Other,2,1188.39,2
V00199,2022-11,2022,11,AlUla,Leisure,Other,Hotel,4,914.85,3
V00200,2023-09,2023,9,Makkah,Religious,Domestic,Other,2,925.87,5
V00201,2023-09,2023,9,AlUla,Family,Europe,Hotel,1,311.17,4
V00202,2024-03,2024,3,Riyadh,Events,GCC,Resort,3,879.88,5
V00203,2024-12,2024,12,Madinah,Family,Domestic,Hotel,3,746.6,5
V00204,2024-07,2024,7,Riyadh,Family,Domestic,Furnished Apartment,5,1478.99,5
V00205,2022-10,2022,10,Jeddah,Leisure,Domestic,Hotel,4,672.66,4
V00206,2025-02,2025,2,Madinah,Religious,Asia,Resort,3,1090.11,5
V00207,2024-01,2024,1,Jeddah,Leisure,Domestic,Furnished Apartment,1,416.87,1
V00208,2023-04,2023,4,Riyadh,Religious,Asia,Resort,2,417.12,1
V00209,2023-05,2023,5,Abha,Leisure,Domestic,Resort,1,400.05,1
V00210,2022-01,2022,1,Madinah,Leisure,Domestic,Hotel,4,822.64,3
V00211,2022-06,2022,6,Abha,Business,Asia,Hotel,2,864.95,5
V00212,2022-06,2022,6,Jeddah,Events,Europe,Furnished Apartment,4,2056.13,5
V00213,2022-01,2022,1,Jeddah,Religious,GCC,Resort,4,622.49,3
V00214,2025-04,2025,4,AlUla,Business,Europe,Furnished Apartment,3,718.11,5
V00215,2023-07,2023,7,Madinah,Religious,Domestic,Other,3,574.42,3
V00216,2023-07,2023,7,Makkah,Leisure,Domestic,Hotel,1,258.43,3
V00217,2025-01,2025,1,Riyadh,Religious,Other,Hotel,1,206.99,4
V00218,2022-11,2022,11,Jeddah,Religious,Other,Resort,4,1202.76,5
V00219,2024-09,2024,9,Jeddah,Religious,Asia,Other,2,561.74,5
V00220,2023-08,2023,8,Madinah,Religious,Domestic,Hotel,3,1238.49,5
V00221,2023-12,2023,12,Jeddah,Religious,Other,Other,3,638.33,5
V00222,2024-04,2024,4,Makkah,Family,Domestic,Hotel,2,542.57,3
V00223,2022-03,2022,3,Jeddah,Religious,Domestic,Furnished Apartment,4,1955.95,3
V00224,2024-05,2024,5,Abha,Leisure,Domestic,Hotel,1,393.53,3
V00225,2022-02,2022,2,Jeddah,Leisure,Other,Furnished Apartment,4,1589.28,1
V00226,2024-12,2024,12,Jeddah,Leisure,Domestic,Hotel,1,190.97,5
V00227,2023-03,2023,3,Jeddah,Events,Domestic,Hotel,4,1122.98,1
V00228,2022-04,2022,4,Abha,Religious,Other,Furnished Apartment,5,1135.85,2
V00229,2024-08,2024,8,Madinah,Religious,Domestic,Other,2,823.87,4
V00230,2023-03,2023,3,AlUla,Religious,Domestic,Hotel,3,1496.08,3
V00231,2025-05,2025,5,Jeddah,Business,Domestic,Hotel,3,1225.66,1
V00232,2022-05,2022,5,Riyadh,Events,Domestic,Hotel,3,896.01,1
V00233,2022-11,2022,11,Madinah,Religious,Europe,Resort,3,971.71,3
V00234,2022-10,2022,10,Makkah,Leisure,Domestic,Hotel,1,419.76,5
V00235,2022-06,2022,6,AlUla,Religious,Europe,Resort,4,1941.08,4
V00236,2025-07,2025,7,Abha,Leisure,Asia,Hotel,3,757.0,1
V00237,2023-01,2023,1,Jeddah,Religious,Domestic,Resort,4,747.55,2
V00238,2022-01,2022,1,Abha,Leisure,GCC,Other,3,1275.85,2
V00239,2022-07,2022,7,Madinah,Religious,Asia,Furnished Apartment,6,1435.25,2
V00240,2023-12,2023,12,AlUla,Religious,Europe,Hotel,1,628.53,2
V00241,2025-06,2025,6,Jeddah,Leisure,Domestic,Resort,2,665.12,1
V00242,2022-12,2022,12,Dammam,Family,Domestic,Hotel,5,1818.46,5
V00243,2023-11,2023,11,Riyadh,Business,Domestic,Hotel,3,619.43,1
V00244,2025-07,2025,7,Madinah,Religious,GCC,Hotel,6,2122.5,2
V00245,2024-04,2024,4,Jeddah,Leisure,Domestic,Furnished Apartment,2,824.57,3
V00246,2022-09,2022,9,Makkah,Religious,Asia,Hotel,1,395.75,2
V00247,2024-10,2024,10,Makkah,Family,GCC,Hotel,3,573.06,2
V00248,2023-05,2023,5,Jeddah,Religious,Europe,Furnished Apartment,2,575.93,5
V00249,2022-01,2022,1,Riyadh,Family,Domestic,Furnished Apartment,7,2589.64,4
V00250,2023-04,2023,4,Riyadh,Business,GCC,Resort,1,442.64,1
V00251,2025-08,2025,8,Jeddah,Family,GCC,Hotel,4,1835.58,5
V00252,2024-06,2024,6,Madinah,Religious,Domestic,Hotel,3,494.08,1
V00253,2025-04,2025,4,Abha,Leisure,GCC,Hotel,3,1294.01,5
V00254,2025-06,2025,6,Jeddah,Leisure,Domestic,Hotel,2,560.77,4
V00255,2022-11,2022,11,Madinah,Religious,Domestic,Resort,3,455.58,5
V00256,2023-03,2023,3,Riyadh,Business,Domestic,Furnished Apartment,6,2050.87,2
V00257,2023-05,2023,5,Riyadh,Leisure,Asia,Hotel,5,1357.18,2
V00258,2023-05,2023,5,Jeddah,Business,Domestic,Resort,1,421.01,5
V00259,2023-10,2023,10,AlUla,Religious,Domestic,Hotel,2,711.95,5
V00260,2022-02,2022,2,Makkah,Family,Domestic,Furnished Apartment,5,884.7,4
V00261,2024-02,2024,2,Makkah,Religious,GCC,Hotel,6,2471.29,5
V00262,2024-08,2024,8,Jeddah,Business,Domestic,Hotel,4,1433.42,5
V00263,2023-03,2023,3,Dammam,Religious,Other,Hotel,4,1646.97,1
V00264,2025-01,2025,1,Jeddah,Leisure,Europe,Furnished Apartment,4,1222.98,2
V00265,2022-06,2022,6,Makkah,Leisure,Asia,Furnished Apartment,6,1098.09,1
V00266,2025-02,2025,2,Riyadh,Events,Domestic,Resort,2,823.73,2
V00267,2022-03,2022,3,Abha,Leisure,Domestic,Hotel,1,157.85,3
V00268,2022-11,2022,11,Riyadh,Leisure,Domestic,Hotel,3,466.53,2
V00269,2024-08,2024,8,Jeddah,Leisure,GCC,Hotel,1,286.71,5
V00270,2023-07,2023,7,Makkah,Religious,Domestic,Other,1,358.9,2
V00271,2024-04,2024,4,Makkah,Leisure,Other,Furnished Apartment,5,2001.43,3
V00272,2024-08,2024,8,Makkah,Business,Domestic,Hotel,4,1918.37,5
V00273,2023-11,2023,11,Madinah,Business,Domestic,Hotel,4,1439.02,4
V00274,2023-10,2023,10,Makkah,Business,Domestic,Resort,1,156.7,3
V00275,2025-07,2025,7,Makkah,Religious,Europe,Furnished Apartment,4,2384.54,1
V00276,2025-02,2025,2,Madinah,Leisure,Domestic,Furnished Apartment,3,1073.79,5
V00277,2025-04,2025,4,Jeddah,Events,GCC,Furnished Apartment,4,1435.49,3
V00278,2024-03,2024,3,Madinah,Religious,Other,Resort,1,160.51,1
V00279,2022-08,2022,8,Abha,Family,Domestic,Furnished Apartment,2,577.17,2
V00280,2024-06,2024,6,Jeddah,Religious,Asia,Hotel,1,295.68,3
V00281,2023-08,2023,8,Riyadh,Events,Domestic,Hotel,5,2474.28,4
V00282,2023-11,2023,11,AlUla,Religious,Domestic,Hotel,1,231.38,4
V00283,2024-12,2024,12,Madinah,Religious,Asia,Hotel,2,905.26,2
V00284,2024-07,2024,7,Jeddah,Religious,Asia,Furnished Apartment,2,396.0,3
V00285,2025-08,2025,8,Jeddah,Religious,Domestic,Hotel,1,437.83,2
V00286,2022-09,2022,9,Jeddah,Religious,GCC,Furnished Apartment,2,994.24,2
V00287,2023-03,2023,3,Riyadh,Leisure,GCC,Furnished Apartment,3,944.41,4
V00288,2025-08,2025,8,Madinah,Religious,Asia,Furnished Apartment,2,386.26,3
V00289,2024-01,2024,1,Makkah,Family,Asia,Resort,6,1977.08,4
V00290,2025-03,2025,3,Abha,Family,Domestic,Resort,3,588.24,5
V00291,2024-06,2024,6,Dammam,Religious,Domestic,Furnished Apartment,3,1055.44,1
V00292,2022-06,2022,6,Makkah,Religious,Domestic,Resort,4,1379.5,5
V00293,2024-01,2024,1,Riyadh,Leisure,GCC,Furnished Apartment,7,2891.61,2
V00294,2023-08,2023,8,Makkah,Religious,GCC,Hotel,4,879.31,2
V00295,2024-03,2024,3,Riyadh,Religious,Domestic,Hotel,3,941.47,1
V00296,2023-04,2023,4,Madinah,Family,Asia,Hotel,3,1431.93,2
V00297,2023-01,2023,1,Madinah,Religious,GCC,Resort,4,1255.66,5
V00298,2023-11,2023,11,Madinah,Leisure,Europe,Resort,1,648.36,3
V00299,2024-10,2024,10,Jeddah,Religious,GCC,Other,3,648.6,4
V00300,2022-01,2022,1,Madinah,Religious,GCC,Hotel,3,1134.09,2
V00301,2024-05,2024,5,Dammam,Family,Europe,Hotel,1,535.99,1
V00302,2024-11,2024,11,Makkah,Religious,Domestic,Furnished Apartment,1,164.52,3
V00303,2023-05,2023,5,Madinah,Religious,GCC,Other,3,817.93,4
V00304,2023-01,2023,1,Riyadh,Business,Asia,Other,7,2575.59,2
V00305,2024-11,2024,11,Riyadh,Religious,Europe,Hotel,3,1866.73,4
V00306,2024-03,2024,3,Riyadh,Leisure,GCC,Other,3,608.0,1
V00307,2024-10,2024,10,Jeddah,Leisure,Domestic,Hotel,3,736.69,5
V00308,2022-03,2022,3,AlUla,Leisure,Domestic,Furnished Apartment,4,897.43,2
V00309,2024-10,2024,10,Dammam,Religious,Asia,Hotel,1,187.47,2
V00310,2024-06,2024,6,Abha,Business,Europe,Hotel,1,569.24,5
V00311,2024-09,2024,9,Riyadh,Business,Other,Furnished Apartment,4,1485.13,2
V00312,2022-05,2022,5,Makkah,Religious,Domestic,Hotel,2,706.99,3
V00313,2023-10,2023,10,Makkah,Religious,GCC,Hotel,4,738.23,5
V00314,2025-02,2025,2,Jeddah,Leisure,GCC,Hotel,2,817.21,3
V00315,2024-04,2024,4,Jeddah,Family,Asia,Hotel,4,944.74,1
V00316,2025-03,2025,3,Abha,Religious,Domestic,Hotel,5,838.11,4
V00317,2022-01,2022,1,Makkah,Leisure,Domestic,Resort,1,438.24,3
V00318,2023-04,2023,4,Makkah,Religious,Domestic,Hotel,5,898.2,5
V00319,2022-06,2022,6,Madinah,Religious,GCC,Hotel,4,986.06,4
V00320,2022-06,2022,6,Madinah,Religious,GCC,Hotel,4,1911.95,3
V00321,2023-06,2023,6,Jeddah,Events,Europe,Resort,2,856.19,4
V00322,2024-11,2024,11,Riyadh,Religious,GCC,Resort,2,582.25,5
V00323,2023-05,2023,5,Dammam,Events,Domestic,Hotel,3,1014.67,4
V00324,2025-04,2025,4,Riyadh,Family,Domestic,Hotel,5,1483.57,5
V00325,2022-02,2022,2,Makkah,Leisure,Asia,Hotel,3,1111.31,2
V00326,2025-02,2025,2,Makkah,Religious,Asia,Hotel,4,1754.26,5
V00327,2024-06,2024,6,Makkah,Religious,Domestic,Hotel,3,1336.42,1
V00328,2025-01,2025,1,Dammam,Leisure,Europe,Resort,3,1348.59,3
V00329,2023-05,2023,5,Madinah,Religious,Domestic,Hotel,3,912.6,3
V00330,2023-01,2023,1,Abha,Leisure,GCC,Furnished Apartment,3,1142.48,1
V00331,2025-05,2025,5,Jeddah,Leisure,Europe,Resort,3,1836.63,2
V00332,2024-01,2024,1,AlUla,Business,Asia,Resort,1,269.19,1
V00333,2023-02,2023,2,Riyadh,Religious,Domestic,Hotel,4,1927.55,1
V00334,2022-02,2022,2,Abha,Religious,Domestic,Furnished Apartment,2,327.57,2
V00335,2024-11,2024,11,Riyadh,Business,Domestic,Furnished Apartment,2,328.18,5
V00336,2022-04,2022,4,Abha,Religious,Domestic,Hotel,5,1991.52,4
V00337,2022-12,2022,12,Makkah,Religious,Domestic,Hotel,2,362.94,5
V00338,2022-12,2022,12,Jeddah,Leisure,Domestic,Resort,3,1145.94,5
V00339,2025-01,2025,1,Madinah,Religious,GCC,Other,2,507.47,5
V00340,2023-08,2023,8,Madinah,Religious,Domestic,Resort,2,419.91,5
V00341,2023-07,2023,7,Madinah,Leisure,Domestic,Hotel,1,293.96,1
V00342,2023-08,2023,8,Madinah,Religious,Domestic,Hotel,2,816.57,2
V00343,2022-04,2022,4,Jeddah,Leisure,Other,Hotel,4,1812.54,5
V00344,2024-08,2024,8,Madinah,Religious,Domestic,Resort,6,2084.89,5
V00345,2024-07,2024,7,Madinah,Family,Asia,Resort,4,954.24,4
V00346,2023-07,2023,7,Riyadh,Events,Asia,Hotel,2,892.82,2
V00347,2024-03,2024,3,Madinah,Business,GCC,Hotel,1,419.0,4
V00348,2025-06,2025,6,Jeddah,Business,Asia,Hotel,2,453.1,5
V00349,2023-10,2023,10,Riyadh,Business,Domestic,Hotel,1,194.24,2
V00350,2024-08,2024,8,AlUla,Family,GCC,Furnished Apartment,6,2532.66,4
V00351,2023-12,2023,12,Makkah,Business,Domestic,Hotel,4,832.26,5
V00352,2022-10,2022,10,Makkah,Religious,Asia,Hotel,5,2260.27,4
V00353,2024-12,2024,12,Madinah,Family,GCC,Furnished Apartment,4,1460.28,5
V00354,2023-04,2023,4,Jeddah,Business,GCC,Hotel,2,715.42,4
V00355,2023-04,2023,4,Dammam,Family,Domestic,Hotel,3,1420.47,4
V00356,2024-10,2024,10,Jeddah,Family,GCC,Hotel,3,752.66,3
V00357,2024-09,2024,9,Riyadh,Religious,GCC,Furnished Apartment,5,1422.07,5
V00358,2024-03,2024,3,Jeddah,Leisure,Domestic,Hotel,3,551.48,3
V00359,2024-05,2024,5,Riyadh,Leisure,Europe,Hotel,1,411.79,2
V00360,2024-05,2024,5,Dammam,Business,Asia,Furnished Apartment,2,555.27,5
V00361,2024-03,2024,3,Riyadh,Religious,Domestic,Hotel,3,1494.42,3
V00362,2023-01,2023,1,Madinah,Religious,GCC,Hotel,5,2143.89,4
V00363,2022-08,2022,8,Abha,Leisure,GCC,Hotel,5,900.56,3
V00364,2022-12,2022,12,Makkah,Religious,Domestic,Furnished Apartment,6,2858.34,3
V00365,2022-06,2022,6,Jeddah,Religious,GCC,Furnished Apartment,5,1388.44,5
V00366,2022-04,2022,4,Jeddah,Business,GCC,Other,4,1102.07,5
V00367,2023-12,2023,12,Abha,Events,Europe,Hotel,4,2010.51,4
V00368,2025-05,2025,5,Jeddah,Leisure,GCC,Hotel,3,1467.79,5
V00369,2023-07,2023,7,Riyadh,Leisure,Domestic,Other,2,379.9,5
V00370,2023-03,2023,3,Makkah,Religious,GCC,Hotel,3,1097.25,2
V00371,2025-02,2025,2,Makkah,Religious,Domestic,Furnished Apartment,2,483.73,2
V00372,2025-02,2025,2,Dammam,Religious,Domestic,Hotel,2,772.93,4
V00373,2025-07,2025,7,Madinah,Religious,Domestic,Furnished Apartment,2,670.98,1
V00374,2023-06,2023,6,Riyadh,Family,GCC,Hotel,1,454.48,5
V00375,2023-05,2023,5,Makkah,Religious,GCC,Other,2,853.99,4
V00376,2023-06,2023,6,Jeddah,Leisure,Asia,Other,1,263.08,2
V00377,2022-06,2022,6,Madinah,Religious,GCC,Hotel,4,1541.15,5
V00378,2022-12,2022,12,Abha,Leisure,Other,Resort,3,540.44,1
V00379,2025-07,2025,7,Riyadh,Religious,GCC,Other,2,719.62,4
V00380,2025-02,2025,2,Jeddah,Religious,Domestic,Resort,3,1311.51,2
V00381,2022-04,2022,4,Makkah,Family,Asia,Hotel,5,1797.49,4
V00382,2024-08,2024,8,Jeddah,Business,GCC,Hotel,4,858.77,5
V00383,2025-06,2025,6,Jeddah,Family,GCC,Hotel,5,771.6,2
V00384,2024-04,2024,4,Jeddah,Business,Domestic,Other,1,449.18,3
V00385,2022-08,2022,8,Jeddah,Leisure,GCC,Hotel,5,2490.52,5
V00386,2022-07,2022,7,Riyadh,Leisure,Domestic,Furnished Apartment,7,2376.11,1
V00387,2022-10,2022,10,Abha,Family,Domestic,Other,1,275.35,5
V00388,2025-07,2025,7,Riyadh,Events,Domestic,Furnished Apartment,3,750.2,1
V00389,2024-04,2024,4,Madinah,Religious,Domestic,Hotel,3,1215.09,5
V00390,2023-01,2023,1,Riyadh,Leisure,GCC,Furnished Apartment,4,890.9,5
V00391,2022-12,2022,12,Riyadh,Religious,Domestic,Hotel,4,1762.87,1
V00392,2022-01,2022,1,Makkah,Religious,Asia,Furnished Apartment,2,533.93,4
V00393,2024-09,2024,9,Dammam,Family,Europe,Hotel,3,776.08,5
V00394,2023-11,2023,11,Madinah,Leisure,Asia,Hotel,2,995.86,5
V00395,2024-02,2024,2,Dammam,Events,Domestic,Hotel,5,1596.65,5
V00396,2025-07,2025,7,Makkah,Leisure,Domestic,Hotel,1,260.25,3
V00397,2025-04,2025,4,Jeddah,Religious,Domestic,Hotel,1,410.66,5
V00398,2024-02,2024,2,Makkah,Religious,Domestic,Hotel,5,2345.93,4
V00399,2025-05,2025,5,Jeddah,Religious,Domestic,Hotel,3,545.87,2
V00400,2025-04,2025,4,Riyadh,Religious,Domestic,Furnished Apartment,3,482.48,4
V00401,2023-12,2023,12,Makkah,Religious,Domestic,Furnished Apartment,3,1385.19,3
V00402,2023-11,2023,11,Makkah,Family,GCC,Hotel,5,1066.37,4
V00403,2025-04,2025,4,Jeddah,Religious,GCC,Hotel,1,365.4,2
V00404,2022-10,2022,10,Makkah,Religious,Domestic,Hotel,6,2604.92,1
V00405,2022-09,2022,9,Jeddah,Leisure,Domestic,Resort,6,2291.39,2
V00406,2024-05,2024,5,Abha,Events,Asia,Resort,4,1002.11,1
V00407,2024-06,2024,6,Jeddah,Leisure,Domestic,Hotel,3,1158.64,1
V00408,2022-07,2022,7,Jeddah,Religious,Domestic,Furnished Apartment,5,2458.98,5
V00409,2023-02,2023,2,Makkah,Religious,Domestic,Other,2,427.72,2
V00410,2025-03,2025,3,Madinah,Religious,Domestic,Hotel,3,666.91,5
V00411,2023-07,2023,7,Makkah,Leisure,Europe,Hotel,4,2227.01,3
V00412,2023-02,2023,2,Jeddah,Events,Domestic,Hotel,4,1074.94,3
V00413,2022-08,2022,8,Riyadh,Business,GCC,Resort,4,1819.84,4
V00414,2024-01,2024,1,Dammam,Leisure,Europe,Hotel,3,1032.94,3
V00415,2024-02,2024,2,Jeddah,Religious,Domestic,Hotel,2,777.86,3
V00416,2022-08,2022,8,Dammam,Religious,Asia,Other,3,1293.41,5
V00417,2022-08,2022,8,Madinah,Leisure,Domestic,Resort,3,949.25,4
V00418,2023-11,2023,11,Riyadh,Family,GCC,Furnished Apartment,3,648.66,1
V00419,2023-05,2023,5,Makkah,Family,Asia,Resort,5,1385.22,4
V00420,2023-11,2023,11,Madinah,Religious,Domestic,Resort,5,1362.14,3
V00421,2023-01,2023,1,Jeddah,Family,Domestic,Hotel,4,1116.79,1
V00422,2024-05,2024,5,Makkah,Religious,GCC,Hotel,3,983.15,3
V00423,2022-02,2022,2,Riyadh,Business,GCC,Hotel,1,424.77,2
V00424,2025-07,2025,7,Makkah,Leisure,GCC,Furnished Apartment,1,262.3,1
V00425,2022-05,2022,5,Jeddah,Leisure,Domestic,Hotel,2,903.45,3
V00426,2024-12,2024,12,Makkah,Religious,Asia,Resort,7,2845.51,1
V00427,2024-09,2024,9,Madinah,Religious,Domestic,Furnished Apartment,4,928.3,4
V00428,2022-06,2022,6,Riyadh,Leisure,Asia,Furnished Apartment,5,1230.39,2
V00429,2023-01,2023,1,Madinah,Business,Europe,Furnished Apartment,4,837.73,4
V00430,2022-03,2022,3,AlUla,Religious,GCC,Resort,5,1239.03,4
V00431,2025-07,2025,7,Jeddah,Religious,Europe,Hotel,3,751.37,4
V00432,2023-12,2023,12,Riyadh,Events,Other,Furnished Apartment,3,593.87,3
V00433,2023-10,2023,10,Makkah,Religious,Domestic,Other,1,187.38,2
V00434,2023-05,2023,5,Jeddah,Business,Europe,Furnished Apartment,3,1835.08,3
V00435,2025-08,2025,8,Riyadh,Family,Domestic,Hotel,3,1224.77,3
V00436,2025-04,2025,4,Jeddah,Leisure,Europe,Hotel,1,423.62,3
V00437,2023-11,2023,11,Abha,Business,GCC,Furnished Apartment,2,714.55,2
V00438,2023-05,2023,5,Makkah,Family,GCC,Furnished Apartment,5,1022.6,3
V00439,2023-06,2023,6,Jeddah,Leisure,Other,Furnished Apartment,2,978.73,4
V00440,2024-03,2024,3,Abha,Leisure,Asia,Other,2,376.08,5
V00441,2024-02,2024,2,AlUla,Business,GCC,Resort,5,2055.01,2
V00442,2025-07,2025,7,Riyadh,Religious,Domestic,Hotel,1,372.48,2
V00443,2024-10,2024,10,Madinah,Religious,Domestic,Other,3,1042.62,1
V00444,2024-08,2024,8,Makkah,Religious,GCC,Hotel,3,1290.99,4
V00445,2022-07,2022,7,Makkah,Religious,Domestic,Hotel,5,2019.25,5
V00446,2025-02,2025,2,Jeddah,Religious,Domestic,Hotel,3,1021.17,1
V00447,2022-02,2022,2,Makkah,Leisure,Domestic,Furnished Apartment,3,1060.64,5
V00448,2023-09,2023,9,Makkah,Religious,Europe,Hotel,2,1053.27,5
V00449,2023-06,2023,6,Jeddah,Family,Domestic,Furnished Apartment,3,1062.28,4
V00450,2022-09,2022,9,Jeddah,Religious,Domestic,Hotel,3,1366.26,2
V00451,2024-01,2024,1,Madinah,Leisure,Asia,Hotel,1,300.8,3
V00452,2025-07,2025,7,AlUla,Family,Other,Furnished Apartment,4,1707.8,4
V00453,2023-04,2023,4,Riyadh,Family,Domestic,Furnished Apartment,5,1562.36,4
V00454,2023-04,2023,4,Madinah,Religious,GCC,Hotel,1,319.64,4
V00455,2022-03,2022,3,Abha,Business,Other,Furnished Apartment,2,928.57,5
V00456,2023-02,2023,2,Jeddah,Religious,Domestic,Hotel,1,222.09,2
V00457,2025-06,2025,6,Abha,Leisure,Asia,Furnished Apartment,3,610.8,3
V00458,2022-12,2022,12,Madinah,Religious,Domestic,Furnished Apartment,5,2389.27,5
V00459,2024-12,2024,12,Riyadh,Religious,Asia,Resort,1,315.7,4
V00460,2024-03,2024,3,Dammam,Leisure,Domestic,Hotel,5,1940.67,3
V00461,2022-05,2022,5,Madinah,Religious,Domestic,Furnished Apartment,4,1801.11,3
V00462,2023-02,2023,2,Jeddah,Business,Domestic,Furnished Apartment,1,182.45,2
V00463,2023-05,2023,5,Riyadh,Religious,GCC,Hotel,6,1249.14,1
V00464,2022-04,2022,4,Madinah,Religious,Asia,Hotel,5,1071.62,3
V00465,2022-12,2022,12,Makkah,Religious,GCC,Hotel,4,860.09,4
V00466,2023-02,2023,2,Dammam,Family,Asia,Hotel,2,395.79,4
V00467,2023-12,2023,12,Makkah,Religious,Europe,Hotel,2,1165.51,1
V00468,2025-02,2025,2,Makkah,Leisure,GCC,Hotel,4,1459.86,1
V00469,2023-06,2023,6,Riyadh,Leisure,Europe,Resort,2,849.47,2
V00470,2024-02,2024,2,Makkah,Religious,Domestic,Furnished Apartment,2,568.02,1
V00471,2023-09,2023,9,Jeddah,Leisure,Domestic,Furnished Apartment,5,1355.84,5
V00472,2024-06,2024,6,Makkah,Leisure,Other,Resort,3,1468.58,5
V00473,2025-04,2025,4,Makkah,Family,Domestic,Hotel,2,418.83,2
V00474,2022-08,2022,8,Riyadh,Religious,Domestic,Hotel,2,344.72,3
V00475,2024-02,2024,2,Makkah,Leisure,Europe,Furnished Apartment,3,1759.81,5
V00476,2022-07,2022,7,Abha,Religious,Domestic,Resort,6,2121.62,5
V00477,2023-01,2023,1,Madinah,Family,Domestic,Resort,2,936.18,3
V00478,2023-03,2023,3,Jeddah,Family,GCC,Furnished Apartment,2,458.05,5
V00479,2023-11,2023,11,Jeddah,Religious,Domestic,Hotel,3,1257.51,5
V00480,2025-06,2025,6,Riyadh,Religious,Asia,Hotel,2,919.67,4
V00481,2022-05,2022,5,Dammam,Religious,Asia,Hotel,1,478.36,1
V00482,2022-07,2022,7,Madinah,Family,Domestic,Furnished Apartment,5,2146.5,5
V00483,2024-05,2024,5,Makkah,Religious,Other,Hotel,5,2459.08,4
V00484,2025-01,2025,1,Makkah,Religious,Other,Hotel,4,906.28,1
V00485,2023-02,2023,2,Makkah,Religious,Asia,Hotel,3,626.42,3
V00486,2024-03,2024,3,Dammam,Religious,Asia,Hotel,1,155.83,4
V00487,2022-09,2022,9,Madinah,Leisure,Domestic,Hotel,3,1237.85,3
V00488,2024-10,2024,10,Dammam,Religious,Domestic,Furnished Apartment,5,1688.27,3
V00489,2022-04,2022,4,Abha,Religious,GCC,Other,4,1809.1,4
V00490,2022-12,2022,12,Makkah,Religious,Domestic,Furnished Apartment,5,2196.31,4
V00491,2023-04,2023,4,Makkah,Religious,Europe,Hotel,2,507.45,4
V00492,2023-07,2023,7,Makkah,Religious,Domestic,Hotel,2,957.95,2
V00493,2024-08,2024,8,Makkah,Leisure,GCC,Hotel,2,429.01,1
V00494,2023-05,2023,5,AlUla,Leisure,GCC,Hotel,4,1448.26,3
V00495,2024-12,2024,12,Madinah,Leisure,GCC,Resort,3,1404.31,3
V00496,2023-09,2023,9,Abha,Leisure,Other,Furnished Apartment,1,167.68,1
V00497,2024-04,2024,4,Jeddah,Religious,Domestic,Hotel,4,1748.83,3
V00498,2024-01,2024,1,Makkah,Religious,Domestic,Hotel,5,902.19,3
V00499,2023-01,2023,1,Makkah,Family,Other,Other,4,1454.27,1
V00500,2023-05,2023,5,Riyadh,Religious,Asia,Hotel,6,2472.27,2
V00501,2022-07,2022,7,Makkah,Religious,Other,Hotel,3,1083.41,3
V00502,2023-12,2023,12,Madinah,Religious,GCC,Resort,5,1399.2,3
V00503,2023-11,2023,11,Makkah,Religious,Asia,Hotel,5,1758.86,4
V00504,2023-08,2023,8,Jeddah,Leisure,GCC,Hotel,3,723.89,4
V00505,2023-10,2023,10,Makkah,Events,Europe,Furnished Apartment,3,1769.79,2
V00506,2022-07,2022,7,Makkah,Religious,GCC,Hotel,1,401.36,3
V00507,2024-11,2024,11,Makkah,Religious,Europe,Hotel,4,1072.35,4
V00508,2025-02,2025,2,Riyadh,Family,Domestic,Hotel,3,1234.66,2
V00509,2022-05,2022,5,Madinah,Leisure,GCC,Resort,3,1123.08,1
V00510,2024-07,2024,7,Dammam,Religious,GCC,Hotel,5,763.59,5
V00511,2024-10,2024,10,Dammam,Leisure,Europe,Other,1,255.87,3
V00512,2022-12,2022,12,Makkah,Religious,Europe,Furnished Apartment,3,707.26,4
V00513,2022-06,2022,6,AlUla,Business,Domestic,Resort,1,453.18,3
V00514,2022-03,2022,3,Makkah,Religious,Domestic,Hotel,3,731.18,5
V00515,2022-04,2022,4,AlUla,Leisure,GCC,Other,2,744.94,5
V00516,2022-02,2022,2,Jeddah,Business,Asia,Resort,2,512.87,3
V00517,2022-12,2022,12,Madinah,Business,Domestic,Hotel,5,2351.42,5
V00518,2024-11,2024,11,Makkah,Religious,Europe,Furnished Apartment,5,2270.17,2
V00519,2022-03,2022,3,Riyadh,Leisure,GCC,Hotel,2,652.89,2
V00520,2023-04,2023,4,Makkah,Leisure,Europe,Hotel,2,1033.93,2
V00521,2023-10,2023,10,Madinah,Religious,GCC,Hotel,2,864.74,2
V00522,2025-02,2025,2,Riyadh,Family,GCC,Hotel,4,1015.15,3
V00523,2025-08,2025,8,AlUla,Leisure,Domestic,Furnished Apartment,1,187.35,5
V00524,2025-03,2025,3,Dammam,Business,Domestic,Hotel,6,1136.03,2
V00525,2025-02,2025,2,Makkah,Family,GCC,Resort,7,3334.25,2
V00526,2025-03,2025,3,Abha,Leisure,Domestic,Hotel,3,1427.21,2
V00527,2022-11,2022,11,Madinah,Family,Other,Furnished Apartment,5,974.61,1
V00528,2024-01,2024,1,AlUla,Business,Domestic,Hotel,5,919.78,5
V00529,2022-10,2022,10,Riyadh,Religious,GCC,Furnished Apartment,3,777.24,1
V00530,2022-06,2022,6,Dammam,Events,Asia,Furnished Apartment,4,1743.65,2
V00531,2025-02,2025,2,Jeddah,Leisure,Domestic,Hotel,2,308.34,5
V00532,2023-04,2023,4,Makkah,Leisure,Asia,Hotel,3,706.89,1
V00533,2022-11,2022,11,Makkah,Religious,Domestic,Furnished Apartment,4,634.98,2
V00534,2024-07,2024,7,Madinah,Religious,Asia,Furnished Apartment,1,413.59,4
V00535,2023-08,2023,8,Jeddah,Religious,Other,Hotel,2,667.81,5
V00536,2024-09,2024,9,Makkah,Religious,Other,Hotel,3,912.78,4
V00537,2024-04,2024,4,Madinah,Business,Asia,Resort,4,1028.14,3
V00538,2022-01,2022,1,Riyadh,Religious,Domestic,Furnished Apartment,1,265.0,2
V00539,2022-06,2022,6,AlUla,Leisure,Asia,Other,4,1296.12,4
V00540,2022-01,2022,1,Riyadh,Religious,Domestic,Hotel,5,2419.39,3
V00541,2022-11,2022,11,Jeddah,Business,Domestic,Other,2,944.8,4
V00542,2023-04,2023,4,Jeddah,Family,Domestic,Furnished Apartment,3,1389.83,2
V00543,2022-11,2022,11,Dammam,Religious,Europe,Resort,3,938.48,1
V00544,2025-01,2025,1,Abha,Leisure,GCC,Furnished Apartment,5,1140.4,5
V00545,2024-12,2024,12,Jeddah,Religious,GCC,Furnished Apartment,4,1320.7,5
V00546,2023-10,2023,10,Makkah,Family,GCC,Hotel,1,180.37,2
V00547,2023-04,2023,4,Madinah,Religious,Asia,Hotel,1,163.65,4
V00548,2024-07,2024,7,Riyadh,Religious,Domestic,Hotel,4,856.79,3
V00549,2024-09,2024,9,Abha,Business,Domestic,Other,3,1269.73,4
V00550,2022-12,2022,12,Makkah,Religious,GCC,Hotel,3,553.26,3
V00551,2023-05,2023,5,Abha,Leisure,GCC,Hotel,5,1225.0,2
V00552,2023-02,2023,2,Makkah,Religious,Asia,Hotel,3,764.53,1
V00553,2025-08,2025,8,Dammam,Events,Other,Furnished Apartment,3,498.51,2
V00554,2023-08,2023,8,AlUla,Events,Domestic,Furnished Apartment,3,728.43,4
V00555,2025-01,2025,1,Riyadh,Family,GCC,Hotel,3,997.82,5
V00556,2022-03,2022,3,Jeddah,Leisure,Domestic,Hotel,3,869.4,4
V00557,2024-01,2024,1,Madinah,Religious,Domestic,Hotel,5,2126.38,5
V00558,2022-05,2022,5,Makkah,Business,Domestic,Furnished Apartment,4,1105.7,3
V00559,2023-01,2023,1,Riyadh,Business,Europe,Resort,1,600.41,4
V00560,2022-02,2022,2,Jeddah,Events,Domestic,Hotel,1,369.37,4
V00561,2023-10,2023,10,Jeddah,Religious,Domestic,Other,4,1834.77,3
V00562,2023-08,2023,8,Madinah,Religious,Domestic,Other,1,391.43,2
V00563,2024-03,2024,3,Makkah,Religious,Domestic,Hotel,2,812.55,2
V00564,2024-08,2024,8,Jeddah,Leisure,GCC,Hotel,6,2642.87,5
V00565,2024-04,2024,4,Madinah,Religious,Domestic,Hotel,1,498.48,1
V00566,2025-02,2025,2,Jeddah,Family,Europe,Furnished Apartment,5,976.7,1
V00567,2022-08,2022,8,Madinah,Religious,Domestic,Other,3,961.17,3
V00568,2023-11,2023,11,Makkah,Leisure,GCC,Hotel,5,1067.85,1
V00569,2023-03,2023,3,Makkah,Family,Other,Resort,3,479.64,1
V00570,2023-07,2023,7,Riyadh,Events,Domestic,Hotel,2,753.62,4
V00571,2022-05,2022,5,Abha,Leisure,Domestic,Hotel,3,475.9,3
V00572,2023-10,2023,10,Madinah,Religious,Domestic,Hotel,2,496.9,2
V00573,2025-05,2025,5,Riyadh,Family,Other,Furnished Apartment,1,152.48,3
V00574,2025-04,2025,4,Riyadh,Leisure,Asia,Hotel,1,365.7,3
V00575,2024-02,2024,2,Dammam,Business,Domestic,Hotel,3,488.97,1
V00576,2025-04,2025,4,Makkah,Leisure,Domestic,Other,1,339.71,5
V00577,2022-09,2022,9,Abha,Leisure,GCC,Hotel,4,982.96,3
V00578,2024-04,2024,4,Makkah,Religious,Asia,Hotel,3,465.09,5
V00579,2023-09,2023,9,Makkah,Events,Asia,Resort,4,775.81,2
V00580,2022-06,2022,6,Jeddah,Family,GCC,Hotel,5,2254.9,1
V00581,2024-11,2024,11,Makkah,Leisure,Domestic,Furnished Apartment,4,1970.53,1
V00582,2022-08,2022,8,Makkah,Business,Domestic,Hotel,4,1015.65,1
V00583,2024-08,2024,8,AlUla,Leisure,Domestic,Furnished Apartment,4,1864.02,1
V00584,2022-05,2022,5,Jeddah,Business,Europe,Resort,3,758.08,2
V00585,2022-05,2022,5,Riyadh,Religious,Domestic,Furnished Apartment,5,935.14,1
V00586,2023-09,2023,9,Abha,Religious,Other,Hotel,4,1349.96,3
V00587,2025-03,2025,3,Makkah,Religious,Domestic,Furnished Apartment,6,2862.53,3
V00588,2024-03,2024,3,Dammam,Business,GCC,Other,5,1725.52,5
V00589,2022-11,2022,11,Jeddah,Leisure,GCC,Hotel,4,1372.4,1
V00590,2023-09,2023,9,Abha,Religious,Domestic,Hotel,1,235.21,4
V00591,2024-01,2024,1,Jeddah,Business,Domestic,Furnished Apartment,5,1342.78,5
V00592,2024-10,2024,10,Madinah,Religious,Asia,Resort,2,428.49,3
V00593,2024-07,2024,7,Jeddah,Leisure,GCC,Furnished Apartment,2,386.58,3
V00594,2024-01,2024,1,Jeddah,Leisure,Domestic,Hotel,3,1410.43,3
V00595,2022-08,2022,8,Jeddah,Business,Domestic,Hotel,3,765.07,3
V00596,2025-01,2025,1,Jeddah,Family,Domestic,Furnished Apartment,5,1298.59,4
V00597,2022-04,2022,4,Madinah,Leisure,GCC,Hotel,4,1636.53,2
V00598,2023-02,2023,2,Makkah,Business,GCC,Hotel,3,1017.23,4
V00599,2022-11,2022,11,Riyadh,Family,Asia,Hotel,3,612.53,2
V00600,2023-11,2023,11,Makkah,Religious,Domestic,Hotel,3,1485.9,2
V00601,2023-06,2023,6,Riyadh,Business,Domestic,Furnished Apartment,3,1003.36,4
V00602,2022-12,2022,12,Jeddah,Religious,GCC,Hotel,5,1117.71,4
V00603,2023-02,2023,2,Riyadh,Family,Asia,Furnished Apartment,2,401.94,2
V00604,2025-04,2025,4,Abha,Business,Domestic,Resort,2,470.41,1
V00605,2025-07,2025,7,Riyadh,Business,Domestic,Other,3,544.94,4
V00606,2023-06,2023,6,Jeddah,Family,Asia,Furnished Apartment,4,1844.25,4
V00607,2024-03,2024,3,Abha,Leisure,Domestic,Resort,7,1087.51,4
V00608,2025-03,2025,3,Makkah,Leisure,Domestic,Resort,4,1980.31,1
V00609,2022-07,2022,7,Makkah,Leisure,Domestic,Furnished Apartment,1,286.74,2
V00610,2025-06,2025,6,Madinah,Religious,Domestic,Hotel,1,215.63,4
V00611,2024-01,2024,1,Makkah,Religious,Domestic,Furnished Apartment,5,1834.27,1
V00612,2022-10,2022,10,Makkah,Religious,GCC,Hotel,1,466.06,3
V00613,2025-04,2025,4,Dammam,Events,Asia,Other,2,884.88,5
V00614,2024-09,2024,9,Dammam,Leisure,Asia,Resort,6,2081.58,3
V00615,2024-09,2024,9,Makkah,Religious,GCC,Other,3,1231.83,5
V00616,2023-08,2023,8,Madinah,Religious,Asia,Hotel,2,560.21,3
V00617,2024-11,2024,11,AlUla,Religious,Domestic,Resort,1,334.08,1
V00618,2024-09,2024,9,Makkah,Religious,Domestic,Furnished Apartment,1,476.69,5
V00619,2023-09,2023,9,Riyadh,Business,Asia,Hotel,2,598.41,1
V00620,2025-05,2025,5,Makkah,Religious,Domestic,Furnished Apartment,3,1203.04,5
V00621,2024-02,2024,2,Riyadh,Leisure,Domestic,Hotel,4,1530.75,4
V00622,2024-07,2024,7,Madinah,Family,Europe,Furnished Apartment,3,1150.29,2
V00623,2024-05,2024,5,Abha,Leisure,Domestic,Hotel,4,1225.5,1
V00624,2025-05,2025,5,Dammam,Religious,Domestic,Other,2,893.94,2
V00625,2023-01,2023,1,Madinah,Leisure,GCC,Furnished Apartment,2,941.15,3
V00626,2024-01,2024,1,Riyadh,Family,Asia,Resort,3,1466.26,5
V00627,2023-01,2023,1,Makkah,Religious,GCC,Hotel,4,1639.69,2
V00628,2023-10,2023,10,Riyadh,Religious,Asia,Other,6,2356.14,3
V00629,2022-08,2022,8,Makkah,Family,Europe,Resort,4,888.77,5
V00630,2024-05,2024,5,Abha,Leisure,Domestic,Hotel,3,1349.4,1
V00631,2025-03,2025,3,Makkah,Religious,Asia,Hotel,3,938.54,1
V00632,2022-05,2022,5,Abha,Family,Domestic,Furnished Apartment,3,1070.34,3
V00633,2022-10,2022,10,Dammam,Religious,Asia,Hotel,6,1140.96,3
V00634,2023-08,2023,8,Riyadh,Business,GCC,Hotel,6,2934.51,3
V00635,2025-08,2025,8,Dammam,Events,Domestic,Furnished Apartment,4,867.74,3
V00636,2025-02,2025,2,Madinah,Events,Europe,Hotel,3,1879.29,2
V00637,2025-08,2025,8,Makkah,Leisure,Asia,Furnished Apartment,3,1286.27,2
V00638,2024-12,2024,12,Makkah,Leisure,Domestic,Hotel,1,357.37,3
V00639,2023-07,2023,7,Abha,Leisure,Domestic,Hotel,5,1036.43,5
V00640,2022-10,2022,10,Madinah,Religious,Domestic,Hotel,3,1385.88,2
V00641,2023-05,2023,5,Abha,Business,Other,Hotel,1,345.87,3
V00642,2025-06,2025,6,Abha,Leisure,Europe,Hotel,4,835.43,5
V00643,2023-01,2023,1,AlUla,Leisure,GCC,Other,4,1260.38,5
V00644,2025-01,2025,1,Abha,Leisure,Europe,Resort,5,1806.21,2
V00645,2025-05,2025,5,Dammam,Events,Domestic,Resort,3,1152.78,2
V00646,2023-07,2023,7,Madinah,Events,Domestic,Other,3,994.97,1
V00647,2022-01,2022,1,Makkah,Religious,Domestic,Resort,7,1070.81,3
V00648,2023-05,2023,5,Riyadh,Family,Other,Hotel,4,936.21,1
V00649,2022-02,2022,2,Madinah,Religious,Asia,Furnished Apartment,1,297.09,4
V00650,2024-09,2024,9,Riyadh,Family,Domestic,Other,5,1986.91,4
V00651,2024-05,2024,5,Makkah,Religious,Other,Hotel,2,768.41,3
V00652,2023-01,2023,1,Riyadh,Leisure,Asia,Hotel,3,926.66,3
V00653,2024-06,2024,6,Makkah,Religious,Asia,Other,3,1028.23,3
V00654,2024-10,2024,10,Riyadh,Leisure,GCC,Hotel,4,1911.2,3
V00655,2025-01,2025,1,Riyadh,Leisure,Asia,Furnished Apartment,2,651.19,5
V00656,2022-06,2022,6,Makkah,Religious,Domestic,Furnished Apartment,1,432.74,2
V00657,2025-03,2025,3,Makkah,Family,Europe,Hotel,6,1868.53,2
V00658,2025-02,2025,2,Jeddah,Business,Asia,Hotel,2,363.35,5
V00659,2024-04,2024,4,Dammam,Business,Europe,Hotel,2,607.83,2
V00660,2022-07,2022,7,Jeddah,Leisure,Domestic,Hotel,2,700.6,2
V00661,2023-09,2023,9,AlUla,Family,Asia,Hotel,5,1015.97,1
V00662,2023-12,2023,12,AlUla,Leisure,Domestic,Resort,2,392.2,5
V00663,2023-12,2023,12,Dammam,Leisure,Domestic,Furnished Apartment,4,624.7,1
V00664,2025-03,2025,3,Jeddah,Business,Domestic,Resort,4,1718.53,4
V00665,2025-06,2025,6,AlUla,Religious,Asia,Hotel,1,433.1,4
V00666,2024-03,2024,3,Jeddah,Religious,Asia,Furnished Apartment,5,2377.36,4
V00667,2025-04,2025,4,Jeddah,Religious,Domestic,Hotel,2,308.8,5
V00668,2023-04,2023,4,AlUla,Leisure,Asia,Furnished Apartment,3,899.05,2
V00669,2023-10,2023,10,Jeddah,Leisure,Other,Other,3,684.78,4
V00670,2025-01,2025,1,Madinah,Religious,Domestic,Hotel,5,2392.28,3
V00671,2022-09,2022,9,Madinah,Religious,Other,Hotel,2,994.98,1
V00672,2023-10,2023,10,Makkah,Religious,Other,Hotel,3,634.36,2
V00673,2022-09,2022,9,Jeddah,Religious,Domestic,Other,2,854.99,4
V00674,2024-12,2024,12,Madinah,Religious,GCC,Hotel,2,864.68,4
V00675,2023-04,2023,4,AlUla,Leisure,Domestic,Hotel,4,793.6,5
V00676,2022-01,2022,1,Madinah,Religious,Asia,Resort,1,479.43,1
V00677,2024-10,2024,10,Makkah,Religious,Domestic,Other,1,239.13,5
V00678,2025-07,2025,7,Riyadh,Leisure,GCC,Hotel,4,1479.01,5
V00679,2024-07,2024,7,AlUla,Events,Asia,Hotel,1,184.92,3
V00680,2023-08,2023,8,AlUla,Religious,Domestic,Other,3,1012.24,3
V00681,2022-09,2022,9,AlUla,Family,Other,Hotel,4,927.74,2
V00682,2023-04,2023,4,Madinah,Religious,Domestic,Other,4,1316.14,5
V00683,2023-07,2023,7,Makkah,Religious,Other,Hotel,1,359.65,2
V00684,2025-03,2025,3,Dammam,Family,Domestic,Furnished Apartment,1,264.45,1
V00685,2025-04,2025,4,Madinah,Religious,Europe,Furnished Apartment,2,572.58,1
V00686,2022-02,2022,2,Jeddah,Leisure,Domestic,Furnished Apartment,4,1198.51,2
V00687,2022-08,2022,8,Jeddah,Religious,Domestic,Hotel,6,962.56,2
V00688,2022-04,2022,4,Makkah,Events,Domestic,Hotel,3,826.13,2
V00689,2022-11,2022,11,Makkah,Family,Domestic,Hotel,4,1729.39,2
V00690,2024-06,2024,6,Makkah,Business,GCC,Resort,3,1250.99,1
V00691,2024-12,2024,12,AlUla,Family,GCC,Hotel,4,880.79,3
V00692,2022-08,2022,8,Madinah,Religious,Asia,Hotel,3,1359.32,4
V00693,2023-08,2023,8,Dammam,Religious,Asia,Resort,1,402.69,2
V00694,2023-01,2023,1,Makkah,Religious,Domestic,Furnished Apartment,2,334.54,2
V00695,2022-10,2022,10,AlUla,Religious,GCC,Hotel,3,526.01,5
V00696,2023-04,2023,4,AlUla,Religious,Domestic,Resort,3,457.45,3
V00697,2025-07,2025,7,Makkah,Religious,Other,Other,3,1175.87,5
V00698,2023-03,2023,3,Makkah,Leisure,Domestic,Furnished Apartment,5,1473.35,3
V00699,2024-05,2024,5,AlUla,Family,Asia,Resort,4,1768.94,5
V00700,2024-01,2024,1,AlUla,Religious,Europe,Hotel,3,1680.01,3
V00701,2025-02,2025,2,Riyadh,Family,Domestic,Hotel,6,2623.76,1
V00702,2024-03,2024,3,Makkah,Religious,Domestic,Resort,2,542.28,4
V00703,2024-06,2024,6,Jeddah,Leisure,Asia,Resort,2,652.98,1
V00704,2023-01,2023,1,Riyadh,Religious,Asia,Resort,2,685.48,3
V00705,2022-09,2022,9,Madinah,Religious,Asia,Resort,4,1235.9,2
V00706,2024-06,2024,6,Makkah,Religious,Asia,Furnished Apartment,1,288.18,2
V00707,2024-01,2024,1,Madinah,Family,Domestic,Hotel,5,1279.69,1
V00708,2024-06,2024,6,Riyadh,Family,Domestic,Other,3,1394.59,2
V00709,2025-08,2025,8,Makkah,Religious,Domestic,Furnished Apartment,1,473.57,4
V00710,2023-11,2023,11,Madinah,Leisure,Domestic,Furnished Apartment,2,701.78,1
V00711,2024-02,2024,2,Madinah,Religious,Domestic,Furnished Apartment,6,938.55,3
V00712,2023-10,2023,10,Jeddah,Leisure,Domestic,Furnished Apartment,3,1419.38,1
V00713,2024-07,2024,7,Makkah,Business,Domestic,Hotel,4,612.83,4
V00714,2022-10,2022,10,Jeddah,Religious,GCC,Furnished Apartment,3,1147.31,5
V00715,2025-03,2025,3,Madinah,Religious,Asia,Hotel,4,1035.45,2
V00716,2024-04,2024,4,Riyadh,Family,GCC,Furnished Apartment,2,849.0,2
V00717,2024-06,2024,6,AlUla,Leisure,GCC,Furnished Apartment,4,1876.23,2
V00718,2025-07,2025,7,Dammam,Business,Asia,Other,2,388.4,1
V00719,2023-09,2023,9,AlUla,Leisure,Other,Hotel,4,906.68,1
V00720,2024-08,2024,8,AlUla,Leisure,Other,Hotel,4,1846.31,3
V00721,2025-07,2025,7,Jeddah,Family,Domestic,Hotel,3,1357.77,3
V00722,2022-09,2022,9,Madinah,Religious,Asia,Other,3,739.72,3
V00723,2022-12,2022,12,Makkah,Religious,Domestic,Hotel,3,928.9,5
V00724,2023-05,2023,5,Abha,Leisure,Domestic,Hotel,3,959.77,3
V00725,2022-02,2022,2,Makkah,Religious,GCC,Resort,5,1058.72,4
V00726,2025-05,2025,5,Jeddah,Religious,Domestic,Furnished Apartment,1,407.01,2
V00727,2025-02,2025,2,Riyadh,Events,Domestic,Resort,2,568.22,2
V00728,2023-11,2023,11,Jeddah,Religious,Domestic,Furnished Apartment,1,364.08,1
V00729,2023-05,2023,5,Abha,Events,Other,Resort,2,511.59,5
V00730,2022-09,2022,9,Makkah,Religious,GCC,Resort,2,351.2,2
V00731,2022-09,2022,9,Dammam,Religious,Domestic,Other,2,827.58,4
V00732,2023-12,2023,12,Jeddah,Leisure,Asia,Hotel,4,1807.88,4
V00733,2024-05,2024,5,Makkah,Family,GCC,Other,1,493.75,5
V00734,2023-01,2023,1,AlUla,Religious,Asia,Hotel,2,586.16,5
V00735,2024-03,2024,3,Makkah,Religious,Domestic,Hotel,3,474.6,2
V00736,2023-05,2023,5,Jeddah,Leisure,Asia,Furnished Apartment,4,1448.42,2
V00737,2023-01,2023,1,Riyadh,Business,Domestic,Other,8,1993.82,1
V00738,2022-12,2022,12,Madinah,Religious,GCC,Other,3,618.75,1
V00739,2023-07,2023,7,Makkah,Religious,Domestic,Hotel,1,460.71,4
V00740,2022-03,2022,3,Madinah,Religious,Domestic,Resort,2,609.29,3
V00741,2023-08,2023,8,Riyadh,Events,Domestic,Hotel,2,964.24,1
V00742,2024-01,2024,1,Makkah,Leisure,Asia,Hotel,6,2289.34,4
V00743,2024-07,2024,7,Jeddah,Family,Other,Hotel,1,231.92,3
V00744,2024-01,2024,1,Makkah,Religious,Asia,Furnished Apartment,3,963.79,3
V00745,2025-05,2025,5,Madinah,Business,GCC,Furnished Apartment,3,634.89,2
V00746,2024-04,2024,4,Makkah,Religious,GCC,Hotel,2,561.25,5
V00747,2022-11,2022,11,Jeddah,Family,Asia,Hotel,2,722.92,3
V00748,2024-06,2024,6,Makkah,Religious,Domestic,Other,3,633.53,2
V00749,2022-11,2022,11,Jeddah,Family,Domestic,Hotel,5,890.16,4
V00750,2025-07,2025,7,AlUla,Leisure,Domestic,Hotel,2,782.75,1
V00751,2024-07,2024,7,Riyadh,Religious,GCC,Hotel,4,1293.97,1
V00752,2023-05,2023,5,Riyadh,Religious,Domestic,Hotel,7,2314.53,4
V00753,2023-06,2023,6,Dammam,Religious,Domestic,Hotel,3,916.05,4
V00754,2022-04,2022,4,Makkah,Religious,Europe,Hotel,2,1029.72,5
V00755,2024-07,2024,7,AlUla,Family,GCC,Other,3,1241.29,3
V00756,2023-11,2023,11,Makkah,Leisure,Domestic,Hotel,5,1688.72,3
V00757,2025-02,2025,2,Madinah,Family,GCC,Hotel,1,239.98,1
V00758,2023-02,2023,2,Dammam,Religious,Europe,Resort,2,1149.33,1
V00759,2024-09,2024,9,AlUla,Leisure,Europe,Furnished Apartment,1,421.21,2
V00760,2025-05,2025,5,Dammam,Religious,Domestic,Hotel,3,595.16,5
V00761,2024-08,2024,8,Jeddah,Family,Asia,Hotel,2,490.2,5
V00762,2022-07,2022,7,Makkah,Family,Domestic,Other,4,1308.89,1
V00763,2022-05,2022,5,AlUla,Leisure,Asia,Hotel,4,1386.07,5
V00764,2024-02,2024,2,Madinah,Religious,Domestic,Hotel,3,1276.32,3
V00765,2024-02,2024,2,Makkah,Religious,Domestic,Furnished Apartment,5,1708.33,5
V00766,2023-07,2023,7,Dammam,Leisure,GCC,Hotel,6,1933.95,4
V00767,2022-08,2022,8,Makkah,Religious,Domestic,Hotel,3,625.17,4
V00768,2024-01,2024,1,Jeddah,Family,Asia,Hotel,3,1442.96,4
V00769,2022-08,2022,8,Makkah,Leisure,GCC,Hotel,4,1750.15,5
V00770,2024-08,2024,8,Makkah,Religious,Domestic,Hotel,1,441.28,4
V00771,2023-10,2023,10,Riyadh,Events,GCC,Hotel,1,294.23,4
V00772,2025-07,2025,7,Dammam,Business,Asia,Hotel,5,1440.1,1
V00773,2024-03,2024,3,Makkah,Religious,Asia,Resort,2,434.41,3
V00774,2023-04,2023,4,Dammam,Leisure,Other,Hotel,3,669.88,1
V00775,2022-05,2022,5,Jeddah,Leisure,Asia,Resort,4,1776.89,1
V00776,2022-07,2022,7,Madinah,Religious,Europe,Hotel,3,1230.48,5
V00777,2023-04,2023,4,Riyadh,Events,Other,Furnished Apartment,4,729.18,1
V00778,2023-10,2023,10,Madinah,Religious,Europe,Hotel,1,536.55,1
V00779,2024-10,2024,10,Dammam,Family,Europe,Other,3,1805.27,1
V00780,2024-10,2024,10,Makkah,Leisure,GCC,Hotel,1,191.96,4
V00781,2022-02,2022,2,AlUla,Leisure,Europe,Hotel,5,2813.06,5
V00782,2023-01,2023,1,Madinah,Leisure,Asia,Hotel,3,1333.92,1
V00783,2022-06,2022,6,Jeddah,Business,Asia,Furnished Apartment,2,838.84,3
V00784,2023-06,2023,6,Makkah,Religious,Other,Hotel,4,702.99,3
V00785,2022-03,2022,3,Makkah,Religious,Domestic,Hotel,4,1036.38,1
V00786,2024-05,2024,5,Riyadh,Family,Domestic,Other,4,1430.18,1
V00787,2025-07,2025,7,Makkah,Religious,Domestic,Hotel,1,167.21,4
V00788,2024-06,2024,6,Makkah,Religious,Domestic,Hotel,5,1164.87,5
V00789,2023-11,2023,11,Jeddah,Events,Domestic,Hotel,3,1427.37,5
V00790,2022-02,2022,2,Riyadh,Leisure,Domestic,Furnished Apartment,3,1430.36,4
V00791,2022-11,2022,11,Riyadh,Family,Domestic,Furnished Apartment,4,892.11,4
V00792,2025-01,2025,1,Riyadh,Family,Other,Hotel,3,846.26,4
V00793,2025-08,2025,8,Riyadh,Events,Domestic,Furnished Apartment,5,2306.31,2
V00794,2023-10,2023,10,Abha,Business,GCC,Hotel,3,465.26,5
V00795,2025-07,2025,7,Madinah,Business,Domestic,Furnished Apartment,2,803.32,5
V00796,2023-10,2023,10,Jeddah,Religious,Domestic,Hotel,3,477.03,3
V00797,2023-01,2023,1,Abha,Business,Domestic,Hotel,1,252.77,5
V00798,2023-09,2023,9,Madinah,Religious,Domestic,Furnished Apartment,4,1513.17,3
V00799,2024-04,2024,4,Abha,Leisure,Domestic,Furnished Apartment,2,374.89,2
V00800,2025-08,2025,8,Dammam,Leisure,Domestic,Hotel,2,730.56,1
V00801,2024-07,2024,7,Makkah,Leisure,Europe,Hotel,1,368.42,2
V00802,2024-11,2024,11,Dammam,Events,Domestic,Hotel,4,1384.97,4
V00803,2024-07,2024,7,Jeddah,Family,Domestic,Hotel,6,2352.91,1
V00804,2024-11,2024,11,Makkah,Religious,Asia,Resort,2,730.18,2
V00805,2022-07,2022,7,Dammam,Leisure,GCC,Hotel,4,1317.22,2
V00806,2023-01,2023,1,Madinah,Religious,Domestic,Furnished Apartment,2,310.16,1
V00807,2022-06,2022,6,Makkah,Religious,Other,Furnished Apartment,4,1687.08,3
V00808,2023-05,2023,5,Makkah,Religious,Domestic,Hotel,1,376.53,2
V00809,2022-11,2022,11,Riyadh,Religious,GCC,Other,6,1705.96,5
V00810,2025-05,2025,5,Jeddah,Leisure,Asia,Resort,3,957.16,1
V00811,2022-12,2022,12,Jeddah,Family,GCC,Hotel,2,862.19,3
V00812,2024-05,2024,5,Riyadh,Family,Domestic,Resort,2,644.55,3
V00813,2022-03,2022,3,Makkah,Business,Asia,Hotel,1,375.25,4
V00814,2024-07,2024,7,Riyadh,Leisure,Other,Resort,1,241.23,3
V00815,2025-04,2025,4,Riyadh,Family,Asia,Hotel,1,241.88,5
V00816,2024-05,2024,5,Abha,Family,Domestic,Furnished Apartment,5,1735.7,1
V00817,2023-05,2023,5,Makkah,Leisure,Asia,Hotel,3,1447.72,3
V00818,2025-02,2025,2,Makkah,Business,Domestic,Resort,3,490.52,5
V00819,2023-12,2023,12,Riyadh,Religious,GCC,Other,3,1389.86,3
V00820,2024-06,2024,6,Riyadh,Leisure,Europe,Hotel,2,710.34,1
V00821,2025-06,2025,6,Jeddah,Family,GCC,Hotel,3,775.22,5
V00822,2024-05,2024,5,Makkah,Family,Asia,Hotel,5,1149.75,2
V00823,2025-05,2025,5,Abha,Business,Domestic,Hotel,5,2037.01,3
V00824,2024-05,2024,5,Abha,Leisure,Domestic,Resort,1,171.86,2
V00825,2023-12,2023,12,Madinah,Leisure,Europe,Hotel,4,1510.81,2
V00826,2025-08,2025,8,Dammam,Religious,Europe,Hotel,1,559.62,4
V00827,2024-10,2024,10,Dammam,Leisure,GCC,Hotel,2,749.55,5
V00828,2024-01,2024,1,AlUla,Leisure,Domestic,Hotel,5,2246.44,4
V00829,2022-07,2022,7,Abha,Leisure,Domestic,Furnished Apartment,2,370.53,3
V00830,2022-01,2022,1,Dammam,Leisure,Domestic,Other,6,1268.91,4
V00831,2023-01,2023,1,AlUla,Religious,Domestic,Hotel,1,451.03,4
V00832,2023-09,2023,9,Abha,Leisure,GCC,Hotel,5,1333.39,2
V00833,2023-11,2023,11,Makkah,Religious,Asia,Furnished Apartment,2,726.67,2
V00834,2024-05,2024,5,Abha,Religious,Asia,Resort,4,1634.32,4
V00835,2024-09,2024,9,Makkah,Religious,Domestic,Hotel,1,346.35,5
V00836,2022-03,2022,3,Riyadh,Leisure,Domestic,Resort,2,709.33,2
V00837,2022-12,2022,12,Makkah,Leisure,GCC,Resort,3,1229.43,2
V00838,2023-04,2023,4,AlUla,Leisure,GCC,Furnished Apartment,1,265.86,1
V00839,2023-07,2023,7,Riyadh,Religious,Domestic,Hotel,2,758.46,5
V00840,2024-02,2024,2,Dammam,Leisure,GCC,Furnished Apartment,3,1045.49,5
V00841,2023-10,2023,10,Riyadh,Religious,Other,Furnished Apartment,1,192.09,3
V00842,2022-10,2022,10,Makkah,Religious,Domestic,Hotel,3,1417.12,1
V00843,2022-04,2022,4,Riyadh,Events,Asia,Hotel,4,1138.94,3
V00844,2023-07,2023,7,Riyadh,Religious,GCC,Hotel,2,563.42,3
V00845,2024-11,2024,11,Abha,Business,Asia,Other,2,761.55,1
V00846,2022-08,2022,8,Jeddah,Leisure,Domestic,Hotel,2,907.81,3
V00847,2023-07,2023,7,Jeddah,Religious,Other,Hotel,1,267.19,4
V00848,2022-06,2022,6,Makkah,Religious,Domestic,Furnished Apartment,3,782.52,5
V00849,2024-08,2024,8,Madinah,Religious,Domestic,Hotel,3,1147.28,1
V00850,2024-01,2024,1,Jeddah,Leisure,Domestic,Hotel,4,1665.06,4
V00851,2022-12,2022,12,Makkah,Religious,Domestic,Hotel,5,2274.73,5
V00852,2024-11,2024,11,Makkah,Leisure,Other,Hotel,2,833.02,4
V00853,2023-03,2023,3,Jeddah,Religious,Domestic,Other,3,715.92,4
V00854,2023-10,2023,10,Riyadh,Business,Asia,Hotel,2,317.1,5
V00855,2022-03,2022,3,Jeddah,Business,Europe,Hotel,1,586.23,1
V00856,2022-08,2022,8,AlUla,Leisure,Domestic,Hotel,6,2492.65,4
V00857,2023-07,2023,7,Riyadh,Business,Domestic,Hotel,5,1349.33,5
V00858,2022-10,2022,10,Dammam,Business,Domestic,Hotel,4,647.11,5
V00859,2024-09,2024,9,Riyadh,Leisure,Domestic,Hotel,4,1715.59,5
V00860,2025-06,2025,6,Riyadh,Religious,Other,Hotel,4,1570.49,5
V00861,2025-01,2025,1,AlUla,Family,GCC,Resort,3,1319.96,1
V00862,2023-10,2023,10,Jeddah,Leisure,Domestic,Hotel,3,637.56,3
V00863,2022-03,2022,3,Madinah,Events,Europe,Hotel,2,546.41,4
V00864,2025-03,2025,3,Jeddah,Religious,GCC,Hotel,3,1197.27,5
V00865,2023-04,2023,4,Madinah,Religious,Domestic,Furnished Apartment,3,583.05,5
V00866,2022-04,2022,4,Abha,Religious,GCC,Resort,1,424.78,4
V00867,2024-03,2024,3,Riyadh,Leisure,Europe,Hotel,4,2298.13,1
V00868,2022-12,2022,12,Dammam,Religious,Europe,Furnished Apartment,3,1227.2,1
V00869,2023-12,2023,12,Riyadh,Leisure,GCC,Resort,5,1532.83,3
V00870,2022-01,2022,1,Makkah,Business,GCC,Hotel,3,942.26,3
V00871,2024-03,2024,3,Makkah,Religious,Domestic,Furnished Apartment,2,880.77,4
V00872,2024-04,2024,4,Jeddah,Business,Domestic,Hotel,3,1086.32,3
V00873,2023-07,2023,7,Madinah,Family,GCC,Hotel,5,2424.46,2
V00874,2024-02,2024,2,Makkah,Family,Domestic,Hotel,3,519.8,3
V00875,2022-01,2022,1,Makkah,Events,Asia,Hotel,2,822.12,4
V00876,2023-02,2023,2,Madinah,Religious,Asia,Furnished Apartment,2,487.84,5
V00877,2024-08,2024,8,Dammam,Leisure,Asia,Hotel,1,217.14,3
V00878,2023-08,2023,8,Makkah,Religious,Asia,Hotel,3,887.03,1
V00879,2023-02,2023,2,Dammam,Leisure,Asia,Hotel,2,786.37,1
V00880,2023-03,2023,3,Madinah,Religious,Domestic,Other,4,1947.06,1
V00881,2023-02,2023,2,Abha,Leisure,Domestic,Hotel,1,155.34,2
V00882,2023-04,2023,4,Makkah,Leisure,Asia,Furnished Apartment,3,539.46,5
V00883,2025-03,2025,3,Abha,Leisure,Domestic,Furnished Apartment,4,728.08,2
V00884,2022-12,2022,12,Riyadh,Family,Europe,Resort,4,2492.87,1
V00885,2024-10,2024,10,Abha,Religious,Domestic,Hotel,2,516.53,2
V00886,2024-05,2024,5,Madinah,Religious,Domestic,Other,1,488.87,3
V00887,2022-11,2022,11,Madinah,Religious,Domestic,Hotel,5,1541.57,5
V00888,2025-01,2025,1,Makkah,Religious,Domestic,Furnished Apartment,3,1270.42,1
V00889,2025-03,2025,3,Riyadh,Religious,Domestic,Hotel,1,211.83,5
V00890,2023-08,2023,8,Madinah,Business,Domestic,Furnished Apartment,3,1352.3,4
V00891,2025-02,2025,2,AlUla,Family,Europe,Hotel,3,674.95,2
V00892,2025-08,2025,8,Madinah,Religious,Domestic,Hotel,4,1529.81,1
V00893,2025-07,2025,7,Jeddah,Leisure,GCC,Hotel,1,483.42,4
V00894,2022-02,2022,2,Jeddah,Events,Domestic,Furnished Apartment,2,530.16,1
V00895,2023-08,2023,8,Jeddah,Leisure,Domestic,Resort,2,843.18,3
V00896,2023-07,2023,7,Riyadh,Family,GCC,Hotel,3,1138.23,3
V00897,2025-01,2025,1,Riyadh,Religious,Domestic,Resort,3,1240.45,4
V00898,2024-01,2024,1,Makkah,Religious,GCC,Hotel,3,1371.36,5
V00899,2022-01,2022,1,Madinah,Religious,Other,Hotel,3,1126.23,4
V00900,2025-07,2025,7,Madinah,Events,Europe,Hotel,5,2794.46,2
V00901,2025-03,2025,3,Makkah,Religious,Europe,Furnished Apartment,4,2254.23,3
V00902,2022-10,2022,10,Makkah,Religious,Domestic,Furnished Apartment,3,889.04,1
V00903,2024-10,2024,10,Jeddah,Events,GCC,Other,6,2512.73,4
V00904,2023-02,2023,2,Riyadh,Religious,GCC,Hotel,1,463.95,2
V00905,2022-02,2022,2,Makkah,Religious,GCC,Hotel,6,2384.77,2
V00906,2023-07,2023,7,Abha,Leisure,GCC,Hotel,6,1349.77,2
V00907,2023-07,2023,7,Madinah,Religious,Domestic,Hotel,2,724.35,4
V00908,2023-07,2023,7,Jeddah,Leisure,Domestic,Hotel,4,863.28,1
V00909,2022-12,2022,12,Riyadh,Religious,Domestic,Hotel,2,939.46,1
V00910,2024-04,2024,4,Makkah,Business,GCC,Other,3,1235.62,3
V00911,2025-04,2025,4,Madinah,Religious,Europe,Hotel,4,896.24,4
V00912,2025-01,2025,1,Dammam,Family,Asia,Furnished Apartment,4,1581.06,4
V00913,2025-08,2025,8,Madinah,Religious,Domestic,Hotel,2,820.33,4
V00914,2022-08,2022,8,Jeddah,Religious,Domestic,Hotel,2,384.55,4
V00915,2024-11,2024,11,Makkah,Religious,GCC,Hotel,1,186.34,3
V00916,2022-02,2022,2,AlUla,Leisure,Asia,Hotel,3,1323.7,3
V00917,2024-12,2024,12,Makkah,Religious,Asia,Hotel,3,715.87,3
V00918,2023-10,2023,10,Riyadh,Leisure,Domestic,Other,3,1014.97,3
V00919,2023-10,2023,10,Makkah,Religious,Other,Hotel,4,1074.56,4
V00920,2024-02,2024,2,Riyadh,Religious,GCC,Hotel,2,311.28,5
V00921,2024-11,2024,11,Madinah,Religious,Domestic,Hotel,2,582.48,2
V00922,2022-01,2022,1,Riyadh,Family,GCC,Hotel,6,1611.89,4
V00923,2023-02,2023,2,AlUla,Leisure,Domestic,Hotel,2,892.02,1
V00924,2024-09,2024,9,Madinah,Religious,GCC,Hotel,1,269.79,2
V00925,2023-04,2023,4,Madinah,Religious,Domestic,Furnished Apartment,2,804.29,5
V00926,2025-03,2025,3,Jeddah,Religious,Asia,Hotel,1,424.17,5
V00927,2024-10,2024,10,Makkah,Religious,Domestic,Furnished Apartment,3,1491.85,2
V00928,2025-01,2025,1,Makkah,Religious,Europe,Other,1,395.55,5
V00929,2023-07,2023,7,Madinah,Religious,Domestic,Furnished Apartment,4,1753.85,5
V00930,2022-08,2022,8,Madinah,Religious,Europe,Furnished Apartment,4,1023.83,5
V00931,2025-03,2025,3,Abha,Leisure,Domestic,Furnished Apartment,1,225.01,2
V00932,2024-01,2024,1,Riyadh,Religious,Asia,Furnished Apartment,1,391.4,4
V00933,2024-01,2024,1,Jeddah,Leisure,Domestic,Hotel,3,597.05,1
V00934,2023-11,2023,11,Makkah,Religious,Domestic,Hotel,3,471.54,3
V00935,2023-02,2023,2,Madinah,Business,Other,Hotel,4,1821.45,1
V00936,2024-01,2024,1,Abha,Business,Asia,Resort,4,754.68,3
V00937,2025-01,2025,1,Madinah,Religious,Domestic,Hotel,5,1374.57,5
V00938,2024-12,2024,12,Madinah,Religious,Domestic,Hotel,3,1286.8,1
V00939,2024-10,2024,10,AlUla,Events,Domestic,Hotel,4,972.62,5
V00940,2024-07,2024,7,Abha,Religious,Domestic,Hotel,2,579.0,2
V00941,2022-07,2022,7,AlUla,Family,Domestic,Resort,1,269.31,3
V00942,2022-09,2022,9,Madinah,Events,Asia,Hotel,3,1008.18,3
V00943,2023-11,2023,11,Riyadh,Business,Domestic,Hotel,3,1032.04,5
V00944,2022-07,2022,7,Makkah,Leisure,Asia,Furnished Apartment,2,618.93,4
V00945,2024-07,2024,7,Makkah,Events,GCC,Hotel,2,538.27,4
V00946,2023-09,2023,9,AlUla,Religious,GCC,Hotel,2,333.13,4
V00947,2023-03,2023,3,Madinah,Religious,GCC,Hotel,7,1752.32,1
V00948,2023-07,2023,7,Riyadh,Leisure,Domestic,Resort,3,558.96,3
V00949,2023-11,2023,11,Madinah,Religious,GCC,Hotel,5,1394.15,2
V00950,2024-02,2024,2,Jeddah,Religious,Domestic,Hotel,3,996.6,1
V00951,2023-10,2023,10,Madinah,Religious,Domestic,Furnished Apartment,2,578.06,4
V00952,2024-02,2024,2,Makkah,Family,Domestic,Furnished Apartment,3,780.76,1
V00953,2023-06,2023,6,Abha,Business,Domestic,Furnished Apartment,4,1736.54,2
V00954,2023-01,2023,1,Abha,Religious,Europe,Furnished Apartment,3,948.41,3
V00955,2023-10,2023,10,Madinah,Family,GCC,Furnished Apartment,5,2140.69,2
V00956,2022-05,2022,5,Madinah,Family,Domestic,Hotel,4,1130.44,5
V00957,2022-10,2022,10,Madinah,Religious,Domestic,Hotel,5,2136.01,2
V00958,2023-11,2023,11,Riyadh,Religious,Domestic,Hotel,1,433.93,5
V00959,2024-05,2024,5,AlUla,Leisure,Domestic,Furnished Apartment,5,1453.73,4
V00960,2022-02,2022,2,Makkah,Religious,Other,Furnished Apartment,6,2775.3,3
V00961,2024-02,2024,2,Madinah,Religious,Asia,Furnished Apartment,1,421.81,2
V00962,2024-05,2024,5,Makkah,Events,GCC,Hotel,3,482.93,3
V00963,2025-04,2025,4,Makkah,Religious,GCC,Hotel,3,591.53,5
V00964,2025-08,2025,8,Riyadh,Events,GCC,Hotel,8,3046.57,1
V00965,2022-06,2022,6,Madinah,Religious,Other,Hotel,3,630.8,5
V00966,2024-12,2024,12,Jeddah,Family,Domestic,Hotel,3,529.9,3
V00967,2025-01,2025,1,Jeddah,Family,GCC,Hotel,3,878.28,1
V00968,2024-10,2024,10,Makkah,Religious,Domestic,Resort,3,1483.45,4
V00969,2024-12,2024,12,Makkah,Religious,Domestic,Furnished Apartment,3,610.69,2
V00970,2024-07,2024,7,Dammam,Leisure,Europe,Hotel,5,2140.28,2
V00971,2022-03,2022,3,Madinah,Family,Europe,Furnished Apartment,3,1034.65,3
V00972,2022-06,2022,6,Dammam,Leisure,Domestic,Furnished Apartment,3,1068.73,4
V00973,2025-07,2025,7,Abha,Religious,Europe,Hotel,5,2057.77,4
V00974,2023-11,2023,11,Makkah,Religious,Domestic,Hotel,2,370.37,5
V00975,2025-08,2025,8,Jeddah,Business,Asia,Hotel,3,1410.63,5
V00976,2023-09,2023,9,Makkah,Religious,Asia,Hotel,6,2741.04,3
V00977,2024-02,2024,2,Jeddah,Leisure,Asia,Furnished Apartment,3,982.28,1
V00978,2023-07,2023,7,Jeddah,Religious,Domestic,Hotel,1,251.21,5
V00979,2022-07,2022,7,Madinah,Religious,Domestic,Hotel,4,633.2,5
V00980,2024-12,2024,12,Abha,Business,Domestic,Furnished Apartment,1,446.21,4
V00981,2025-08,2025,8,Makkah,Business,Other,Furnished Apartment,7,2139.77,5
V00982,2022-06,2022,6,AlUla,Events,Domestic,Hotel,1,242.79,3
V00983,2024-03,2024,3,Makkah,Religious,Domestic,Hotel,2,545.95,3
V00984,2022-01,2022,1,Makkah,Religious,Asia,Furnished Apartment,4,1117.84,3
V00985,2023-06,2023,6,Madinah,Religious,GCC,Hotel,2,933.22,1
V00986,2025-07,2025,7,Makkah,Religious,Asia,Furnished Apartment,4,843.86,3
V00987,2022-04,2022,4,Madinah,Religious,Domestic,Hotel,4,1831.79,3
V00988,2022-11,2022,11,Makkah,Religious,Domestic,Resort,1,425.84,4
V00989,2023-10,2023,10,Dammam,Business,GCC,Hotel,3,653.69,3
V00990,2022-02,2022,2,AlUla,Family,GCC,Hotel,5,2116.37,5
V00991,2022-12,2022,12,Riyadh,Leisure,Asia,Hotel,4,1017.17,3
V00992,2022-09,2022,9,Madinah,Religious,Europe,Hotel,3,1830.54,2
V00993,2022-07,2022,7,Riyadh,Business,Asia,Resort,3,750.68,1
V00994,2022-04,2022,4,Makkah,Leisure,Domestic,Hotel,2,691.93,2
V00995,2023-10,2023,10,Riyadh,Religious,Domestic,Hotel,2,791.2,1
V00996,2025-06,2025,6,Jeddah,Family,GCC,Hotel,3,1258.64,5
V00997,2022-07,2022,7,Abha,Religious,GCC,Hotel,4,1688.06,4
V00998,2023-08,2023,8,Dammam,Family,Domestic,Hotel,3,1186.2,1
V00999,2023-10,2023,10,Madinah,Religious,Asia,Hotel,2,633.13,1
V01000,2024-08,2024,8,Madinah,Religious,Domestic,Hotel,1,369.19,3
V01001,2022-10,2022,10,Makkah,Family,Domestic,Other,3,1303.84,3
V01002,2022-04,2022,4,Jeddah,Family,Domestic,Hotel,6,2422.7,1
V01003,2025-02,2025,2,Madinah,Religious,Domestic,Hotel,5,1924.24,1
V01004,2023-01,2023,1,AlUla,Leisure,Domestic,Hotel,2,301.89,5
V01005,2025-04,2025,4,Madinah,Religious,Domestic,Hotel,3,1063.08,3
V01006,2025-03,2025,3,Makkah,Religious,Other,Furnished Apartment,5,2465.73,2
V01007,2022-01,2022,1,Jeddah,Leisure,GCC,Furnished Apartment,2,788.75,3
V01008,2023-08,2023,8,Makkah,Business,Domestic,Furnished Apartment,3,788.46,3
V01009,2024-02,2024,2,Makkah,Religious,Other,Hotel,3,1336.94,3
V01010,2022-11,2022,11,Madinah,Religious,GCC,Hotel,4,861.43,4
V01011,2025-08,2025,8,Riyadh,Leisure,Domestic,Hotel,1,439.42,1
V01012,2022-03,2022,3,Jeddah,Religious,Other,Furnished Apartment,1,236.96,4
V01013,2024-06,2024,6,Makkah,Family,Europe,Furnished Apartment,1,495.86,2
V01014,2024-09,2024,9,Makkah,Religious,Domestic,Hotel,4,1820.52,1
V01015,2024-07,2024,7,Madinah,Religious,Domestic,Hotel,2,967.04,3
V01016,2025-05,2025,5,Riyadh,Leisure,Domestic,Furnished Apartment,2,347.95,4
V01017,2023-10,2023,10,AlUla,Business,Domestic,Hotel,4,1591.01,2
V01018,2023-09,2023,9,Makkah,Religious,Domestic,Hotel,2,840.75,2
V01019,2025-03,2025,3,Madinah,Family,GCC,Hotel,4,1579.6,4
V01020,2025-07,2025,7,Abha,Family,Asia,Hotel,2,503.34,4
V01021,2023-09,2023,9,Jeddah,Religious,Europe,Hotel,5,2801.75,1
V01022,2022-04,2022,4,Makkah,Leisure,Domestic,Hotel,1,382.68,3
V01023,2022-05,2022,5,Abha,Leisure,Domestic,Hotel,3,976.1,4
V01024,2023-11,2023,11,Makkah,Business,GCC,Hotel,2,712.88,1
V01025,2022-08,2022,8,Abha,Religious,Asia,Other,3,1397.23,3
V01026,2022-02,2022,2,Jeddah,Religious,Europe,Furnished Apartment,4,1433.67,1
V01027,2023-02,2023,2,Riyadh,Religious,GCC,Furnished Apartment,5,1651.4,3
V01028,2024-02,2024,2,Makkah,Religious,GCC,Hotel,1,355.51,5
V01029,2023-05,2023,5,Riyadh,Events,Domestic,Hotel,3,883.3,1
V01030,2024-02,2024,2,Jeddah,Leisure,Asia,Resort,4,1046.7,2
V01031,2022-03,2022,3,Dammam,Religious,Domestic,Furnished Apartment,1,219.89,3
V01032,2024-03,2024,3,Makkah,Religious,GCC,Furnished Apartment,2,546.7,2
V01033,2023-10,2023,10,Dammam,Leisure,Domestic,Hotel,3,675.84,4
V01034,2024-01,2024,1,Madinah,Religious,Asia,Hotel,1,407.58,2
V01035,2023-12,2023,12,Makkah,Religious,GCC,Resort,4,1039.01,3
V01036,2023-06,2023,6,Madinah,Religious,Domestic,Hotel,2,837.74,4
V01037,2025-08,2025,8,Makkah,Family,Domestic,Resort,5,2379.28,2
V01038,2022-04,2022,4,Makkah,Family,Other,Hotel,5,1183.14,1
V01039,2023-04,2023,4,Madinah,Religious,Asia,Resort,5,1371.96,5
V01040,2023-08,2023,8,Jeddah,Religious,Asia,Hotel,4,979.9,3
V01041,2022-07,2022,7,Makkah,Religious,Domestic,Furnished Apartment,1,287.47,5
V01042,2024-04,2024,4,Riyadh,Business,GCC,Hotel,5,807.84,1
V01043,2022-09,2022,9,AlUla,Business,Domestic,Other,6,2724.8,5
V01044,2024-11,2024,11,Abha,Family,Domestic,Furnished Apartment,3,587.38,4
V01045,2024-01,2024,1,AlUla,Family,GCC,Resort,3,568.76,3
V01046,2025-06,2025,6,Dammam,Family,Domestic,Hotel,3,976.8,5
V01047,2022-10,2022,10,Dammam,Religious,Other,Hotel,1,277.54,4
V01048,2022-01,2022,1,Madinah,Religious,Domestic,Hotel,5,2131.18,3
V01049,2023-03,2023,3,Abha,Religious,Asia,Hotel,3,1340.37,3
V01050,2024-04,2024,4,Madinah,Religious,GCC,Hotel,2,904.12,2
V01051,2022-08,2022,8,Jeddah,Leisure,Domestic,Other,4,1531.71,1
V01052,2025-01,2025,1,Makkah,Leisure,Domestic,Furnished Apartment,1,250.12,3
V01053,2025-02,2025,2,Jeddah,Business,Domestic,Furnished Apartment,3,1206.7,1
V01054,2025-04,2025,4,Madinah,Religious,Domestic,Resort,2,771.37,4
V01055,2025-03,2025,3,Jeddah,Religious,Asia,Furnished Apartment,4,740.34,1
V01056,2024-02,2024,2,Dammam,Leisure,Domestic,Hotel,4,1122.21,5
V01057,2024-08,2024,8,Makkah,Religious,Domestic,Hotel,2,956.93,1
V01058,2023-03,2023,3,Makkah,Leisure,GCC,Furnished Apartment,6,2189.59,3
V01059,2023-04,2023,4,Makkah,Events,Europe,Furnished Apartment,2,820.24,5
V01060,2023-02,2023,2,Abha,Leisure,Domestic,Hotel,3,1144.41,5
V01061,2022-04,2022,4,Jeddah,Religious,Domestic,Hotel,6,1712.97,4
V01062,2023-08,2023,8,Jeddah,Business,Asia,Other,3,1281.3,2
V01063,2024-03,2024,3,Makkah,Religious,GCC,Hotel,2,824.74,3
V01064,2022-10,2022,10,Abha,Events,Domestic,Hotel,3,915.42,3
V01065,2024-10,2024,10,Dammam,Events,GCC,Other,5,1296.0,3
V01066,2024-11,2024,11,Jeddah,Religious,Domestic,Hotel,1,435.54,1
V01067,2025-06,2025,6,Makkah,Family,Domestic,Furnished Apartment,2,475.17,4
V01068,2025-01,2025,1,Dammam,Family,Other,Other,6,1565.85,3
V01069,2025-08,2025,8,Riyadh,Family,Asia,Furnished Apartment,3,483.77,5
V01070,2023-09,2023,9,Abha,Business,Asia,Furnished Apartment,7,3344.05,2
V01071,2023-04,2023,4,Dammam,Family,Asia,Resort,3,812.03,1
V01072,2023-08,2023,8,Madinah,Leisure,Domestic,Furnished Apartment,4,914.86,3
V01073,2022-08,2022,8,Makkah,Leisure,Europe,Furnished Apartment,4,1627.7,4
V01074,2024-10,2024,10,Makkah,Leisure,Europe,Furnished Apartment,4,1757.2,5
V01075,2022-08,2022,8,Madinah,Religious,Europe,Other,4,2269.49,2
V01076,2022-06,2022,6,Jeddah,Events,Domestic,Hotel,3,662.79,3
V01077,2024-09,2024,9,Dammam,Leisure,Domestic,Hotel,4,1182.57,1
V01078,2023-06,2023,6,Riyadh,Leisure,Asia,Hotel,4,1037.48,4
V01079,2022-09,2022,9,Abha,Events,Domestic,Furnished Apartment,2,488.15,2
V01080,2022-08,2022,8,Abha,Religious,Asia,Hotel,1,227.91,1
V01081,2024-11,2024,11,Jeddah,Leisure,Domestic,Hotel,2,420.19,3
V01082,2024-08,2024,8,Abha,Leisure,Other,Furnished Apartment,3,1167.17,3
V01083,2023-01,2023,1,Riyadh,Family,Domestic,Hotel,2,440.54,4
V01084,2025-05,2025,5,Riyadh,Leisure,Domestic,Furnished Apartment,6,2263.09,2
V01085,2023-01,2023,1,Makkah,Religious,GCC,Resort,4,1326.99,4
V01086,2023-09,2023,9,Dammam,Leisure,Domestic,Resort,4,674.37,5
V01087,2023-04,2023,4,Jeddah,Leisure,Europe,Hotel,3,1425.99,3
V01088,2023-03,2023,3,Makkah,Religious,GCC,Furnished Apartment,5,994.86,3
V01089,2023-03,2023,3,AlUla,Religious,GCC,Hotel,4,1258.7,4
V01090,2024-11,2024,11,Dammam,Family,Domestic,Furnished Apartment,5,988.41,1
V01091,2024-12,2024,12,Madinah,Religious,Asia,Hotel,4,1437.1,3
V01092,2025-06,2025,6,Makkah,Events,GCC,Hotel,2,809.85,4
V01093,2023-11,2023,11,Dammam,Business,Europe,Furnished Apartment,3,812.02,2
V01094,2022-03,2022,3,Jeddah,Family,Europe,Hotel,6,2892.55,1
V01095,2022-01,2022,1,Jeddah,Religious,Domestic,Furnished Apartment,3,1289.56,3
V01096,2023-06,2023,6,Makkah,Religious,Domestic,Hotel,5,1635.56,3
V01097,2022-06,2022,6,Makkah,Leisure,Domestic,Other,4,1710.21,1
V01098,2022-02,2022,2,Jeddah,Family,Domestic,Hotel,3,673.71,5
V01099,2022-07,2022,7,Makkah,Business,Domestic,Furnished Apartment,3,1303.8,3
V01100,2022-05,2022,5,Madinah,Religious,GCC,Furnished Apartment,2,334.0,4
V01101,2023-03,2023,3,Makkah,Family,Other,Furnished Apartment,2,968.86,3
V01102,2024-07,2024,7,Riyadh,Religious,Asia,Other,4,1277.65,4
V01103,2023-05,2023,5,Makkah,Leisure,Europe,Hotel,3,1947.15,1
V01104,2023-06,2023,6,Riyadh,Leisure,GCC,Hotel,3,888.26,1
V01105,2023-09,2023,9,Jeddah,Religious,Other,Resort,5,890.59,5
V01106,2023-02,2023,2,Abha,Leisure,Domestic,Hotel,1,234.81,1
V01107,2023-03,2023,3,Makkah,Religious,Domestic,Other,3,604.31,4
V01108,2023-08,2023,8,Jeddah,Religious,Asia,Hotel,3,1466.94,4
V01109,2024-10,2024,10,Dammam,Leisure,Domestic,Hotel,8,1763.5,1
V01110,2024-01,2024,1,Riyadh,Family,Domestic,Furnished Apartment,2,370.26,3
V01111,2025-03,2025,3,AlUla,Religious,Domestic,Resort,1,268.4,5
V01112,2024-04,2024,4,Abha,Religious,Domestic,Furnished Apartment,2,391.85,3
V01113,2023-02,2023,2,Riyadh,Leisure,Asia,Hotel,2,542.5,5
V01114,2023-09,2023,9,Jeddah,Religious,Domestic,Resort,6,1943.99,5
V01115,2022-08,2022,8,Abha,Family,Domestic,Hotel,1,369.16,4
V01116,2024-10,2024,10,Makkah,Family,Domestic,Resort,1,211.86,4
V01117,2023-01,2023,1,Jeddah,Religious,Other,Hotel,4,715.13,3
V01118,2022-06,2022,6,Jeddah,Religious,GCC,Resort,4,1058.33,5
V01119,2025-07,2025,7,Dammam,Religious,Domestic,Hotel,5,1430.15,4
V01120,2025-03,2025,3,Dammam,Events,GCC,Hotel,4,1081.11,3
V01121,2022-07,2022,7,Makkah,Religious,Other,Hotel,3,714.38,1
V01122,2022-09,2022,9,Makkah,Religious,Domestic,Furnished Apartment,5,1660.37,1
V01123,2024-08,2024,8,AlUla,Religious,GCC,Furnished Apartment,4,785.1,3
V01124,2024-02,2024,2,Jeddah,Leisure,GCC,Hotel,4,1097.61,3
V01125,2022-07,2022,7,AlUla,Leisure,Domestic,Hotel,3,787.94,4
V01126,2023-08,2023,8,Madinah,Religious,GCC,Hotel,4,1646.04,3
V01127,2022-04,2022,4,Riyadh,Family,Domestic,Furnished Apartment,3,925.65,1
V01128,2024-02,2024,2,Riyadh,Business,Asia,Hotel,5,1327.7,1
V01129,2025-08,2025,8,Dammam,Leisure,Other,Furnished Apartment,3,917.73,5
V01130,2025-02,2025,2,AlUla,Family,Other,Furnished Apartment,3,506.84,4
V01131,2023-09,2023,9,Jeddah,Leisure,GCC,Furnished Apartment,2,728.74,4
V01132,2022-09,2022,9,Dammam,Religious,Other,Hotel,3,1358.7,5
V01133,2023-07,2023,7,Madinah,Business,GCC,Furnished Apartment,3,498.91,1
V01134,2023-03,2023,3,Makkah,Religious,Domestic,Hotel,3,932.84,4
V01135,2023-09,2023,9,Jeddah,Religious,Asia,Hotel,2,428.61,1
V01136,2022-02,2022,2,Makkah,Religious,Domestic,Resort,4,1853.91,4
V01137,2025-01,2025,1,Makkah,Leisure,Asia,Hotel,6,1091.24,5
V01138,2025-06,2025,6,Jeddah,Business,Europe,Hotel,4,1514.84,5
V01139,2024-07,2024,7,Dammam,Family,Europe,Hotel,5,1293.65,3
V01140,2024-04,2024,4,Makkah,Events,Domestic,Hotel,3,631.43,2
V01141,2022-08,2022,8,Madinah,Religious,Domestic,Furnished Apartment,3,963.17,5
V01142,2023-04,2023,4,Makkah,Religious,Domestic,Resort,3,1242.85,3
V01143,2022-01,2022,1,Makkah,Religious,GCC,Hotel,5,1573.0,3
V01144,2022-05,2022,5,Makkah,Religious,Europe,Furnished Apartment,1,421.01,4
V01145,2023-03,2023,3,Makkah,Religious,GCC,Hotel,6,1192.29,1
V01146,2023-10,2023,10,Riyadh,Family,Domestic,Hotel,1,221.61,3
V01147,2025-04,2025,4,AlUla,Family,GCC,Other,2,633.15,1
V01148,2023-05,2023,5,Riyadh,Religious,Domestic,Hotel,2,892.71,4
V01149,2025-06,2025,6,Riyadh,Leisure,Asia,Resort,3,837.32,2
V01150,2024-11,2024,11,Madinah,Leisure,Domestic,Resort,3,1437.18,2
V01151,2023-02,2023,2,Makkah,Events,Domestic,Other,3,549.61,2
V01152,2023-12,2023,12,Makkah,Religious,Domestic,Hotel,4,1487.6,5
V01153,2024-10,2024,10,AlUla,Business,Domestic,Hotel,4,1280.97,5
V01154,2023-01,2023,1,Riyadh,Family,Domestic,Hotel,2,668.65,3
V01155,2022-06,2022,6,Dammam,Family,GCC,Furnished Apartment,3,1086.5,5
V01156,2023-04,2023,4,Riyadh,Business,Domestic,Hotel,3,1238.05,1
V01157,2025-04,2025,4,Abha,Events,Asia,Hotel,2,752.05,2
V01158,2022-02,2022,2,Madinah,Religious,Domestic,Hotel,2,441.59,5
V01159,2023-04,2023,4,Riyadh,Religious,GCC,Hotel,3,783.42,2
V01160,2022-09,2022,9,Riyadh,Business,Domestic,Hotel,1,425.33,5
V01161,2025-04,2025,4,Riyadh,Leisure,Domestic,Hotel,1,417.28,2
V01162,2022-06,2022,6,Makkah,Events,Asia,Hotel,1,172.37,3
V01163,2022-02,2022,2,AlUla,Religious,Domestic,Furnished Apartment,2,964.2,5
V01164,2022-08,2022,8,Madinah,Religious,Domestic,Resort,2,374.73,2
V01165,2025-02,2025,2,Makkah,Religious,Domestic,Furnished Apartment,5,826.59,5
V01166,2023-03,2023,3,Makkah,Religious,Europe,Hotel,3,983.0,4
V01167,2023-04,2023,4,Madinah,Family,Domestic,Resort,1,369.05,5
V01168,2022-11,2022,11,Riyadh,Family,GCC,Hotel,3,1034.61,1
V01169,2022-12,2022,12,Riyadh,Religious,Domestic,Hotel,3,837.05,1
V01170,2022-07,2022,7,Jeddah,Events,Domestic,Furnished Apartment,5,1537.02,4
V01171,2023-06,2023,6,Riyadh,Religious,GCC,Hotel,6,1016.52,2
V01172,2023-01,2023,1,Riyadh,Family,Domestic,Hotel,3,1326.18,4
V01173,2024-09,2024,9,Jeddah,Religious,Domestic,Hotel,4,1709.04,4
V01174,2022-05,2022,5,Riyadh,Business,Europe,Hotel,6,1589.38,5
V01175,2023-02,2023,2,AlUla,Religious,Domestic,Hotel,4,684.31,4
V01176,2023-02,2023,2,Makkah,Events,Domestic,Hotel,6,1910.14,2
V01177,2024-11,2024,11,Abha,Family,Domestic,Other,4,1189.18,2
V01178,2023-09,2023,9,Madinah,Religious,Domestic,Hotel,1,234.98,2
V01179,2022-11,2022,11,Jeddah,Business,Domestic,Resort,2,356.59,4
V01180,2022-01,2022,1,Makkah,Business,Europe,Furnished Apartment,4,1353.4,4
V01181,2022-02,2022,2,Makkah,Religious,Domestic,Hotel,6,1308.7,3
V01182,2023-07,2023,7,Riyadh,Events,Domestic,Resort,4,1851.33,4
V01183,2024-04,2024,4,Madinah,Leisure,GCC,Other,2,782.92,3
V01184,2024-01,2024,1,Madinah,Business,Europe,Resort,1,413.52,3
V01185,2023-03,2023,3,Makkah,Family,Europe,Furnished Apartment,4,1184.68,2
V01186,2025-07,2025,7,Dammam,Business,Other,Hotel,8,1457.87,2
V01187,2023-03,2023,3,Makkah,Family,Domestic,Hotel,2,794.35,4
V01188,2022-01,2022,1,Makkah,Leisure,GCC,Hotel,3,650.5,2
V01189,2025-08,2025,8,Riyadh,Leisure,Domestic,Other,4,696.58,2
V01190,2025-05,2025,5,Makkah,Religious,Domestic,Hotel,6,1753.28,2
V01191,2024-05,2024,5,Makkah,Religious,GCC,Hotel,1,238.4,1
V01192,2024-07,2024,7,Jeddah,Leisure,Asia,Furnished Apartment,1,166.99,2
V01193,2024-01,2024,1,Riyadh,Religious,Domestic,Other,1,488.1,2
V01194,2023-02,2023,2,AlUla,Leisure,GCC,Hotel,4,1640.62,4
V01195,2024-11,2024,11,Jeddah,Religious,GCC,Furnished Apartment,2,933.45,4
V01196,2023-11,2023,11,Madinah,Events,Domestic,Hotel,5,1331.54,3
V01197,2023-12,2023,12,Madinah,Family,Other,Hotel,4,1673.27,3
V01198,2023-03,2023,3,Makkah,Religious,Europe,Hotel,2,862.69,1
V01199,2024-12,2024,12,Abha,Religious,Domestic,Other,2,954.88,4
V01200,2023-09,2023,9,Jeddah,Religious,GCC,Furnished Apartment,5,781.78,1
V01201,2022-01,2022,1,Dammam,Religious,Domestic,Other,4,1928.57,4
V01202,2023-09,2023,9,Jeddah,Family,Asia,Resort,4,1980.36,4
V01203,2024-06,2024,6,AlUla,Leisure,Asia,Resort,1,451.84,5
V01204,2023-04,2023,4,Madinah,Religious,Europe,Other,2,671.95,5
V01205,2022-04,2022,4,Madinah,Religious,Europe,Hotel,2,875.9,5
V01206,2023-03,2023,3,Riyadh,Family,Asia,Furnished Apartment,5,2401.36,2
V01207,2025-06,2025,6,Makkah,Business,GCC,Hotel,6,2979.4,2
V01208,2023-10,2023,10,Madinah,Family,Domestic,Furnished Apartment,4,688.03,4
V01209,2022-06,2022,6,Madinah,Family,Domestic,Resort,7,3057.73,2
V01210,2022-05,2022,5,Dammam,Family,Domestic,Hotel,3,476.05,5
V01211,2022-12,2022,12,Madinah,Religious,Europe,Hotel,2,997.82,3
V01212,2023-05,2023,5,Makkah,Religious,Asia,Hotel,1,244.9,3
V01213,2025-02,2025,2,Jeddah,Religious,Asia,Hotel,2,739.41,5
V01214,2024-07,2024,7,Makkah,Religious,Domestic,Furnished Apartment,3,977.11,3
V01215,2024-04,2024,4,Jeddah,Family,GCC,Furnished Apartment,1,448.27,1
V01216,2023-05,2023,5,Dammam,Religious,Other,Hotel,1,158.71,1
V01217,2022-08,2022,8,Jeddah,Leisure,Domestic,Resort,1,404.36,3
V01218,2023-01,2023,1,Jeddah,Events,Domestic,Hotel,6,1214.78,4
V01219,2022-07,2022,7,Riyadh,Leisure,Domestic,Resort,4,1743.44,2
V01220,2023-08,2023,8,Dammam,Business,Domestic,Furnished Apartment,1,168.69,2
V01221,2023-03,2023,3,Madinah,Leisure,GCC,Hotel,4,955.65,1
V01222,2022-07,2022,7,Madinah,Religious,Domestic,Hotel,2,683.94,4
V01223,2024-01,2024,1,Abha,Leisure,Asia,Other,1,483.05,2
V01224,2024-11,2024,11,Madinah,Religious,Other,Furnished Apartment,4,1444.07,5
V01225,2025-01,2025,1,Riyadh,Business,GCC,Resort,4,695.69,1
V01226,2024-05,2024,5,Abha,Religious,GCC,Hotel,2,624.18,2
V01227,2024-07,2024,7,AlUla,Events,Europe,Hotel,6,3356.14,3
V01228,2022-03,2022,3,Makkah,Family,Asia,Other,3,644.53,3
V01229,2024-03,2024,3,AlUla,Leisure,Domestic,Resort,3,1069.27,2
V01230,2022-04,2022,4,AlUla,Religious,Domestic,Hotel,3,1215.46,1
V01231,2024-02,2024,2,Jeddah,Religious,Domestic,Hotel,1,245.44,3
V01232,2024-05,2024,5,Madinah,Religious,Domestic,Hotel,3,849.62,2
V01233,2022-01,2022,1,Makkah,Leisure,Other,Furnished Apartment,3,628.28,5
V01234,2023-10,2023,10,Madinah,Leisure,Domestic,Resort,3,921.04,2
V01235,2025-05,2025,5,Makkah,Family,Domestic,Hotel,3,868.57,4
V01236,2025-02,2025,2,Riyadh,Leisure,Domestic,Other,7,1798.18,3
V01237,2024-11,2024,11,AlUla,Religious,Asia,Hotel,5,1388.83,4
V01238,2022-04,2022,4,Makkah,Religious,Asia,Other,3,587.14,1
V01239,2023-03,2023,3,Makkah,Religious,Domestic,Furnished Apartment,2,971.84,3
V01240,2022-07,2022,7,Makkah,Leisure,Domestic,Hotel,2,735.32,5
V01241,2025-04,2025,4,Madinah,Religious,GCC,Hotel,1,344.85,1
V01242,2024-04,2024,4,Madinah,Religious,Asia,Resort,3,672.99,2
V01243,2022-03,2022,3,Riyadh,Family,GCC,Resort,2,991.6,5
V01244,2023-05,2023,5,Madinah,Religious,GCC,Hotel,1,207.94,4
V01245,2024-03,2024,3,Makkah,Religious,Other,Furnished Apartment,2,850.87,4
V01246,2024-06,2024,6,Riyadh,Religious,Domestic,Hotel,1,499.77,3
V01247,2023-03,2023,3,Makkah,Religious,Europe,Hotel,2,695.05,2
V01248,2022-02,2022,2,Dammam,Religious,Asia,Hotel,2,739.39,4
V01249,2024-05,2024,5,Madinah,Family,Domestic,Resort,5,943.51,1
V01250,2023-05,2023,5,Abha,Leisure,Europe,Hotel,4,1009.51,2
V01251,2022-04,2022,4,Madinah,Religious,Domestic,Hotel,2,351.14,4
V01252,2024-01,2024,1,Makkah,Events,Other,Furnished Apartment,3,639.3,5
V01253,2023-02,2023,2,AlUla,Religious,Domestic,Hotel,3,782.73,1
V01254,2023-07,2023,7,Riyadh,Leisure,Domestic,Hotel,1,188.83,1
V01255,2025-08,2025,8,Jeddah,Family,Asia,Hotel,6,1669.29,3
V01256,2024-05,2024,5,Dammam,Business,Asia,Hotel,3,564.42,5
V01257,2024-11,2024,11,Makkah,Religious,Europe,Hotel,7,4427.27,1
V01258,2022-05,2022,5,Dammam,Family,GCC,Hotel,6,1174.54,5
V01259,2023-04,2023,4,Riyadh,Religious,Domestic,Other,4,1490.22,3
V01260,2024-06,2024,6,Makkah,Religious,Domestic,Hotel,3,1468.31,2
V01261,2024-08,2024,8,Riyadh,Religious,Domestic,Hotel,3,810.04,2
V01262,2022-08,2022,8,Dammam,Business,Europe,Hotel,5,1702.2,4
V01263,2025-02,2025,2,AlUla,Family,Domestic,Resort,3,1379.8,2
V01264,2025-03,2025,3,Makkah,Religious,Asia,Furnished Apartment,5,1378.59,2
V01265,2024-05,2024,5,Dammam,Business,Other,Furnished Apartment,4,1998.06,1
V01266,2024-02,2024,2,Jeddah,Business,Other,Hotel,2,353.92,5
V01267,2025-05,2025,5,AlUla,Events,Domestic,Furnished Apartment,1,190.55,1
V01268,2022-02,2022,2,Dammam,Leisure,Asia,Resort,3,746.34,2
V01269,2025-08,2025,8,Madinah,Religious,Domestic,Hotel,5,2374.02,5
V01270,2024-07,2024,7,Riyadh,Leisure,Other,Hotel,4,1372.32,2
V01271,2023-11,2023,11,Riyadh,Business,Other,Furnished Apartment,5,955.56,3
V01272,2023-01,2023,1,Makkah,Leisure,Domestic,Hotel,3,776.98,5
V01273,2024-04,2024,4,Makkah,Religious,Domestic,Hotel,4,777.88,2
V01274,2025-03,2025,3,Jeddah,Religious,GCC,Furnished Apartment,2,614.55,2
V01275,2024-05,2024,5,Dammam,Events,GCC,Other,4,1034.7,1
V01276,2023-09,2023,9,Riyadh,Leisure,Domestic,Furnished Apartment,5,950.01,5
V01277,2024-08,2024,8,Madinah,Religious,GCC,Furnished Apartment,4,1873.61,5
V01278,2023-11,2023,11,Riyadh,Religious,Domestic,Furnished Apartment,4,1204.4,1
V01279,2023-06,2023,6,Riyadh,Leisure,Domestic,Hotel,2,990.76,5
V01280,2024-02,2024,2,Makkah,Religious,Other,Furnished Apartment,2,793.08,5
V01281,2023-12,2023,12,Madinah,Family,Domestic,Furnished Apartment,5,1922.85,3
V01282,2022-03,2022,3,Makkah,Religious,Asia,Resort,3,1497.06,4
V01283,2024-06,2024,6,Jeddah,Business,Europe,Furnished Apartment,4,1071.9,3
V01284,2022-06,2022,6,Abha,Events,Domestic,Hotel,7,1446.1,2
V01285,2023-01,2023,1,Madinah,Leisure,Domestic,Resort,3,908.17,5
V01286,2023-01,2023,1,Jeddah,Religious,Other,Hotel,4,830.64,2
V01287,2024-06,2024,6,AlUla,Family,Europe,Resort,2,925.71,2
V01288,2023-01,2023,1,Riyadh,Leisure,GCC,Furnished Apartment,3,1381.07,3
V01289,2023-08,2023,8,Riyadh,Events,Europe,Other,3,1311.03,4
V01290,2023-03,2023,3,AlUla,Religious,GCC,Hotel,4,1710.08,1
V01291,2022-01,2022,1,Riyadh,Family,Other,Hotel,2,356.9,2
V01292,2023-09,2023,9,Madinah,Religious,Domestic,Resort,3,1105.65,4
V01293,2022-01,2022,1,Dammam,Leisure,Domestic,Hotel,4,608.52,3
V01294,2022-09,2022,9,Riyadh,Leisure,Domestic,Hotel,2,692.27,5
V01295,2023-12,2023,12,Riyadh,Leisure,GCC,Resort,1,173.46,4
V01296,2022-07,2022,7,Riyadh,Leisure,Other,Hotel,1,388.41,3
V01297,2023-07,2023,7,AlUla,Religious,Domestic,Other,1,471.86,4
V01298,2024-03,2024,3,Riyadh,Religious,Domestic,Furnished Apartment,4,1628.14,5
V01299,2024-01,2024,1,Riyadh,Leisure,Asia,Furnished Apartment,1,449.83,2
V01300,2024-11,2024,11,AlUla,Family,Asia,Hotel,2,608.0,5
V01301,2024-12,2024,12,Makkah,Business,Europe,Resort,2,627.77,4
V01302,2025-03,2025,3,Riyadh,Leisure,Domestic,Hotel,2,395.3,5
V01303,2025-07,2025,7,Riyadh,Business,Europe,Furnished Apartment,4,2516.31,2
V01304,2022-12,2022,12,Abha,Family,Domestic,Furnished Apartment,4,874.7,4
V01305,2024-07,2024,7,Makkah,Religious,Domestic,Resort,4,1122.02,1
V01306,2025-08,2025,8,Makkah,Leisure,Asia,Hotel,4,1528.98,4
V01307,2024-03,2024,3,Riyadh,Religious,GCC,Other,2,842.31,5
V01308,2022-11,2022,11,Riyadh,Events,Domestic,Hotel,2,984.34,2
V01309,2024-06,2024,6,Riyadh,Religious,Europe,Hotel,5,1168.31,1
V01310,2025-06,2025,6,Dammam,Religious,Other,Hotel,4,1943.77,2
V01311,2023-06,2023,6,Dammam,Leisure,Domestic,Hotel,4,1881.83,2
V01312,2023-04,2023,4,Dammam,Events,Domestic,Furnished Apartment,3,513.47,3
V01313,2023-10,2023,10,Jeddah,Religious,Domestic,Furnished Apartment,3,1370.69,4
V01314,2022-12,2022,12,Dammam,Religious,Domestic,Hotel,5,1841.14,3
V01315,2025-07,2025,7,Riyadh,Business,Asia,Furnished Apartment,2,748.64,2
V01316,2022-09,2022,9,Makkah,Religious,Domestic,Furnished Apartment,3,468.19,5
V01317,2024-11,2024,11,Madinah,Business,Domestic,Hotel,2,624.65,3
V01318,2025-03,2025,3,Abha,Religious,Europe,Furnished Apartment,4,1124.63,1
V01319,2023-01,2023,1,AlUla,Business,GCC,Furnished Apartment,3,1108.81,2
V01320,2022-09,2022,9,Madinah,Religious,Asia,Hotel,2,903.61,3
V01321,2022-10,2022,10,Dammam,Leisure,Domestic,Hotel,3,1171.3,1
V01322,2023-09,2023,9,Abha,Events,Asia,Furnished Apartment,2,952.68,1
V01323,2022-10,2022,10,Makkah,Family,Asia,Other,2,716.48,2
V01324,2024-11,2024,11,Jeddah,Religious,GCC,Resort,1,222.42,4
V01325,2022-10,2022,10,Jeddah,Family,Europe,Furnished Apartment,4,963.61,4
V01326,2023-06,2023,6,AlUla,Leisure,GCC,Other,5,1023.43,1
V01327,2022-09,2022,9,Jeddah,Religious,GCC,Hotel,4,1434.59,2
V01328,2022-07,2022,7,AlUla,Family,GCC,Other,2,582.12,4
V01329,2024-12,2024,12,Madinah,Family,GCC,Hotel,1,457.8,1
V01330,2024-02,2024,2,Jeddah,Religious,Domestic,Resort,1,329.69,4
V01331,2023-09,2023,9,Dammam,Religious,Domestic,Furnished Apartment,3,1187.99,4
V01332,2025-05,2025,5,Makkah,Religious,Other,Hotel,2,712.16,5
V01333,2024-07,2024,7,Makkah,Events,GCC,Resort,4,1965.61,5
V01334,2022-09,2022,9,Madinah,Religious,GCC,Other,1,328.15,3
V01335,2022-09,2022,9,Makkah,Religious,Asia,Hotel,1,209.14,1
V01336,2022-03,2022,3,Makkah,Religious,Domestic,Hotel,4,1790.3,5
V01337,2024-01,2024,1,Riyadh,Religious,Domestic,Furnished Apartment,3,1100.1,2
V01338,2022-08,2022,8,Riyadh,Events,Domestic,Hotel,2,771.82,5
V01339,2022-06,2022,6,Riyadh,Business,Domestic,Hotel,4,897.67,1
V01340,2023-10,2023,10,Jeddah,Religious,GCC,Other,5,2191.04,5
V01341,2023-03,2023,3,AlUla,Leisure,Asia,Furnished Apartment,2,554.27,2
V01342,2024-02,2024,2,Dammam,Events,Domestic,Resort,3,531.93,1
V01343,2022-11,2022,11,Abha,Business,Domestic,Hotel,4,1980.04,2
V01344,2022-06,2022,6,Jeddah,Leisure,Domestic,Hotel,5,1498.04,5
V01345,2024-08,2024,8,Makkah,Leisure,GCC,Other,2,568.04,3
V01346,2025-02,2025,2,Dammam,Leisure,GCC,Hotel,3,1456.63,5
V01347,2022-08,2022,8,Dammam,Family,Europe,Hotel,2,401.27,2
V01348,2022-05,2022,5,Dammam,Family,Other,Hotel,1,459.79,4
V01349,2024-06,2024,6,Madinah,Business,Domestic,Furnished Apartment,4,1172.34,3
V01350,2024-07,2024,7,Abha,Religious,Europe,Resort,4,2500.57,2
V01351,2024-09,2024,9,Riyadh,Family,Domestic,Hotel,4,1796.9,2
V01352,2024-10,2024,10,Makkah,Leisure,Asia,Hotel,1,200.85,3
V01353,2025-05,2025,5,Jeddah,Religious,Domestic,Hotel,1,434.04,3
V01354,2023-09,2023,9,Dammam,Events,GCC,Other,3,623.59,2
V01355,2024-11,2024,11,Madinah,Religious,Asia,Hotel,3,1029.06,4
V01356,2022-01,2022,1,Dammam,Family,Asia,Other,2,678.75,1
V01357,2024-01,2024,1,Madinah,Religious,GCC,Furnished Apartment,3,1009.52,3
V01358,2024-12,2024,12,Jeddah,Leisure,GCC,Hotel,1,389.92,4
V01359,2022-12,2022,12,Madinah,Religious,Domestic,Furnished Apartment,4,1566.75,5
V01360,2022-05,2022,5,Riyadh,Religious,Asia,Hotel,4,1765.12,1
V01361,2023-11,2023,11,Jeddah,Business,Other,Hotel,1,484.21,2
V01362,2022-06,2022,6,Jeddah,Leisure,GCC,Furnished Apartment,4,815.14,1
V01363,2024-02,2024,2,Madinah,Religious,Domestic,Furnished Apartment,5,1568.85,2
V01364,2024-08,2024,8,Makkah,Religious,Asia,Other,3,1364.7,3
V01365,2022-05,2022,5,AlUla,Business,Asia,Hotel,6,1632.27,4
V01366,2023-08,2023,8,Makkah,Religious,Europe,Furnished Apartment,1,503.38,1
V01367,2025-05,2025,5,Makkah,Religious,Asia,Hotel,1,155.5,3
V01368,2024-06,2024,6,Makkah,Religious,Asia,Hotel,1,431.54,2
V01369,2024-10,2024,10,Riyadh,Leisure,Other,Resort,4,1671.7,3
V01370,2025-03,2025,3,Jeddah,Business,Asia,Hotel,6,2867.72,3
V01371,2025-02,2025,2,Jeddah,Family,Domestic,Hotel,5,1507.12,2
V01372,2023-09,2023,9,Makkah,Religious,Europe,Hotel,3,1469.75,5
V01373,2023-06,2023,6,Dammam,Events,Domestic,Hotel,2,968.25,3
V01374,2023-04,2023,4,Makkah,Religious,GCC,Hotel,1,447.29,5
V01375,2022-05,2022,5,Madinah,Religious,Domestic,Hotel,2,629.01,4
V01376,2022-09,2022,9,Makkah,Leisure,Domestic,Furnished Apartment,4,1488.99,5
V01377,2022-11,2022,11,Jeddah,Family,Domestic,Furnished Apartment,6,2547.0,2
V01378,2022-05,2022,5,Dammam,Leisure,Asia,Hotel,2,683.34,3
V01379,2024-08,2024,8,Madinah,Religious,GCC,Other,2,861.34,4
V01380,2024-08,2024,8,Dammam,Leisure,Domestic,Resort,3,668.95,5
V01381,2025-07,2025,7,Jeddah,Religious,Domestic,Hotel,3,969.98,4
V01382,2024-09,2024,9,Jeddah,Religious,GCC,Resort,2,571.9,3
V01383,2023-05,2023,5,Madinah,Events,Domestic,Furnished Apartment,4,1980.91,1
V01384,2023-09,2023,9,Riyadh,Business,Asia,Other,5,2254.38,3
V01385,2024-12,2024,12,Jeddah,Leisure,Domestic,Hotel,3,1225.1,3
V01386,2024-08,2024,8,Riyadh,Religious,Asia,Furnished Apartment,4,901.46,5
V01387,2023-12,2023,12,Makkah,Religious,Asia,Hotel,1,207.97,2
V01388,2024-08,2024,8,Riyadh,Leisure,Domestic,Resort,1,479.66,4
V01389,2024-01,2024,1,Riyadh,Religious,Asia,Furnished Apartment,4,1536.46,5
V01390,2023-10,2023,10,Makkah,Family,Domestic,Hotel,1,186.06,1
V01391,2025-01,2025,1,Dammam,Business,Asia,Hotel,2,389.64,5
V01392,2022-06,2022,6,Makkah,Events,Domestic,Hotel,2,777.93,3
V01393,2023-10,2023,10,Madinah,Religious,Asia,Other,1,442.58,3
V01394,2023-07,2023,7,Makkah,Leisure,Asia,Resort,4,797.24,2
V01395,2022-03,2022,3,AlUla,Religious,Domestic,Furnished Apartment,3,1144.99,2
V01396,2023-05,2023,5,AlUla,Leisure,GCC,Resort,3,537.55,5
V01397,2025-05,2025,5,Riyadh,Leisure,Domestic,Hotel,6,1153.76,2
V01398,2022-02,2022,2,Jeddah,Religious,GCC,Other,3,1169.18,2
V01399,2022-02,2022,2,Madinah,Religious,Domestic,Hotel,3,1250.98,2
V01400,2024-06,2024,6,Riyadh,Family,Domestic,Hotel,2,560.33,1
V01401,2024-11,2024,11,Riyadh,Business,Europe,Hotel,4,1168.29,5
V01402,2024-12,2024,12,Madinah,Religious,Asia,Furnished Apartment,3,1022.99,1
V01403,2022-07,2022,7,Jeddah,Religious,Asia,Hotel,1,281.65,2
V01404,2025-06,2025,6,Abha,Family,GCC,Resort,4,1552.09,4
V01405,2023-11,2023,11,Jeddah,Religious,Asia,Hotel,1,252.45,5
V01406,2022-05,2022,5,Makkah,Leisure,Domestic,Hotel,2,567.2,2
V01407,2024-01,2024,1,Makkah,Religious,Asia,Hotel,3,1391.01,3
V01408,2025-02,2025,2,AlUla,Business,Domestic,Furnished Apartment,1,288.81,3
V01409,2024-12,2024,12,Riyadh,Events,Domestic,Hotel,2,729.8,4
V01410,2025-08,2025,8,Abha,Leisure,Asia,Hotel,1,158.23,2
V01411,2023-11,2023,11,Abha,Leisure,GCC,Furnished Apartment,5,1123.12,3
V01412,2022-10,2022,10,Jeddah,Family,Other,Furnished Apartment,1,425.2,5
V01413,2022-01,2022,1,Riyadh,Religious,GCC,Hotel,5,1923.21,3
V01414,2022-06,2022,6,Jeddah,Family,GCC,Hotel,3,941.47,5
V01415,2024-02,2024,2,Makkah,Religious,Domestic,Furnished Apartment,3,1148.46,1
V01416,2024-09,2024,9,Riyadh,Events,GCC,Other,1,343.75,1
V01417,2023-03,2023,3,Jeddah,Religious,GCC,Hotel,3,1460.88,2
V01418,2022-09,2022,9,Jeddah,Events,Asia,Furnished Apartment,4,1523.89,4
V01419,2025-02,2025,2,Makkah,Religious,Europe,Hotel,1,349.03,2
V01420,2022-09,2022,9,Dammam,Business,GCC,Resort,1,434.59,4
V01421,2024-01,2024,1,Madinah,Religious,Asia,Furnished Apartment,4,1126.24,5
V01422,2022-05,2022,5,Makkah,Religious,Domestic,Furnished Apartment,2,608.38,3
V01423,2023-12,2023,12,Madinah,Family,GCC,Furnished Apartment,3,835.04,4
V01424,2025-06,2025,6,Makkah,Family,Asia,Hotel,2,777.17,4
V01425,2025-05,2025,5,Dammam,Business,GCC,Hotel,4,643.85,4
V01426,2025-08,2025,8,Makkah,Religious,Asia,Furnished Apartment,1,349.4,5
V01427,2025-04,2025,4,Riyadh,Leisure,GCC,Other,3,1046.15,1
V01428,2022-01,2022,1,Riyadh,Family,Domestic,Furnished Apartment,1,371.53,1
V01429,2023-09,2023,9,Riyadh,Leisure,Asia,Other,3,547.92,1
V01430,2023-03,2023,3,Dammam,Events,Domestic,Hotel,1,312.45,2
V01431,2023-02,2023,2,Makkah,Religious,Domestic,Hotel,3,1361.0,1
V01432,2025-03,2025,3,Madinah,Family,Domestic,Resort,4,931.29,3
V01433,2022-11,2022,11,Madinah,Events,Domestic,Hotel,3,487.96,3
V01434,2025-03,2025,3,Makkah,Religious,GCC,Other,5,2267.03,4
V01435,2023-06,2023,6,Jeddah,Religious,Domestic,Hotel,1,316.45,1
V01436,2024-07,2024,7,Jeddah,Family,Domestic,Hotel,4,1616.9,4
V01437,2023-11,2023,11,Makkah,Religious,Domestic,Hotel,3,1141.66,5
V01438,2025-04,2025,4,Abha,Religious,Domestic,Hotel,3,1066.09,3
V01439,2024-12,2024,12,Madinah,Religious,Domestic,Hotel,4,722.65,5
V01440,2023-09,2023,9,Makkah,Religious,GCC,Furnished Apartment,2,965.39,2
V01441,2022-02,2022,2,Madinah,Family,Domestic,Hotel,3,1186.96,3
V01442,2023-02,2023,2,Makkah,Events,Domestic,Hotel,1,217.4,5
V01443,2024-03,2024,3,Riyadh,Family,Other,Hotel,2,443.37,5
V01444,2023-03,2023,3,Makkah,Religious,Domestic,Other,1,430.76,1
V01445,2022-01,2022,1,Riyadh,Religious,Domestic,Hotel,6,2090.49,2
V01446,2025-04,2025,4,Madinah,Religious,Asia,Furnished Apartment,3,1407.0,4
V01447,2023-06,2023,6,Dammam,Religious,Europe,Hotel,2,912.26,5
V01448,2024-07,2024,7,Madinah,Religious,Asia,Hotel,5,1162.71,5
V01449,2022-01,2022,1,Makkah,Events,GCC,Furnished Apartment,1,280.27,3
V01450,2022-04,2022,4,Jeddah,Religious,Domestic,Hotel,3,557.28,4
V01451,2023-03,2023,3,Riyadh,Religious,GCC,Hotel,2,523.16,2
V01452,2024-07,2024,7,Riyadh,Business,GCC,Resort,3,1143.37,5
V01453,2023-12,2023,12,AlUla,Religious,Domestic,Hotel,4,1945.55,1
V01454,2025-04,2025,4,Jeddah,Religious,Europe,Other,6,1813.3,3
V01455,2022-11,2022,11,Makkah,Leisure,GCC,Hotel,1,215.07,1
V01456,2025-02,2025,2,Jeddah,Religious,Domestic,Hotel,3,1018.96,3
V01457,2023-02,2023,2,Dammam,Business,Domestic,Furnished Apartment,3,779.15,2
V01458,2023-03,2023,3,Makkah,Religious,Asia,Hotel,2,928.04,3
V01459,2024-09,2024,9,Makkah,Religious,Domestic,Hotel,3,1318.82,2
V01460,2024-10,2024,10,Abha,Leisure,Asia,Other,2,982.57,1
V01461,2023-07,2023,7,Riyadh,Religious,Domestic,Hotel,2,742.87,3
V01462,2022-07,2022,7,Madinah,Religious,Domestic,Hotel,1,224.01,4
V01463,2025-02,2025,2,Abha,Leisure,Domestic,Hotel,1,214.47,3
V01464,2024-11,2024,11,Riyadh,Family,Other,Hotel,2,903.59,1
V01465,2023-12,2023,12,Makkah,Family,GCC,Hotel,2,562.86,4
V01466,2023-02,2023,2,AlUla,Business,Domestic,Furnished Apartment,1,347.7,2
V01467,2025-04,2025,4,Dammam,Business,Domestic,Resort,4,1131.22,2
V01468,2023-09,2023,9,Madinah,Business,Europe,Hotel,3,905.26,4
V01469,2022-04,2022,4,Riyadh,Religious,Domestic,Hotel,4,1646.45,1
V01470,2024-02,2024,2,Riyadh,Leisure,GCC,Furnished Apartment,2,921.31,1
V01471,2025-06,2025,6,Jeddah,Religious,Domestic,Hotel,2,645.31,2
V01472,2025-04,2025,4,Abha,Leisure,Domestic,Resort,3,985.39,5
V01473,2024-05,2024,5,AlUla,Family,Domestic,Hotel,1,441.5,1
V01474,2022-09,2022,9,Madinah,Religious,GCC,Hotel,1,219.15,2
V01475,2023-02,2023,2,Dammam,Leisure,Europe,Hotel,1,368.56,2
V01476,2023-08,2023,8,Jeddah,Business,Domestic,Resort,2,892.19,5
V01477,2024-05,2024,5,Makkah,Family,Europe,Resort,4,1106.35,3
V01478,2025-01,2025,1,Jeddah,Religious,Asia,Hotel,2,355.63,1
V01479,2023-01,2023,1,Madinah,Leisure,Domestic,Resort,3,692.7,5
V01480,2022-12,2022,12,Riyadh,Religious,GCC,Hotel,2,332.1,4
V01481,2022-04,2022,4,Madinah,Religious,Asia,Other,4,1096.36,2
V01482,2024-12,2024,12,Riyadh,Leisure,Europe,Hotel,3,1212.13,3
V01483,2022-05,2022,5,Dammam,Family,Other,Resort,4,1565.99,5
V01484,2022-10,2022,10,Makkah,Religious,Domestic,Other,2,375.53,5
V01485,2022-08,2022,8,Makkah,Religious,Domestic,Hotel,4,1209.85,2
V01486,2022-05,2022,5,Dammam,Family,Domestic,Hotel,4,1843.63,2
V01487,2024-02,2024,2,Jeddah,Family,GCC,Hotel,5,783.66,4
V01488,2024-09,2024,9,Jeddah,Events,Domestic,Resort,3,829.15,1
V01489,2023-06,2023,6,Makkah,Religious,Domestic,Hotel,3,713.07,1
V01490,2024-01,2024,1,Dammam,Religious,Domestic,Hotel,1,427.7,3
V01491,2022-06,2022,6,Riyadh,Family,Other,Hotel,6,1398.36,5
V01492,2025-05,2025,5,Makkah,Religious,Europe,Hotel,4,951.91,3
V01493,2022-02,2022,2,Jeddah,Religious,Domestic,Other,4,1533.57,4
V01494,2025-03,2025,3,Madinah,Religious,Asia,Hotel,6,2434.14,3
V01495,2024-10,2024,10,Abha,Events,Other,Resort,5,963.94,4
V01496,2023-07,2023,7,Riyadh,Events,Domestic,Hotel,5,1438.93,5
V01497,2023-05,2023,5,Makkah,Family,Domestic,Resort,5,842.18,2
V01498,2025-07,2025,7,Madinah,Leisure,Europe,Hotel,3,1060.12,4
V01499,2023-06,2023,6,Madinah,Religious,Domestic,Hotel,6,970.58,1
V01500,2023-09,2023,9,Madinah,Religious,Asia,Hotel,5,2419.32,4
V01501,2025-02,2025,2,Dammam,Leisure,Domestic,Resort,3,1014.73,3
V01502,2025-04,2025,4,Makkah,Events,Domestic,Hotel,4,786.52,2
V01503,2023-02,2023,2,Jeddah,Leisure,Other,Other,2,595.4,1
V01504,2025-05,2025,5,Riyadh,Business,GCC,Hotel,2,551.53,5
V01505,2025-02,2025,2,Madinah,Leisure,Domestic,Hotel,4,1411.26,3
V01506,2025-05,2025,5,Dammam,Religious,Asia,Other,3,1489.67,5
V01507,2022-12,2022,12,Dammam,Events,Domestic,Resort,2,398.63,4
V01508,2023-10,2023,10,Dammam,Family,Asia,Hotel,3,1089.78,4
V01509,2022-08,2022,8,Jeddah,Leisure,Domestic,Resort,5,2233.87,2
V01510,2025-07,2025,7,Madinah,Business,GCC,Furnished Apartment,5,1878.92,2
V01511,2022-02,2022,2,Jeddah,Religious,Asia,Furnished Apartment,2,713.96,5
V01512,2024-05,2024,5,Makkah,Religious,Domestic,Hotel,4,852.34,2
V01513,2025-06,2025,6,Makkah,Religious,Domestic,Other,4,1996.97,1
V01514,2025-08,2025,8,Madinah,Leisure,Domestic,Hotel,4,1839.42,1
V01515,2024-10,2024,10,Dammam,Religious,Asia,Hotel,3,1483.04,2
V01516,2023-03,2023,3,Makkah,Leisure,Domestic,Hotel,1,371.02,1
V01517,2022-05,2022,5,Jeddah,Leisure,Other,Hotel,4,1299.17,2
V01518,2023-03,2023,3,Jeddah,Events,Asia,Hotel,4,1178.19,4
V01519,2024-06,2024,6,Riyadh,Leisure,Domestic,Hotel,5,1300.05,2
V01520,2024-08,2024,8,Dammam,Religious,Domestic,Hotel,3,986.2,5
V01521,2023-04,2023,4,Madinah,Religious,Europe,Hotel,1,288.86,4
V01522,2022-11,2022,11,Dammam,Leisure,Europe,Hotel,4,1275.49,5
V01523,2023-01,2023,1,Madinah,Religious,Other,Hotel,5,1122.61,2
V01524,2025-02,2025,2,Jeddah,Leisure,GCC,Resort,4,1059.34,2
V01525,2025-03,2025,3,AlUla,Family,Other,Resort,2,497.5,5
V01526,2022-12,2022,12,Jeddah,Religious,Asia,Resort,2,837.77,3
V01527,2025-07,2025,7,Abha,Religious,GCC,Hotel,4,1993.73,2
V01528,2025-03,2025,3,Jeddah,Business,Domestic,Furnished Apartment,4,1638.25,2
V01529,2024-07,2024,7,Jeddah,Business,Asia,Resort,3,1404.09,3
V01530,2025-01,2025,1,Riyadh,Events,GCC,Hotel,4,1717.46,5
V01531,2025-07,2025,7,Makkah,Leisure,GCC,Resort,5,1295.96,4
V01532,2022-10,2022,10,Jeddah,Events,Europe,Furnished Apartment,3,1114.48,4
V01533,2023-09,2023,9,Madinah,Religious,Domestic,Hotel,3,868.59,4
V01534,2025-05,2025,5,Abha,Religious,GCC,Resort,2,974.08,3
V01535,2023-12,2023,12,Madinah,Leisure,Domestic,Furnished Apartment,3,587.57,5
V01536,2022-07,2022,7,AlUla,Leisure,Domestic,Hotel,1,360.29,4
V01537,2024-09,2024,9,Jeddah,Religious,GCC,Resort,4,1879.23,3
V01538,2025-04,2025,4,Madinah,Religious,GCC,Resort,4,1244.09,5
V01539,2022-01,2022,1,Madinah,Religious,Domestic,Hotel,3,745.03,3
V01540,2025-08,2025,8,Makkah,Business,Asia,Hotel,4,806.69,1
V01541,2022-10,2022,10,Riyadh,Religious,Domestic,Resort,5,2316.96,3
V01542,2023-11,2023,11,Makkah,Religious,Domestic,Furnished Apartment,4,736.79,5
V01543,2024-05,2024,5,Makkah,Religious,Domestic,Hotel,2,894.12,4
V01544,2024-11,2024,11,Makkah,Religious,Domestic,Hotel,4,1907.8,3
V01545,2024-10,2024,10,Jeddah,Leisure,GCC,Hotel,1,462.98,1
V01546,2025-03,2025,3,Dammam,Religious,GCC,Other,5,1250.37,5
V01547,2025-01,2025,1,Jeddah,Leisure,Domestic,Hotel,3,532.02,4
V01548,2023-04,2023,4,Abha,Family,Other,Other,3,1276.46,1
V01549,2025-05,2025,5,AlUla,Religious,Domestic,Other,1,424.21,4
V01550,2022-12,2022,12,Makkah,Leisure,Asia,Hotel,3,1169.45,3
V01551,2023-10,2023,10,AlUla,Family,Asia,Hotel,4,1065.04,2
V01552,2023-12,2023,12,Riyadh,Family,GCC,Furnished Apartment,1,391.83,1
V01553,2023-01,2023,1,Riyadh,Business,Domestic,Other,4,1194.07,2
V01554,2024-01,2024,1,Makkah,Religious,Domestic,Hotel,2,756.38,2
V01555,2024-09,2024,9,Dammam,Religious,GCC,Other,4,1763.52,1
V01556,2025-02,2025,2,Jeddah,Leisure,GCC,Other,3,1055.07,2
V01557,2024-06,2024,6,Madinah,Religious,GCC,Hotel,2,659.4,3
V01558,2024-04,2024,4,Riyadh,Religious,Asia,Hotel,8,3686.9,1
V01559,2025-02,2025,2,Madinah,Religious,Domestic,Resort,1,343.17,1
V01560,2022-03,2022,3,Jeddah,Leisure,Domestic,Hotel,1,468.94,1
V01561,2025-01,2025,1,Jeddah,Religious,Domestic,Furnished Apartment,3,938.54,2
V01562,2022-07,2022,7,AlUla,Events,GCC,Resort,2,631.58,3
V01563,2023-12,2023,12,Jeddah,Religious,Domestic,Furnished Apartment,1,452.57,2
V01564,2023-05,2023,5,Madinah,Religious,Domestic,Hotel,3,1041.13,3
V01565,2024-06,2024,6,Madinah,Leisure,GCC,Hotel,1,194.22,3
V01566,2022-12,2022,12,Madinah,Religious,Domestic,Resort,4,1117.9,4
V01567,2022-10,2022,10,AlUla,Religious,GCC,Resort,4,754.7,4
V01568,2023-09,2023,9,Jeddah,Religious,Domestic,Hotel,2,526.43,5
V01569,2022-11,2022,11,Abha,Leisure,Asia,Furnished Apartment,5,1373.43,2
V01570,2024-01,2024,1,Riyadh,Business,Domestic,Hotel,1,160.08,1
V01571,2022-08,2022,8,AlUla,Leisure,Domestic,Resort,2,406.88,4
V01572,2023-06,2023,6,Madinah,Leisure,GCC,Hotel,2,713.28,2
V01573,2025-05,2025,5,Abha,Leisure,Domestic,Resort,3,786.13,3
V01574,2024-10,2024,10,Dammam,Leisure,Domestic,Furnished Apartment,2,364.8,1
V01575,2023-06,2023,6,Makkah,Religious,Europe,Hotel,2,1094.5,3
V01576,2022-09,2022,9,Abha,Family,Domestic,Hotel,1,355.23,1
V01577,2022-04,2022,4,Jeddah,Family,Domestic,Other,1,310.62,5
V01578,2023-08,2023,8,Madinah,Religious,GCC,Hotel,6,2608.02,3
V01579,2022-12,2022,12,Riyadh,Family,Asia,Resort,1,460.91,2
V01580,2023-02,2023,2,Madinah,Religious,Europe,Hotel,7,1440.82,3
V01581,2024-04,2024,4,Jeddah,Family,Domestic,Furnished Apartment,2,641.96,4
V01582,2024-11,2024,11,Madinah,Family,Asia,Furnished Apartment,2,781.72,3
V01583,2023-09,2023,9,Madinah,Leisure,Europe,Resort,3,824.5,4
V01584,2022-06,2022,6,Makkah,Religious,Domestic,Hotel,1,413.63,1
V01585,2025-08,2025,8,Riyadh,Family,GCC,Hotel,4,1882.39,4
V01586,2022-10,2022,10,Riyadh,Leisure,Domestic,Hotel,4,1759.65,4
V01587,2023-11,2023,11,Riyadh,Family,Domestic,Resort,2,570.12,4
V01588,2022-07,2022,7,Madinah,Business,GCC,Hotel,3,1229.76,1
V01589,2022-04,2022,4,Abha,Leisure,Domestic,Hotel,5,1691.31,5
V01590,2022-07,2022,7,Madinah,Religious,Domestic,Hotel,4,1123.84,3
V01591,2022-10,2022,10,Makkah,Business,Domestic,Hotel,1,300.92,5
V01592,2023-04,2023,4,Riyadh,Leisure,Domestic,Hotel,3,700.64,5
V01593,2022-09,2022,9,Madinah,Religious,Asia,Resort,5,2477.08,5
V01594,2023-12,2023,12,Jeddah,Leisure,Domestic,Hotel,6,1177.8,1
V01595,2022-01,2022,1,Jeddah,Events,GCC,Hotel,1,214.01,3
V01596,2024-09,2024,9,Madinah,Business,Domestic,Furnished Apartment,2,891.7,2
V01597,2022-07,2022,7,AlUla,Leisure,Domestic,Hotel,2,707.38,3
V01598,2023-07,2023,7,Abha,Family,Asia,Hotel,4,1799.22,1
V01599,2024-08,2024,8,AlUla,Family,Domestic,Resort,2,366.82,3
V01600,2023-08,2023,8,Makkah,Leisure,GCC,Hotel,5,1111.68,1
V01601,2022-07,2022,7,AlUla,Business,Domestic,Other,3,1003.02,5
V01602,2025-03,2025,3,Riyadh,Leisure,Domestic,Resort,6,1032.46,2
V01603,2022-11,2022,11,Riyadh,Leisure,GCC,Resort,3,1032.31,4
V01604,2024-05,2024,5,Jeddah,Business,GCC,Furnished Apartment,5,2034.69,3
V01605,2022-10,2022,10,Makkah,Religious,GCC,Hotel,1,153.1,4
V01606,2023-12,2023,12,Riyadh,Events,Europe,Resort,4,818.37,1
V01607,2025-07,2025,7,Madinah,Religious,Domestic,Resort,2,401.9,5
V01608,2025-01,2025,1,Abha,Family,Other,Hotel,1,208.87,1
V01609,2023-09,2023,9,Madinah,Leisure,GCC,Hotel,6,2233.4,2
V01610,2022-09,2022,9,Jeddah,Leisure,Other,Hotel,1,269.16,5
V01611,2025-07,2025,7,Riyadh,Family,Asia,Furnished Apartment,3,990.81,5
V01612,2022-02,2022,2,Abha,Leisure,Domestic,Furnished Apartment,2,356.36,2
V01613,2023-11,2023,11,Riyadh,Religious,Domestic,Resort,2,529.82,2
V01614,2023-07,2023,7,Madinah,Religious,Other,Resort,4,1493.87,2
V01615,2023-09,2023,9,Riyadh,Religious,Domestic,Other,5,1382.78,3
V01616,2025-05,2025,5,Dammam,Leisure,Domestic,Resort,3,847.27,4
V01617,2024-09,2024,9,Riyadh,Family,Other,Hotel,2,628.37,4
V01618,2022-03,2022,3,Makkah,Religious,GCC,Hotel,1,493.86,1
V01619,2022-11,2022,11,Riyadh,Business,Domestic,Furnished Apartment,2,530.34,2
V01620,2023-04,2023,4,Makkah,Business,Domestic,Other,4,1391.21,2
V01621,2022-09,2022,9,Dammam,Leisure,Domestic,Hotel,8,3046.57,5
V01622,2025-06,2025,6,AlUla,Business,Domestic,Hotel,3,646.39,3
V01623,2022-07,2022,7,Jeddah,Religious,Domestic,Hotel,4,1579.12,1
V01624,2023-01,2023,1,Riyadh,Leisure,Domestic,Furnished Apartment,3,567.44,5
V01625,2023-10,2023,10,Dammam,Leisure,Domestic,Resort,3,1427.86,3
V01626,2024-11,2024,11,Madinah,Religious,Domestic,Hotel,5,1076.52,1
V01627,2023-08,2023,8,Dammam,Leisure,Domestic,Other,4,854.21,2
V01628,2022-11,2022,11,Madinah,Business,Europe,Hotel,1,309.67,5
V01629,2024-05,2024,5,Madinah,Religious,Domestic,Hotel,2,883.24,5
V01630,2025-05,2025,5,Dammam,Family,Domestic,Furnished Apartment,3,1178.72,5
V01631,2025-03,2025,3,Dammam,Religious,Domestic,Other,2,917.57,5
V01632,2025-01,2025,1,Makkah,Religious,Domestic,Hotel,1,482.74,4
V01633,2025-04,2025,4,Madinah,Religious,GCC,Other,1,255.82,4
V01634,2022-06,2022,6,Makkah,Religious,Europe,Hotel,2,1171.03,2
V01635,2024-04,2024,4,Jeddah,Business,Domestic,Hotel,5,954.46,3
V01636,2025-06,2025,6,Madinah,Leisure,Domestic,Resort,3,812.72,3
V01637,2022-02,2022,2,Abha,Leisure,Domestic,Hotel,4,1474.71,4
V01638,2022-07,2022,7,Riyadh,Events,Domestic,Furnished Apartment,4,1402.04,1
V01639,2025-02,2025,2,Makkah,Religious,Domestic,Furnished Apartment,5,2441.34,5
V01640,2022-11,2022,11,Makkah,Business,Domestic,Other,2,346.38,5
V01641,2024-05,2024,5,Riyadh,Religious,Domestic,Other,4,1903.02,5
V01642,2024-10,2024,10,Riyadh,Leisure,Asia,Hotel,7,2376.51,2
V01643,2025-02,2025,2,Makkah,Family,Asia,Hotel,2,603.61,3
V01644,2025-04,2025,4,Madinah,Religious,Europe,Hotel,3,996.41,5
V01645,2023-04,2023,4,AlUla,Religious,Domestic,Hotel,3,1046.64,3
V01646,2025-03,2025,3,Makkah,Religious,GCC,Furnished Apartment,3,685.8,1
V01647,2022-10,2022,10,Makkah,Business,Asia,Other,5,2388.85,3
V01648,2025-01,2025,1,Dammam,Business,Domestic,Furnished Apartment,4,1684.79,2
V01649,2023-05,2023,5,Riyadh,Events,GCC,Hotel,5,1929.22,4
V01650,2023-09,2023,9,Jeddah,Leisure,Domestic,Other,1,405.7,3
V01651,2022-01,2022,1,AlUla,Religious,Domestic,Hotel,3,587.59,4
V01652,2023-02,2023,2,Riyadh,Leisure,Other,Other,2,570.95,2
V01653,2024-04,2024,4,Makkah,Family,Asia,Hotel,2,637.55,1
V01654,2022-05,2022,5,Abha,Religious,Asia,Hotel,4,976.44,4
V01655,2024-06,2024,6,Makkah,Events,GCC,Hotel,3,1129.69,5
V01656,2024-10,2024,10,Madinah,Religious,Domestic,Hotel,4,1431.17,1
V01657,2023-09,2023,9,Jeddah,Religious,Europe,Resort,6,2775.06,3
V01658,2025-04,2025,4,Madinah,Leisure,Asia,Furnished Apartment,3,494.98,3
V01659,2023-11,2023,11,Jeddah,Religious,Domestic,Hotel,4,1449.84,2
V01660,2022-12,2022,12,Riyadh,Family,Domestic,Hotel,4,1410.91,2
V01661,2023-03,2023,3,Riyadh,Family,Domestic,Hotel,2,695.2,4
V01662,2024-09,2024,9,Dammam,Leisure,Domestic,Furnished Apartment,2,577.29,4
V01663,2024-05,2024,5,Makkah,Leisure,Domestic,Furnished Apartment,4,988.27,4
V01664,2024-02,2024,2,Makkah,Family,Domestic,Resort,1,191.41,4
V01665,2023-01,2023,1,Madinah,Business,Domestic,Hotel,4,625.64,4
V01666,2023-04,2023,4,Makkah,Business,Domestic,Furnished Apartment,1,474.3,2
V01667,2024-12,2024,12,Dammam,Religious,Asia,Hotel,1,193.55,4
V01668,2024-09,2024,9,Riyadh,Religious,GCC,Furnished Apartment,3,765.66,1
V01669,2022-04,2022,4,AlUla,Religious,GCC,Furnished Apartment,4,1770.1,2
V01670,2022-12,2022,12,AlUla,Family,Domestic,Resort,3,854.1,3
V01671,2025-01,2025,1,Madinah,Religious,Europe,Resort,4,1410.7,2
V01672,2023-01,2023,1,Dammam,Religious,Domestic,Hotel,4,1065.27,3
V01673,2022-04,2022,4,AlUla,Religious,Asia,Other,4,1796.69,4
V01674,2025-07,2025,7,Jeddah,Religious,Other,Hotel,5,1740.58,2
V01675,2024-10,2024,10,Jeddah,Religious,Asia,Hotel,2,429.91,3
V01676,2024-03,2024,3,Madinah,Religious,Domestic,Other,3,630.0,4
V01677,2023-03,2023,3,Dammam,Family,GCC,Hotel,2,781.88,5
V01678,2024-07,2024,7,Riyadh,Family,Domestic,Hotel,4,1833.66,4
V01679,2024-08,2024,8,Jeddah,Events,Domestic,Other,5,1945.15,1
V01680,2023-12,2023,12,Riyadh,Family,Other,Furnished Apartment,4,1023.54,2
V01681,2022-03,2022,3,Madinah,Religious,Domestic,Resort,3,1363.85,5
V01682,2024-11,2024,11,Makkah,Religious,Asia,Hotel,1,232.71,1
V01683,2025-02,2025,2,Riyadh,Leisure,Domestic,Furnished Apartment,3,480.49,1
V01684,2024-09,2024,9,Abha,Events,Domestic,Hotel,2,730.09,2
V01685,2023-02,2023,2,Jeddah,Leisure,Europe,Other,5,2053.5,2
V01686,2022-04,2022,4,AlUla,Leisure,GCC,Hotel,3,809.88,3
V01687,2022-06,2022,6,Makkah,Religious,GCC,Hotel,4,1537.3,3
V01688,2023-03,2023,3,Riyadh,Leisure,GCC,Resort,1,453.17,2
V01689,2024-04,2024,4,Makkah,Religious,Domestic,Other,1,241.57,5
V01690,2022-05,2022,5,Dammam,Leisure,GCC,Hotel,1,349.17,4
V01691,2024-07,2024,7,Jeddah,Business,GCC,Other,2,486.66,2
V01692,2022-08,2022,8,Makkah,Business,Domestic,Other,4,1043.51,2
V01693,2024-10,2024,10,Riyadh,Leisure,Europe,Hotel,3,894.53,2
V01694,2024-02,2024,2,Riyadh,Business,Europe,Hotel,2,1258.48,4
V01695,2025-05,2025,5,Madinah,Leisure,Domestic,Hotel,2,670.43,2
V01696,2023-06,2023,6,Makkah,Religious,Europe,Hotel,1,371.06,4
V01697,2022-04,2022,4,AlUla,Religious,Other,Furnished Apartment,2,502.68,4
V01698,2024-08,2024,8,Riyadh,Leisure,Asia,Hotel,5,1649.25,2
V01699,2023-04,2023,4,Makkah,Religious,GCC,Hotel,2,473.98,5
V01700,2024-12,2024,12,Madinah,Religious,Domestic,Hotel,2,585.28,4
V01701,2023-01,2023,1,Madinah,Religious,GCC,Resort,4,996.31,2
V01702,2024-07,2024,7,Jeddah,Leisure,Europe,Hotel,2,971.52,1
V01703,2022-07,2022,7,Makkah,Religious,Europe,Furnished Apartment,3,1162.47,5
V01704,2023-08,2023,8,Makkah,Religious,Domestic,Hotel,3,1056.54,5
V01705,2024-10,2024,10,AlUla,Events,Asia,Other,2,866.79,3
V01706,2023-04,2023,4,Jeddah,Business,Domestic,Other,3,1091.15,2
V01707,2024-03,2024,3,Makkah,Events,Domestic,Other,6,2660.33,1
V01708,2025-08,2025,8,Riyadh,Leisure,Asia,Hotel,3,1284.92,4
V01709,2024-11,2024,11,Abha,Events,Domestic,Hotel,4,815.91,1
V01710,2022-10,2022,10,Jeddah,Business,Domestic,Furnished Apartment,5,1439.6,5
V01711,2022-01,2022,1,Makkah,Religious,Domestic,Resort,1,463.0,4
V01712,2024-12,2024,12,Dammam,Leisure,GCC,Other,5,1436.24,4
V01713,2024-01,2024,1,Abha,Family,Domestic,Hotel,1,302.02,5
V01714,2024-09,2024,9,Madinah,Religious,Domestic,Hotel,4,1773.45,1
V01715,2023-02,2023,2,AlUla,Business,Asia,Furnished Apartment,3,1031.06,1
V01716,2022-12,2022,12,Abha,Religious,Domestic,Furnished Apartment,4,1912.17,1
V01717,2022-06,2022,6,Makkah,Religious,Domestic,Hotel,2,794.13,4
V01718,2025-06,2025,6,Madinah,Religious,GCC,Furnished Apartment,3,689.07,1
V01719,2025-06,2025,6,Makkah,Business,Domestic,Hotel,4,1897.82,4
V01720,2023-11,2023,11,Riyadh,Leisure,Domestic,Hotel,5,2225.44,2
V01721,2022-06,2022,6,Jeddah,Family,Domestic,Resort,5,1240.2,1
V01722,2024-09,2024,9,Dammam,Business,Asia,Resort,3,660.53,4
V01723,2024-08,2024,8,Riyadh,Family,Other,Hotel,1,238.11,5
V01724,2023-09,2023,9,Riyadh,Family,Domestic,Other,4,1732.02,5
V01725,2024-03,2024,3,Makkah,Family,Asia,Hotel,1,445.68,4
V01726,2024-09,2024,9,Makkah,Religious,GCC,Hotel,4,1098.72,2
V01727,2023-09,2023,9,Makkah,Religious,Domestic,Hotel,3,586.88,3
V01728,2024-06,2024,6,Madinah,Events,GCC,Resort,2,348.25,1
V01729,2022-03,2022,3,Dammam,Leisure,Europe,Other,1,441.97,1
V01730,2023-02,2023,2,Madinah,Business,Domestic,Other,1,264.02,3
V01731,2022-10,2022,10,Riyadh,Leisure,Other,Resort,7,1457.73,2
V01732,2022-09,2022,9,Jeddah,Leisure,Europe,Resort,3,1544.39,4
V01733,2023-11,2023,11,AlUla,Family,Other,Resort,5,2342.38,5
V01734,2022-10,2022,10,Riyadh,Business,GCC,Resort,1,214.46,4
V01735,2024-04,2024,4,Abha,Leisure,GCC,Furnished Apartment,4,1611.71,2
V01736,2022-09,2022,9,Jeddah,Religious,Europe,Furnished Apartment,1,440.85,1
V01737,2025-08,2025,8,Madinah,Religious,Domestic,Hotel,1,461.29,3
V01738,2022-03,2022,3,Abha,Business,Europe,Hotel,6,3260.78,3
V01739,2022-09,2022,9,Dammam,Leisure,Domestic,Furnished Apartment,3,1175.15,2
V01740,2024-01,2024,1,AlUla,Religious,Other,Furnished Apartment,3,1307.19,5
V01741,2023-06,2023,6,Dammam,Family,Domestic,Resort,1,494.55,4
V01742,2022-09,2022,9,Makkah,Religious,Domestic,Other,2,682.65,2
V01743,2025-04,2025,4,Jeddah,Leisure,Asia,Hotel,4,1501.09,2
V01744,2023-04,2023,4,AlUla,Religious,Domestic,Hotel,5,928.38,1
V01745,2022-12,2022,12,Makkah,Religious,Asia,Hotel,2,646.34,1
V01746,2024-04,2024,4,Jeddah,Religious,Domestic,Hotel,2,407.91,5
V01747,2022-03,2022,3,Jeddah,Leisure,GCC,Resort,6,2568.72,2
V01748,2025-05,2025,5,Makkah,Leisure,Domestic,Hotel,2,502.2,4
V01749,2023-05,2023,5,Riyadh,Business,Domestic,Hotel,1,194.46,2
V01750,2024-03,2024,3,Jeddah,Religious,Other,Resort,6,2147.73,2
V01751,2022-08,2022,8,AlUla,Business,Asia,Hotel,6,2444.96,1
V01752,2024-05,2024,5,Dammam,Religious,GCC,Other,6,2375.54,3
V01753,2024-04,2024,4,Dammam,Family,Asia,Resort,1,363.06,4
V01754,2025-02,2025,2,Riyadh,Religious,GCC,Furnished Apartment,2,984.33,4
V01755,2024-12,2024,12,Madinah,Religious,Europe,Hotel,4,1152.21,1
V01756,2025-03,2025,3,Madinah,Religious,Domestic,Resort,2,326.12,3
V01757,2023-06,2023,6,Jeddah,Leisure,Other,Hotel,2,637.34,2
V01758,2024-01,2024,1,Madinah,Family,Domestic,Hotel,5,1833.11,3
V01759,2022-09,2022,9,Jeddah,Family,Europe,Other,2,923.85,5
V01760,2023-12,2023,12,Dammam,Leisure,Domestic,Resort,4,1663.6,5
V01761,2022-03,2022,3,Riyadh,Leisure,Europe,Hotel,4,1745.44,3
V01762,2024-03,2024,3,Madinah,Leisure,Domestic,Furnished Apartment,2,650.85,1
V01763,2023-06,2023,6,Makkah,Religious,GCC,Hotel,2,960.21,4
V01764,2023-12,2023,12,Dammam,Leisure,Asia,Furnished Apartment,3,829.78,2
V01765,2024-06,2024,6,Riyadh,Family,Domestic,Hotel,6,1725.82,2
V01766,2022-10,2022,10,AlUla,Events,Domestic,Hotel,3,981.56,5
V01767,2024-07,2024,7,Abha,Religious,Domestic,Furnished Apartment,6,2325.7,3
V01768,2023-09,2023,9,Dammam,Religious,Domestic,Hotel,4,720.77,3
V01769,2022-08,2022,8,Makkah,Family,Asia,Hotel,2,311.24,2
V01770,2023-12,2023,12,Madinah,Business,Domestic,Furnished Apartment,2,759.83,4
V01771,2023-03,2023,3,Riyadh,Business,Europe,Furnished Apartment,2,601.91,5
V01772,2023-04,2023,4,Madinah,Religious,GCC,Hotel,3,908.31,2
V01773,2024-11,2024,11,Abha,Family,GCC,Hotel,4,820.06,3
V01774,2022-02,2022,2,Dammam,Leisure,Domestic,Hotel,2,645.78,3
V01775,2024-10,2024,10,Riyadh,Business,Other,Furnished Apartment,2,708.01,5
V01776,2023-04,2023,4,Madinah,Religious,Asia,Hotel,2,954.74,3
V01777,2023-02,2023,2,Makkah,Business,Domestic,Resort,4,1421.69,5
V01778,2024-12,2024,12,Madinah,Religious,Domestic,Furnished Apartment,4,1723.57,3
V01779,2023-05,2023,5,Makkah,Events,GCC,Hotel,3,833.92,3
V01780,2022-03,2022,3,Madinah,Religious,Domestic,Furnished Apartment,4,847.61,1
V01781,2024-07,2024,7,Jeddah,Religious,Europe,Hotel,2,840.07,2
V01782,2025-08,2025,8,Madinah,Leisure,Domestic,Other,3,1289.89,2
V01783,2024-08,2024,8,Makkah,Religious,Asia,Hotel,1,467.67,2
V01784,2022-08,2022,8,Riyadh,Leisure,Domestic,Hotel,6,1955.97,3
V01785,2024-05,2024,5,Makkah,Religious,Domestic,Furnished Apartment,2,693.44,5
V01786,2022-05,2022,5,Jeddah,Religious,Asia,Hotel,2,923.57,1
V01787,2024-03,2024,3,Jeddah,Leisure,Domestic,Other,2,391.44,2
V01788,2022-07,2022,7,Jeddah,Leisure,Other,Resort,2,829.0,1
V01789,2024-07,2024,7,Dammam,Religious,Domestic,Resort,5,2112.64,5
V01790,2024-12,2024,12,Makkah,Religious,Domestic,Hotel,3,1482.17,1
V01791,2024-03,2024,3,Riyadh,Religious,GCC,Furnished Apartment,5,1982.51,3
V01792,2023-04,2023,4,Jeddah,Leisure,Domestic,Hotel,1,223.6,4
V01793,2023-01,2023,1,AlUla,Events,Domestic,Resort,1,202.91,2
V01794,2022-04,2022,4,Makkah,Leisure,Asia,Hotel,1,350.84,5
V01795,2025-08,2025,8,Makkah,Religious,Domestic,Other,4,607.3,5
V01796,2025-08,2025,8,Madinah,Religious,Europe,Hotel,4,1103.27,1
V01797,2025-01,2025,1,Jeddah,Events,Asia,Furnished Apartment,1,227.28,5
V01798,2023-02,2023,2,Makkah,Leisure,Asia,Hotel,4,1925.52,3
V01799,2022-01,2022,1,Madinah,Family,Domestic,Furnished Apartment,3,514.19,4
V01800,2024-06,2024,6,Riyadh,Religious,Domestic,Hotel,1,496.47,1
V01801,2025-05,2025,5,AlUla,Events,Other,Hotel,6,1131.93,1
V01802,2022-03,2022,3,Makkah,Business,Domestic,Hotel,3,1369.48,4
V01803,2024-04,2024,4,AlUla,Family,Other,Hotel,1,160.73,5
V01804,2022-04,2022,4,Dammam,Religious,GCC,Hotel,2,945.54,4
V01805,2024-12,2024,12,Abha,Family,Domestic,Resort,5,1408.15,2
V01806,2025-06,2025,6,Makkah,Religious,Other,Furnished Apartment,2,479.72,3
V01807,2024-04,2024,4,Jeddah,Leisure,GCC,Furnished Apartment,3,1030.3,1
V01808,2025-07,2025,7,Dammam,Religious,Domestic,Resort,4,801.63,5
V01809,2023-04,2023,4,Jeddah,Leisure,GCC,Resort,4,1931.55,3
V01810,2024-02,2024,2,Dammam,Events,GCC,Hotel,5,1433.62,4
V01811,2024-05,2024,5,Riyadh,Religious,Domestic,Resort,2,630.41,3
V01812,2022-08,2022,8,Madinah,Religious,Asia,Hotel,5,1567.11,4
V01813,2023-05,2023,5,Jeddah,Leisure,Europe,Furnished Apartment,1,366.53,4
V01814,2025-04,2025,4,Dammam,Religious,Europe,Furnished Apartment,4,1583.29,3
V01815,2023-12,2023,12,Abha,Religious,Domestic,Hotel,1,202.01,3
V01816,2024-10,2024,10,Jeddah,Family,Other,Hotel,5,1587.73,1
V01817,2024-08,2024,8,Makkah,Religious,Domestic,Hotel,3,609.57,5
V01818,2022-06,2022,6,Makkah,Family,GCC,Hotel,4,1057.55,2
V01819,2025-06,2025,6,Dammam,Business,Domestic,Hotel,5,1692.73,1
V01820,2025-02,2025,2,Abha,Events,Domestic,Hotel,2,702.76,2
V01821,2023-05,2023,5,Riyadh,Family,Europe,Furnished Apartment,1,259.08,3
V01822,2024-10,2024,10,Dammam,Business,GCC,Hotel,2,691.58,5
V01823,2024-03,2024,3,Madinah,Events,Asia,Resort,3,1252.88,2
V01824,2023-03,2023,3,Riyadh,Religious,Domestic,Hotel,2,727.25,3
V01825,2025-05,2025,5,Madinah,Religious,Europe,Other,2,849.45,5
V01826,2023-09,2023,9,Madinah,Religious,Domestic,Other,3,809.65,2
V01827,2023-07,2023,7,Makkah,Events,Other,Hotel,1,439.33,4
V01828,2024-07,2024,7,Madinah,Business,Other,Hotel,5,2250.1,1
V01829,2022-05,2022,5,AlUla,Events,Domestic,Furnished Apartment,3,783.34,3
V01830,2023-10,2023,10,Makkah,Religious,Asia,Hotel,3,465.04,3
V01831,2022-09,2022,9,Madinah,Religious,Europe,Other,1,550.9,5
V01832,2025-04,2025,4,Dammam,Family,Domestic,Other,4,1393.55,2
V01833,2022-05,2022,5,Makkah,Leisure,Domestic,Hotel,4,1249.3,5
V01834,2024-10,2024,10,AlUla,Business,Domestic,Furnished Apartment,4,1743.91,4
V01835,2022-12,2022,12,Jeddah,Religious,Domestic,Hotel,3,1138.94,2
V01836,2023-08,2023,8,Riyadh,Leisure,Europe,Hotel,4,1185.3,2
V01837,2025-01,2025,1,AlUla,Family,Europe,Hotel,3,1472.44,2
V01838,2024-12,2024,12,AlUla,Leisure,Domestic,Hotel,1,493.99,3
V01839,2024-12,2024,12,Dammam,Business,Domestic,Hotel,4,1896.64,4
V01840,2022-02,2022,2,Makkah,Religious,Domestic,Resort,1,406.12,4
V01841,2023-06,2023,6,Makkah,Religious,GCC,Hotel,3,1482.17,2
V01842,2025-02,2025,2,Makkah,Leisure,Domestic,Hotel,4,623.57,1
V01843,2022-11,2022,11,Jeddah,Religious,Domestic,Hotel,5,1473.3,2
V01844,2025-01,2025,1,Jeddah,Leisure,GCC,Other,4,1340.96,2
V01845,2024-02,2024,2,Madinah,Religious,Europe,Hotel,1,203.0,5
V01846,2022-06,2022,6,Riyadh,Religious,GCC,Other,5,1553.67,4
V01847,2023-10,2023,10,Madinah,Religious,Domestic,Hotel,3,832.8,1
V01848,2025-02,2025,2,Riyadh,Leisure,Domestic,Hotel,5,1813.84,2
V01849,2025-01,2025,1,Madinah,Events,Domestic,Resort,1,177.31,3
V01850,2024-09,2024,9,Madinah,Religious,Domestic,Resort,3,1201.22,4
V01851,2023-01,2023,1,Jeddah,Business,Asia,Hotel,5,1437.41,4
V01852,2022-10,2022,10,Riyadh,Business,Domestic,Resort,5,2391.14,4
V01853,2022-12,2022,12,Makkah,Religious,GCC,Other,6,1227.95,4
V01854,2023-12,2023,12,Jeddah,Leisure,Domestic,Furnished Apartment,3,1271.8,4
V01855,2025-08,2025,8,Jeddah,Leisure,GCC,Hotel,4,932.59,2
V01856,2023-12,2023,12,Riyadh,Leisure,Europe,Resort,2,916.21,2
V01857,2022-06,2022,6,Makkah,Religious,Domestic,Furnished Apartment,5,2440.98,4
V01858,2023-11,2023,11,Riyadh,Leisure,Domestic,Hotel,1,260.72,5
V01859,2022-03,2022,3,Madinah,Religious,Domestic,Hotel,5,1556.22,4
V01860,2023-08,2023,8,Makkah,Events,Domestic,Furnished Apartment,3,1030.51,4
V01861,2023-06,2023,6,Makkah,Religious,Domestic,Hotel,1,306.26,5
V01862,2025-07,2025,7,Jeddah,Religious,Other,Furnished Apartment,4,1331.12,3
V01863,2024-07,2024,7,Riyadh,Business,Asia,Other,3,468.37,2
V01864,2023-07,2023,7,Makkah,Religious,Domestic,Other,5,1322.83,4
V01865,2024-08,2024,8,Abha,Leisure,GCC,Other,1,487.29,3
V01866,2025-06,2025,6,Madinah,Religious,GCC,Resort,2,300.18,2
V01867,2023-03,2023,3,Dammam,Family,GCC,Resort,1,213.97,1
V01868,2025-03,2025,3,Riyadh,Religious,Asia,Furnished Apartment,1,207.73,2
V01869,2023-09,2023,9,AlUla,Religious,Europe,Hotel,2,429.44,3
V01870,2024-12,2024,12,Madinah,Religious,Domestic,Furnished Apartment,2,426.19,1
V01871,2023-09,2023,9,AlUla,Religious,Asia,Furnished Apartment,3,675.89,1
V01872,2025-03,2025,3,Abha,Leisure,GCC,Furnished Apartment,3,813.49,1
V01873,2025-08,2025,8,Riyadh,Religious,Domestic,Other,2,334.5,5
V01874,2022-03,2022,3,Dammam,Religious,GCC,Furnished Apartment,2,644.26,4
V01875,2024-12,2024,12,Jeddah,Leisure,GCC,Furnished Apartment,2,576.93,1
V01876,2022-01,2022,1,Riyadh,Religious,Asia,Hotel,3,1130.85,5
V01877,2023-10,2023,10,Makkah,Religious,Other,Hotel,2,527.97,5
V01878,2025-04,2025,4,Abha,Family,GCC,Hotel,2,695.66,1
V01879,2024-12,2024,12,Riyadh,Family,Domestic,Hotel,4,921.19,3
V01880,2022-02,2022,2,Dammam,Business,Domestic,Hotel,4,1422.34,1
V01881,2023-03,2023,3,Makkah,Religious,Other,Furnished Apartment,2,880.71,4
V01882,2022-07,2022,7,Dammam,Leisure,Domestic,Furnished Apartment,4,1015.93,1
V01883,2024-10,2024,10,Madinah,Religious,Domestic,Resort,2,340.74,1
V01884,2023-02,2023,2,Jeddah,Religious,GCC,Furnished Apartment,2,445.8,2
V01885,2024-06,2024,6,Abha,Business,GCC,Other,2,645.29,3
V01886,2022-09,2022,9,Abha,Leisure,Domestic,Hotel,5,1270.91,4
V01887,2023-11,2023,11,Madinah,Family,Asia,Hotel,3,1057.05,5
V01888,2024-03,2024,3,Makkah,Religious,Asia,Resort,5,1101.16,2
V01889,2022-02,2022,2,Abha,Leisure,Domestic,Furnished Apartment,2,560.93,5
V01890,2023-11,2023,11,Jeddah,Events,Domestic,Hotel,4,1616.51,5
V01891,2023-05,2023,5,Makkah,Religious,Asia,Hotel,4,1116.32,3
V01892,2022-03,2022,3,Riyadh,Events,Other,Hotel,6,1173.47,4
V01893,2024-12,2024,12,Makkah,Religious,Domestic,Hotel,1,360.54,3
V01894,2023-05,2023,5,Abha,Business,Domestic,Furnished Apartment,2,978.47,5
V01895,2025-03,2025,3,Riyadh,Leisure,Domestic,Resort,3,1184.96,4
V01896,2022-09,2022,9,Abha,Religious,Other,Hotel,4,1612.61,3
V01897,2022-06,2022,6,AlUla,Religious,GCC,Furnished Apartment,4,1310.2,1
V01898,2023-04,2023,4,Makkah,Religious,GCC,Furnished Apartment,1,177.7,2
V01899,2023-03,2023,3,Makkah,Religious,GCC,Furnished Apartment,4,783.66,5
V01900,2022-09,2022,9,Dammam,Family,Europe,Furnished Apartment,4,2280.83,5
V01901,2023-04,2023,4,Riyadh,Family,GCC,Furnished Apartment,3,927.03,1
V01902,2022-02,2022,2,Makkah,Religious,Asia,Hotel,3,815.61,1
V01903,2025-02,2025,2,Dammam,Events,Domestic,Hotel,3,1202.87,5
V01904,2023-07,2023,7,Riyadh,Leisure,GCC,Furnished Apartment,5,2162.54,3
V01905,2023-08,2023,8,AlUla,Leisure,Domestic,Resort,4,1982.8,5
V01906,2025-07,2025,7,AlUla,Leisure,Domestic,Resort,3,1137.07,4
V01907,2022-10,2022,10,Madinah,Religious,Europe,Hotel,5,1131.48,5
V01908,2024-04,2024,4,Riyadh,Religious,GCC,Other,5,1245.82,1
V01909,2023-10,2023,10,Makkah,Religious,Asia,Hotel,2,932.04,2
V01910,2022-11,2022,11,Riyadh,Family,Asia,Furnished Apartment,3,656.79,3
V01911,2025-06,2025,6,Dammam,Religious,Europe,Hotel,6,3842.75,3
V01912,2025-02,2025,2,Madinah,Religious,Domestic,Hotel,3,625.08,2
V01913,2025-07,2025,7,Makkah,Religious,Other,Resort,4,788.52,1
V01914,2023-09,2023,9,Madinah,Family,Asia,Hotel,3,1000.45,2
V01915,2025-08,2025,8,Makkah,Religious,GCC,Hotel,4,1227.98,2
V01916,2025-08,2025,8,Madinah,Leisure,GCC,Hotel,6,2937.88,2
V01917,2023-12,2023,12,Makkah,Leisure,GCC,Hotel,1,451.49,4
V01918,2024-10,2024,10,Dammam,Religious,Domestic,Hotel,1,253.83,2
V01919,2022-07,2022,7,Dammam,Leisure,Domestic,Hotel,4,1070.82,3
V01920,2022-06,2022,6,Dammam,Religious,Europe,Hotel,3,1766.78,5
V01921,2024-10,2024,10,Abha,Business,Europe,Hotel,4,990.85,2
V01922,2023-03,2023,3,Jeddah,Leisure,Asia,Hotel,5,2034.51,1
V01923,2024-10,2024,10,Jeddah,Religious,Domestic,Hotel,5,1818.97,2
V01924,2022-07,2022,7,Makkah,Religious,GCC,Hotel,4,1765.81,3
V01925,2024-05,2024,5,Madinah,Religious,Domestic,Furnished Apartment,2,701.33,1
V01926,2025-08,2025,8,Madinah,Leisure,GCC,Hotel,3,965.48,5
V01927,2024-09,2024,9,Riyadh,Events,GCC,Hotel,3,908.93,2
V01928,2024-07,2024,7,Madinah,Religious,Domestic,Hotel,2,300.3,1
V01929,2024-11,2024,11,Madinah,Religious,Domestic,Furnished Apartment,4,1240.8,5
V01930,2022-10,2022,10,Dammam,Religious,Asia,Hotel,3,1284.16,4
V01931,2025-01,2025,1,Abha,Leisure,Asia,Hotel,2,533.8,1
V01932,2024-07,2024,7,Jeddah,Leisure,GCC,Hotel,4,1238.25,4
V01933,2023-04,2023,4,Riyadh,Religious,Domestic,Furnished Apartment,1,344.4,5
V01934,2025-06,2025,6,Riyadh,Leisure,Domestic,Resort,3,576.01,5
V01935,2022-06,2022,6,Abha,Leisure,Asia,Furnished Apartment,1,265.76,5
V01936,2023-12,2023,12,Riyadh,Religious,Domestic,Furnished Apartment,5,2393.61,1
V01937,2023-09,2023,9,Madinah,Business,GCC,Furnished Apartment,4,1537.85,1
V01938,2023-09,2023,9,Makkah,Leisure,GCC,Furnished Apartment,4,1996.03,3
V01939,2022-08,2022,8,Jeddah,Leisure,Asia,Furnished Apartment,2,975.5,2
V01940,2022-02,2022,2,Madinah,Religious,GCC,Other,3,905.0,5
V01941,2023-01,2023,1,AlUla,Business,Asia,Furnished Apartment,2,437.92,4
V01942,2024-11,2024,11,Jeddah,Leisure,Domestic,Hotel,1,265.66,5
V01943,2024-12,2024,12,Makkah,Religious,Domestic,Furnished Apartment,2,853.36,4
V01944,2023-06,2023,6,Makkah,Religious,GCC,Hotel,3,990.23,4
V01945,2024-08,2024,8,Dammam,Family,Domestic,Hotel,2,786.24,2
V01946,2024-07,2024,7,Dammam,Business,Domestic,Furnished Apartment,3,482.26,2
V01947,2022-08,2022,8,Abha,Leisure,GCC,Furnished Apartment,3,545.62,5
V01948,2025-07,2025,7,Madinah,Religious,Domestic,Furnished Apartment,5,956.67,2
V01949,2022-10,2022,10,Riyadh,Religious,Domestic,Hotel,3,1086.39,5
V01950,2022-03,2022,3,Dammam,Leisure,GCC,Hotel,1,183.83,2
V01951,2024-08,2024,8,AlUla,Leisure,Other,Hotel,4,1664.54,4
V01952,2022-10,2022,10,Makkah,Religious,Domestic,Hotel,4,1371.87,3
V01953,2024-09,2024,9,Makkah,Religious,GCC,Hotel,2,455.13,1
V01954,2022-12,2022,12,Jeddah,Leisure,GCC,Hotel,4,1245.37,2
V01955,2023-02,2023,2,AlUla,Leisure,Europe,Resort,6,3558.91,1
V01956,2023-01,2023,1,Makkah,Religious,Asia,Hotel,5,1794.36,3
V01957,2024-11,2024,11,AlUla,Religious,Europe,Furnished Apartment,5,3112.51,2
V01958,2022-01,2022,1,Madinah,Religious,Europe,Hotel,2,755.32,3
V01959,2025-07,2025,7,Riyadh,Family,Europe,Hotel,3,1242.95,2
V01960,2025-08,2025,8,Madinah,Leisure,Domestic,Hotel,4,1985.42,1
V01961,2025-06,2025,6,Riyadh,Business,GCC,Furnished Apartment,1,390.58,1
V01962,2025-08,2025,8,Makkah,Religious,GCC,Furnished Apartment,4,853.37,4
V01963,2024-11,2024,11,Jeddah,Religious,Domestic,Furnished Apartment,4,1493.53,5
V01964,2024-09,2024,9,Dammam,Leisure,Asia,Furnished Apartment,2,976.67,1
V01965,2024-12,2024,12,Madinah,Religious,Domestic,Hotel,4,1102.84,2
V01966,2023-04,2023,4,Riyadh,Leisure,Domestic,Hotel,2,716.51,5
V01967,2023-05,2023,5,Jeddah,Family,Domestic,Hotel,2,708.18,4
V01968,2023-09,2023,9,Makkah,Religious,Domestic,Furnished Apartment,5,1134.92,2
V01969,2024-10,2024,10,AlUla,Family,Asia,Hotel,3,565.96,4
V01970,2022-08,2022,8,Makkah,Religious,Domestic,Furnished Apartment,1,471.97,5
V01971,2024-08,2024,8,Madinah,Religious,Domestic,Hotel,3,473.69,1
V01972,2025-08,2025,8,Riyadh,Family,GCC,Resort,3,742.79,3
V01973,2025-07,2025,7,Jeddah,Family,Asia,Hotel,6,2630.14,2
V01974,2023-04,2023,4,Madinah,Religious,Domestic,Furnished Apartment,3,456.83,2
V01975,2022-08,2022,8,Makkah,Religious,Domestic,Furnished Apartment,1,230.5,4
V01976,2023-08,2023,8,Madinah,Religious,Domestic,Hotel,3,1482.7,2
V01977,2023-04,2023,4,Makkah,Religious,Domestic,Furnished Apartment,3,602.69,1
V01978,2023-03,2023,3,Madinah,Leisure,Domestic,Furnished Apartment,4,1235.71,1
V01979,2025-04,2025,4,Makkah,Religious,Domestic,Furnished Apartment,4,1488.88,5
V01980,2023-05,2023,5,Jeddah,Events,Domestic,Furnished Apartment,5,1816.73,4
V01981,2022-12,2022,12,Riyadh,Family,Domestic,Furnished Apartment,2,681.65,2
V01982,2022-05,2022,5,Makkah,Religious,Domestic,Hotel,3,1184.67,4
V01983,2024-10,2024,10,Madinah,Religious,Asia,Furnished Apartment,4,929.19,4
V01984,2024-01,2024,1,Makkah,Business,Domestic,Furnished Apartment,4,944.91,3
V01985,2024-08,2024,8,Makkah,Business,GCC,Hotel,3,882.23,2
V01986,2023-01,2023,1,Abha,Leisure,Domestic,Furnished Apartment,5,1019.43,3
V01987,2023-08,2023,8,Madinah,Business,Domestic,Resort,4,1526.07,1
V01988,2023-06,2023,6,Dammam,Family,Domestic,Hotel,5,1816.53,2
V01989,2022-12,2022,12,Makkah,Leisure,Other,Resort,1,445.12,5
V01990,2022-07,2022,7,Makkah,Religious,Domestic,Hotel,4,1712.76,1
V01991,2022-05,2022,5,AlUla,Business,Domestic,Hotel,2,760.74,2
V01992,2022-12,2022,12,Madinah,Religious,GCC,Hotel,5,1857.01,3
V01993,2024-01,2024,1,Makkah,Religious,Domestic,Hotel,4,752.4,2
V01994,2022-06,2022,6,Abha,Events,GCC,Furnished Apartment,3,941.49,4
V01995,2025-01,2025,1,Riyadh,Religious,GCC,Hotel,3,586.72,2
V01996,2022-10,2022,10,Makkah,Religious,GCC,Hotel,1,270.74,2
V01997,2022-02,2022,2,Dammam,Leisure,Asia,Resort,1,348.76,1
V01998,2024-08,2024,8,Madinah,Leisure,Domestic,Hotel,2,939.96,1
V01999,2022-01,2022,1,Riyadh,Family,GCC,Resort,4,1360.11,5
V02000,2022-01,2022,1,Dammam,Religious,GCC,Hotel,5,2273.55,3
V02001,2024-05,2024,5,Abha,Religious,Domestic,Other,4,1936.84,4
V02002,2025-03,2025,3,Makkah,Religious,Domestic,Resort,3,468.6,4
V02003,2024-02,2024,2,Abha,Events,Asia,Hotel,1,330.46,5
V02004,2024-07,2024,7,Makkah,Leisure,GCC,Hotel,3,653.49,1
V02005,2022-03,2022,3,Makkah,Religious,Domestic,Other,1,363.1,1
V02006,2022-10,2022,10,Makkah,Religious,GCC,Furnished Apartment,2,896.44,3
V02007,2025-08,2025,8,Makkah,Religious,GCC,Hotel,2,775.61,4
V02008,2023-08,2023,8,Jeddah,Religious,Domestic,Resort,6,2303.9,1
V02009,2022-09,2022,9,Riyadh,Events,Domestic,Hotel,3,1225.48,5
V02010,2023-02,2023,2,Makkah,Religious,Asia,Hotel,2,728.4,4
V02011,2024-10,2024,10,AlUla,Family,Europe,Other,5,2095.2,3
V02012,2023-09,2023,9,Riyadh,Religious,GCC,Furnished Apartment,4,923.39,1
V02013,2024-11,2024,11,Makkah,Religious,GCC,Hotel,3,697.77,3
V02014,2023-08,2023,8,Jeddah,Religious,Europe,Other,3,854.73,3
V02015,2024-01,2024,1,Riyadh,Business,Europe,Furnished Apartment,4,1099.91,2
V02016,2025-06,2025,6,Madinah,Religious,Domestic,Resort,1,384.99,1
V02017,2023-12,2023,12,Abha,Religious,Domestic,Resort,3,1133.94,1
V02018,2023-05,2023,5,Makkah,Business,Domestic,Hotel,2,857.4,4
V02019,2023-05,2023,5,Abha,Religious,Domestic,Other,3,480.04,3
V02020,2025-02,2025,2,Jeddah,Religious,Domestic,Furnished Apartment,5,1110.54,5
V02021,2023-06,2023,6,Madinah,Events,Domestic,Resort,3,1107.57,1
V02022,2023-10,2023,10,AlUla,Events,Domestic,Hotel,2,677.72,1
V02023,2023-10,2023,10,Makkah,Religious,Domestic,Hotel,4,686.86,5
V02024,2023-09,2023,9,Makkah,Religious,Other,Hotel,2,967.01,3
V02025,2024-11,2024,11,Jeddah,Religious,Domestic,Resort,4,1667.03,1
V02026,2025-07,2025,7,Riyadh,Religious,Europe,Hotel,2,1095.68,1
V02027,2024-04,2024,4,Madinah,Leisure,Other,Furnished Apartment,4,1150.25,2
V02028,2024-06,2024,6,Dammam,Leisure,Domestic,Other,3,867.57,2
V02029,2023-09,2023,9,Riyadh,Leisure,Other,Hotel,1,162.47,1
V02030,2024-04,2024,4,Makkah,Religious,Domestic,Resort,2,896.35,3
V02031,2023-07,2023,7,Jeddah,Religious,GCC,Resort,3,590.57,5
V02032,2024-02,2024,2,Makkah,Religious,Asia,Furnished Apartment,2,836.74,5
V02033,2022-03,2022,3,Madinah,Religious,GCC,Furnished Apartment,1,292.45,3
V02034,2022-01,2022,1,Jeddah,Family,GCC,Hotel,2,347.37,1
V02035,2022-09,2022,9,AlUla,Religious,Other,Resort,1,338.68,1
V02036,2025-05,2025,5,Makkah,Religious,Domestic,Hotel,2,748.85,3
V02037,2022-05,2022,5,Makkah,Leisure,Asia,Hotel,3,592.29,3
V02038,2025-02,2025,2,Riyadh,Leisure,Domestic,Hotel,2,362.86,1
V02039,2023-04,2023,4,Makkah,Business,Asia,Furnished Apartment,4,1432.83,5
V02040,2023-11,2023,11,Jeddah,Events,Domestic,Hotel,1,198.95,3
V02041,2022-03,2022,3,Makkah,Religious,Domestic,Hotel,3,550.92,2
V02042,2024-05,2024,5,Abha,Business,Other,Furnished Apartment,4,1768.99,3
V02043,2023-02,2023,2,Makkah,Business,Domestic,Furnished Apartment,6,2447.75,1
V02044,2023-12,2023,12,Dammam,Religious,Domestic,Furnished Apartment,3,1336.78,4
V02045,2023-03,2023,3,Abha,Family,Europe,Resort,2,486.91,4
V02046,2025-04,2025,4,Riyadh,Leisure,GCC,Hotel,7,2726.79,4
V02047,2024-11,2024,11,Jeddah,Events,Asia,Resort,4,1099.2,1
V02048,2023-10,2023,10,Abha,Family,Europe,Resort,4,895.98,1
V02049,2025-07,2025,7,Makkah,Leisure,Domestic,Resort,6,2814.73,3
V02050,2025-04,2025,4,Makkah,Religious,Domestic,Furnished Apartment,2,979.77,4
V02051,2023-01,2023,1,Abha,Events,Domestic,Hotel,1,259.91,3
V02052,2024-12,2024,12,Riyadh,Religious,GCC,Hotel,3,567.43,3
V02053,2023-11,2023,11,Riyadh,Religious,Domestic,Hotel,3,710.29,3
V02054,2022-06,2022,6,Dammam,Leisure,GCC,Hotel,2,748.0,4
V02055,2024-12,2024,12,Madinah,Religious,Asia,Furnished Apartment,1,293.61,5
V02056,2022-08,2022,8,AlUla,Family,Europe,Resort,3,895.81,2
V02057,2022-08,2022,8,Riyadh,Family,GCC,Hotel,4,1594.36,3
V02058,2024-06,2024,6,Madinah,Religious,Domestic,Hotel,6,1569.74,1
V02059,2022-03,2022,3,Jeddah,Family,Asia,Furnished Apartment,4,1696.53,1
V02060,2025-03,2025,3,Abha,Religious,Domestic,Furnished Apartment,4,1009.94,1
V02061,2024-12,2024,12,Madinah,Religious,Asia,Resort,4,707.85,4
V02062,2024-03,2024,3,Riyadh,Leisure,Domestic,Hotel,4,758.1,3
V02063,2022-12,2022,12,Riyadh,Events,Domestic,Furnished Apartment,1,234.11,5
V02064,2024-01,2024,1,Makkah,Leisure,Domestic,Hotel,4,756.28,5
V02065,2025-07,2025,7,Riyadh,Religious,GCC,Hotel,4,1700.58,2
V02066,2024-12,2024,12,Riyadh,Religious,Asia,Furnished Apartment,6,1584.91,4
V02067,2023-09,2023,9,Madinah,Religious,Europe,Furnished Apartment,3,1248.78,1
V02068,2024-04,2024,4,Jeddah,Leisure,GCC,Hotel,3,1228.14,4
V02069,2022-03,2022,3,Madinah,Religious,Domestic,Hotel,4,1101.76,2
V02070,2024-09,2024,9,AlUla,Family,Domestic,Hotel,1,172.57,3
V02071,2022-09,2022,9,Abha,Business,Asia,Hotel,4,1807.41,1
V02072,2025-07,2025,7,Jeddah,Religious,Domestic,Other,1,178.08,5
V02073,2022-11,2022,11,Madinah,Leisure,Europe,Resort,3,1284.48,3
V02074,2025-07,2025,7,Riyadh,Religious,Asia,Furnished Apartment,3,706.58,2
V02075,2022-10,2022,10,Riyadh,Religious,Domestic,Hotel,5,1759.98,1
V02076,2022-05,2022,5,Makkah,Religious,Europe,Hotel,2,990.13,4
V02077,2022-07,2022,7,Riyadh,Family,GCC,Hotel,2,909.23,1
V02078,2022-02,2022,2,Makkah,Religious,Domestic,Resort,2,554.37,5
V02079,2022-08,2022,8,Makkah,Religious,Asia,Hotel,2,858.26,4
V02080,2024-05,2024,5,Jeddah,Religious,GCC,Hotel,5,1050.68,1
V02081,2022-12,2022,12,Makkah,Religious,Other,Furnished Apartment,3,1238.37,1
V02082,2025-07,2025,7,Abha,Leisure,Domestic,Resort,3,765.59,3
V02083,2024-09,2024,9,Jeddah,Family,Asia,Hotel,2,652.73,5
V02084,2022-01,2022,1,Riyadh,Business,Domestic,Hotel,4,747.26,5
V02085,2025-01,2025,1,Abha,Religious,Domestic,Furnished Apartment,4,1594.24,4
V02086,2025-08,2025,8,Jeddah,Events,Europe,Furnished Apartment,5,2314.91,5
V02087,2022-07,2022,7,Riyadh,Leisure,Other,Furnished Apartment,1,416.71,5
V02088,2025-01,2025,1,Makkah,Religious,GCC,Hotel,4,1574.64,3
V02089,2022-01,2022,1,Jeddah,Business,GCC,Hotel,5,1036.24,3
V02090,2023-12,2023,12,Riyadh,Family,Europe,Furnished Apartment,1,352.38,4
V02091,2022-02,2022,2,Abha,Events,Other,Other,4,1592.4,1
V02092,2025-04,2025,4,Dammam,Leisure,Europe,Hotel,2,1217.62,4
V02093,2024-04,2024,4,Madinah,Religious,Domestic,Hotel,4,740.44,1
V02094,2024-05,2024,5,Makkah,Religious,Asia,Furnished Apartment,8,1713.6,1
V02095,2022-11,2022,11,Dammam,Religious,Domestic,Resort,3,1286.59,5
V02096,2024-04,2024,4,Abha,Business,Other,Furnished Apartment,2,530.37,4
V02097,2025-08,2025,8,Makkah,Religious,Domestic,Other,2,831.34,5
V02098,2025-02,2025,2,Madinah,Religious,Other,Furnished Apartment,2,555.03,4
V02099,2023-05,2023,5,Makkah,Business,Asia,Hotel,2,388.69,4
V02100,2024-08,2024,8,Madinah,Religious,GCC,Hotel,4,691.06,4
V02101,2024-10,2024,10,Abha,Religious,Domestic,Hotel,4,1803.59,1
V02102,2023-08,2023,8,Makkah,Religious,GCC,Other,4,1246.77,3
V02103,2022-04,2022,4,Dammam,Religious,Asia,Hotel,1,270.02,4
V02104,2024-03,2024,3,Abha,Religious,Europe,Hotel,2,598.26,3
V02105,2023-02,2023,2,Riyadh,Events,Domestic,Resort,4,873.06,3
V02106,2023-04,2023,4,Abha,Religious,Domestic,Hotel,3,1398.02,4
V02107,2024-10,2024,10,Jeddah,Events,Asia,Hotel,2,811.47,3
V02108,2022-01,2022,1,Abha,Leisure,GCC,Other,2,777.18,5
V02109,2023-04,2023,4,Madinah,Religious,Domestic,Furnished Apartment,4,1660.55,3
V02110,2023-05,2023,5,Dammam,Business,GCC,Hotel,4,643.37,1
V02111,2025-05,2025,5,Madinah,Business,Asia,Hotel,2,749.1,3
V02112,2025-04,2025,4,Madinah,Religious,Domestic,Hotel,4,931.08,3
V02113,2024-07,2024,7,Abha,Leisure,Domestic,Furnished Apartment,1,266.93,4
V02114,2023-05,2023,5,Jeddah,Business,Europe,Other,4,1091.42,4
V02115,2022-11,2022,11,Abha,Leisure,GCC,Hotel,5,1810.34,3
V02116,2025-06,2025,6,Makkah,Religious,Domestic,Hotel,2,639.08,4
V02117,2022-03,2022,3,Dammam,Family,Domestic,Hotel,2,894.03,2
V02118,2023-02,2023,2,Madinah,Religious,Europe,Resort,3,1746.07,3
V02119,2025-06,2025,6,AlUla,Events,Domestic,Resort,1,435.32,5
V02120,2024-05,2024,5,Madinah,Religious,GCC,Hotel,2,318.25,3
V02121,2025-03,2025,3,Jeddah,Events,Domestic,Furnished Apartment,1,339.04,1
V02122,2024-06,2024,6,Abha,Events,Domestic,Hotel,3,1490.83,1
V02123,2022-06,2022,6,Riyadh,Family,Domestic,Other,4,1127.13,5
V02124,2024-11,2024,11,Riyadh,Business,Domestic,Hotel,4,1254.83,3
V02125,2024-11,2024,11,Madinah,Religious,Domestic,Furnished Apartment,2,481.56,1
V02126,2024-06,2024,6,Jeddah,Business,Domestic,Hotel,4,1139.79,1
V02127,2025-05,2025,5,Riyadh,Family,Domestic,Other,3,1454.38,4
V02128,2025-01,2025,1,Riyadh,Religious,Domestic,Hotel,2,831.72,5
V02129,2023-07,2023,7,Riyadh,Religious,Domestic,Resort,3,978.74,4
V02130,2024-03,2024,3,Madinah,Events,Europe,Hotel,3,1204.8,5
V02131,2022-09,2022,9,Makkah,Family,Asia,Hotel,4,1876.24,2
V02132,2022-06,2022,6,Makkah,Religious,Other,Hotel,1,364.39,1
V02133,2025-02,2025,2,Makkah,Religious,Europe,Hotel,5,1046.39,3
V02134,2023-05,2023,5,Abha,Leisure,Asia,Hotel,4,659.85,1
V02135,2025-03,2025,3,AlUla,Family,Other,Hotel,3,1359.18,2
V02136,2025-03,2025,3,Riyadh,Religious,Domestic,Hotel,5,966.52,3
V02137,2022-08,2022,8,Abha,Events,Domestic,Other,5,2038.68,2
V02138,2023-08,2023,8,Madinah,Business,Europe,Furnished Apartment,4,2559.96,2
V02139,2022-11,2022,11,Makkah,Religious,Asia,Hotel,4,953.13,3
V02140,2025-05,2025,5,Makkah,Religious,Europe,Other,3,777.51,1
V02141,2022-04,2022,4,Madinah,Business,Asia,Furnished Apartment,3,1384.51,3
V02142,2024-05,2024,5,Dammam,Religious,Europe,Hotel,4,853.11,2
V02143,2023-03,2023,3,Jeddah,Family,Domestic,Resort,2,306.42,5
V02144,2022-12,2022,12,Dammam,Leisure,Domestic,Furnished Apartment,1,405.94,2
V02145,2023-03,2023,3,Madinah,Religious,Asia,Other,2,582.4,1
V02146,2025-04,2025,4,Jeddah,Leisure,Asia,Hotel,3,547.97,2
V02147,2024-09,2024,9,AlUla,Religious,Domestic,Furnished Apartment,4,1532.77,3
V02148,2024-08,2024,8,Madinah,Religious,Domestic,Hotel,1,420.25,5
V02149,2023-10,2023,10,Riyadh,Religious,GCC,Furnished Apartment,8,2041.76,4
V02150,2024-10,2024,10,Madinah,Religious,Domestic,Other,3,965.59,5
V02151,2022-01,2022,1,Riyadh,Religious,Asia,Hotel,3,712.26,1
V02152,2023-10,2023,10,Madinah,Business,GCC,Hotel,5,935.1,3
V02153,2023-11,2023,11,Dammam,Religious,Asia,Resort,1,358.18,2
V02154,2022-03,2022,3,Madinah,Religious,GCC,Hotel,3,1194.42,2
V02155,2023-07,2023,7,Riyadh,Religious,Asia,Hotel,3,1439.25,3
V02156,2025-05,2025,5,Riyadh,Business,GCC,Other,2,650.38,5
V02157,2024-05,2024,5,Madinah,Leisure,Domestic,Furnished Apartment,2,895.65,3
V02158,2025-04,2025,4,Madinah,Religious,Domestic,Hotel,5,788.53,5
V02159,2025-08,2025,8,Makkah,Religious,Asia,Furnished Apartment,2,916.82,3
V02160,2025-02,2025,2,Riyadh,Family,Asia,Hotel,5,965.59,4
V02161,2022-04,2022,4,Madinah,Religious,Domestic,Resort,3,465.86,2
V02162,2024-05,2024,5,Madinah,Family,GCC,Hotel,2,893.14,1
V02163,2025-06,2025,6,AlUla,Leisure,Europe,Resort,1,228.65,4
V02164,2023-05,2023,5,Makkah,Religious,Domestic,Hotel,1,153.23,3
V02165,2023-06,2023,6,Riyadh,Family,Europe,Hotel,3,1931.26,4
V02166,2023-08,2023,8,Makkah,Leisure,Other,Furnished Apartment,3,922.72,5
V02167,2023-11,2023,11,Riyadh,Family,Domestic,Other,4,1450.81,4
V02168,2023-09,2023,9,Makkah,Religious,Domestic,Other,2,979.16,2
V02169,2022-01,2022,1,Madinah,Religious,Europe,Hotel,5,3018.56,4
V02170,2022-04,2022,4,Madinah,Religious,Asia,Furnished Apartment,4,1109.84,3
V02171,2023-04,2023,4,Makkah,Business,Domestic,Resort,5,1126.99,2
V02172,2022-05,2022,5,Makkah,Business,Domestic,Hotel,3,627.94,1
V02173,2024-01,2024,1,Jeddah,Religious,Domestic,Furnished Apartment,5,939.26,4
V02174,2023-06,2023,6,Riyadh,Business,Domestic,Hotel,5,1554.32,2
V02175,2023-01,2023,1,Riyadh,Events,GCC,Hotel,1,338.78,2
V02176,2023-06,2023,6,AlUla,Family,GCC,Hotel,3,497.42,2
V02177,2024-05,2024,5,Abha,Family,GCC,Hotel,3,1482.44,3
V02178,2022-08,2022,8,Makkah,Religious,GCC,Hotel,4,986.04,1
V02179,2025-02,2025,2,Makkah,Events,Domestic,Furnished Apartment,4,1369.08,5
V02180,2024-06,2024,6,Madinah,Religious,Europe,Furnished Apartment,3,836.47,5
V02181,2022-11,2022,11,Riyadh,Business,Domestic,Hotel,1,256.43,1
V02182,2022-04,2022,4,Dammam,Business,Other,Resort,4,668.24,4
V02183,2023-10,2023,10,Jeddah,Religious,GCC,Resort,3,1020.46,2
V02184,2023-05,2023,5,Dammam,Events,Europe,Resort,3,1646.82,5
V02185,2025-02,2025,2,Makkah,Religious,Asia,Hotel,4,1389.47,3
V02186,2024-11,2024,11,Abha,Religious,GCC,Hotel,5,2064.38,4
V02187,2024-06,2024,6,Riyadh,Religious,Domestic,Furnished Apartment,6,1155.89,2
V02188,2024-03,2024,3,Makkah,Religious,Europe,Hotel,4,1604.23,1
V02189,2022-10,2022,10,Makkah,Family,Domestic,Furnished Apartment,1,483.98,2
V02190,2022-02,2022,2,Abha,Leisure,Other,Hotel,2,909.38,5
V02191,2023-04,2023,4,Abha,Business,Domestic,Other,6,2988.77,4
V02192,2023-03,2023,3,Riyadh,Events,GCC,Hotel,4,1721.24,1
V02193,2022-10,2022,10,Madinah,Religious,Domestic,Furnished Apartment,3,1168.45,5
V02194,2023-12,2023,12,Riyadh,Events,Europe,Resort,2,419.34,4
V02195,2025-01,2025,1,AlUla,Religious,Other,Furnished Apartment,1,472.48,2
V02196,2024-07,2024,7,Jeddah,Family,Domestic,Furnished Apartment,1,213.37,1
V02197,2025-08,2025,8,Jeddah,Family,Asia,Hotel,4,1931.97,1
V02198,2022-11,2022,11,Dammam,Leisure,Asia,Hotel,4,1159.87,2
V02199,2022-07,2022,7,Madinah,Religious,Other,Other,3,1215.33,2
V02200,2024-03,2024,3,Abha,Leisure,Other,Other,3,1479.48,2
V02201,2022-03,2022,3,Riyadh,Leisure,Other,Hotel,3,529.38,1
V02202,2022-09,2022,9,Madinah,Religious,GCC,Hotel,3,1308.41,2
V02203,2022-01,2022,1,Makkah,Religious,Domestic,Hotel,4,1171.97,4
V02204,2024-03,2024,3,Madinah,Religious,Domestic,Hotel,3,530.88,1
V02205,2023-03,2023,3,Madinah,Religious,Domestic,Hotel,4,1075.55,1
V02206,2024-08,2024,8,Riyadh,Family,Domestic,Furnished Apartment,5,818.35,4
V02207,2025-07,2025,7,Makkah,Religious,Asia,Resort,4,1386.02,4
V02208,2023-06,2023,6,Dammam,Family,Domestic,Hotel,2,655.36,3
V02209,2024-12,2024,12,Dammam,Family,Domestic,Hotel,5,2095.86,3
V02210,2022-07,2022,7,Jeddah,Business,Domestic,Hotel,4,1245.14,1
V02211,2022-08,2022,8,Jeddah,Religious,Domestic,Hotel,2,656.83,5
V02212,2022-04,2022,4,Makkah,Religious,Domestic,Other,3,1165.43,2
V02213,2022-03,2022,3,Dammam,Leisure,GCC,Hotel,3,915.42,2
V02214,2024-11,2024,11,Abha,Leisure,Domestic,Hotel,3,916.27,2
V02215,2022-07,2022,7,Dammam,Leisure,Domestic,Furnished Apartment,4,1305.34,4
V02216,2024-12,2024,12,Makkah,Events,Domestic,Hotel,3,729.39,2
V02217,2022-01,2022,1,Riyadh,Religious,Asia,Hotel,4,1812.56,2
V02218,2023-04,2023,4,Jeddah,Business,GCC,Resort,3,978.2,1
V02219,2023-09,2023,9,Makkah,Religious,Domestic,Hotel,1,176.14,1
V02220,2024-08,2024,8,AlUla,Religious,GCC,Other,1,385.28,4
V02221,2024-11,2024,11,Jeddah,Leisure,GCC,Hotel,4,1725.28,2
V02222,2022-01,2022,1,Jeddah,Religious,Domestic,Other,2,923.53,5
V02223,2024-06,2024,6,Madinah,Religious,GCC,Resort,1,150.35,2
V02224,2025-05,2025,5,Riyadh,Religious,Domestic,Hotel,1,239.39,1
V02225,2023-04,2023,4,Madinah,Religious,Other,Furnished Apartment,2,453.84,5
V02226,2025-04,2025,4,Madinah,Religious,Asia,Hotel,3,1457.93,4
V02227,2024-06,2024,6,Abha,Business,Asia,Hotel,3,565.68,3
V02228,2023-07,2023,7,Jeddah,Events,Domestic,Hotel,1,363.67,4
V02229,2025-03,2025,3,AlUla,Business,Domestic,Hotel,3,1428.16,3
V02230,2025-02,2025,2,Riyadh,Family,Domestic,Hotel,5,1364.88,2
V02231,2022-05,2022,5,Makkah,Religious,GCC,Hotel,3,1205.77,4
V02232,2023-08,2023,8,Jeddah,Religious,Domestic,Hotel,4,1087.32,5
V02233,2025-02,2025,2,Jeddah,Family,Domestic,Hotel,4,1046.7,5
V02234,2022-12,2022,12,Jeddah,Family,GCC,Hotel,2,676.48,1
V02235,2025-01,2025,1,Madinah,Religious,Domestic,Hotel,6,2996.33,5
V02236,2022-11,2022,11,Makkah,Business,Domestic,Hotel,4,709.74,1
V02237,2022-05,2022,5,Madinah,Religious,Asia,Resort,3,748.8,4
V02238,2025-07,2025,7,Jeddah,Business,Asia,Hotel,5,1891.89,1
V02239,2025-03,2025,3,Dammam,Religious,Domestic,Hotel,1,196.39,2
V02240,2023-02,2023,2,Dammam,Religious,GCC,Other,4,1565.27,4
V02241,2025-04,2025,4,Makkah,Religious,Domestic,Furnished Apartment,1,163.92,4
V02242,2024-05,2024,5,Riyadh,Leisure,Domestic,Furnished Apartment,2,720.77,1
V02243,2022-12,2022,12,Madinah,Religious,Domestic,Hotel,2,503.07,5
V02244,2022-06,2022,6,Makkah,Leisure,Europe,Furnished Apartment,4,1254.19,1
V02245,2025-02,2025,2,Makkah,Religious,Europe,Hotel,2,449.91,1
V02246,2024-07,2024,7,Madinah,Leisure,Asia,Furnished Apartment,3,717.96,3
V02247,2023-10,2023,10,Jeddah,Business,Other,Hotel,1,312.49,5
V02248,2023-10,2023,10,Makkah,Religious,Other,Hotel,1,412.38,5
V02249,2022-07,2022,7,Dammam,Leisure,GCC,Hotel,3,908.46,4
V02250,2025-06,2025,6,Riyadh,Leisure,Asia,Hotel,1,383.08,1
V02251,2024-01,2024,1,Makkah,Religious,GCC,Hotel,6,2393.54,5
V02252,2023-01,2023,1,Makkah,Religious,Europe,Resort,3,1535.53,5
V02253,2024-01,2024,1,Riyadh,Events,Domestic,Furnished Apartment,2,709.95,1
V02254,2022-12,2022,12,Jeddah,Religious,Domestic,Hotel,3,897.45,1
V02255,2023-09,2023,9,Jeddah,Religious,Domestic,Hotel,3,718.61,2
V02256,2023-11,2023,11,Dammam,Leisure,Europe,Furnished Apartment,3,914.84,3
V02257,2024-05,2024,5,Dammam,Business,GCC,Hotel,1,391.18,1
V02258,2023-04,2023,4,Riyadh,Family,GCC,Furnished Apartment,3,571.5,1
V02259,2025-02,2025,2,Riyadh,Business,Asia,Hotel,2,903.6,4
V02260,2024-01,2024,1,AlUla,Religious,Domestic,Hotel,4,1378.73,1
V02261,2024-07,2024,7,Madinah,Religious,Other,Hotel,3,1018.12,3
V02262,2022-06,2022,6,Makkah,Religious,GCC,Furnished Apartment,4,1851.95,4
V02263,2023-02,2023,2,Jeddah,Religious,Other,Furnished Apartment,4,979.56,3
V02264,2025-01,2025,1,Jeddah,Leisure,Domestic,Furnished Apartment,4,1158.8,3
V02265,2022-03,2022,3,Madinah,Family,Asia,Hotel,2,468.72,3
V02266,2023-07,2023,7,Riyadh,Religious,GCC,Furnished Apartment,1,360.83,2
V02267,2022-11,2022,11,Abha,Leisure,Other,Furnished Apartment,4,1105.53,4
V02268,2025-07,2025,7,Madinah,Religious,Domestic,Hotel,4,1207.6,2
V02269,2024-12,2024,12,Makkah,Religious,Other,Furnished Apartment,4,842.0,1
V02270,2023-06,2023,6,AlUla,Religious,Europe,Hotel,4,1062.27,4
V02271,2023-06,2023,6,Riyadh,Leisure,Asia,Hotel,4,1884.37,1
V02272,2022-03,2022,3,Riyadh,Family,Asia,Hotel,1,487.07,5
V02273,2022-12,2022,12,Dammam,Family,GCC,Hotel,3,830.97,1
V02274,2023-01,2023,1,Jeddah,Leisure,Europe,Hotel,2,1210.94,1
V02275,2024-01,2024,1,Madinah,Religious,GCC,Furnished Apartment,4,934.29,2
V02276,2022-06,2022,6,Jeddah,Business,Asia,Hotel,2,551.01,2
V02277,2024-03,2024,3,Madinah,Events,Domestic,Hotel,1,207.07,4
V02278,2022-02,2022,2,Makkah,Events,GCC,Other,3,584.43,4
V02279,2022-11,2022,11,Makkah,Religious,Asia,Furnished Apartment,3,736.86,4
V02280,2024-04,2024,4,AlUla,Religious,Europe,Resort,2,1084.6,2
V02281,2025-08,2025,8,Jeddah,Leisure,GCC,Furnished Apartment,2,830.6,4
V02282,2022-04,2022,4,AlUla,Leisure,Other,Resort,5,1755.51,3
V02283,2024-03,2024,3,Makkah,Family,Domestic,Furnished Apartment,2,420.59,4
V02284,2023-01,2023,1,Jeddah,Leisure,GCC,Furnished Apartment,1,420.26,3
V02285,2023-04,2023,4,AlUla,Leisure,Asia,Resort,2,441.5,3
V02286,2022-06,2022,6,Madinah,Religious,Domestic,Furnished Apartment,3,792.82,3
V02287,2024-08,2024,8,Makkah,Religious,Domestic,Furnished Apartment,3,568.12,1
V02288,2025-05,2025,5,Riyadh,Family,GCC,Resort,3,697.55,4
V02289,2022-01,2022,1,AlUla,Business,Domestic,Other,2,661.24,5
V02290,2022-07,2022,7,AlUla,Religious,Domestic,Other,2,820.86,3
V02291,2022-09,2022,9,Abha,Family,Domestic,Hotel,2,522.57,5
V02292,2025-04,2025,4,Madinah,Religious,Domestic,Hotel,3,610.65,3
V02293,2022-05,2022,5,Madinah,Religious,Domestic,Other,1,359.86,2
V02294,2023-02,2023,2,Riyadh,Religious,Domestic,Other,4,1390.11,2
V02295,2022-04,2022,4,Riyadh,Business,Domestic,Resort,2,962.48,2
V02296,2024-11,2024,11,Madinah,Religious,Asia,Resort,3,1378.68,4
V02297,2024-01,2024,1,Dammam,Events,Domestic,Hotel,4,1970.03,4
V02298,2023-03,2023,3,Riyadh,Family,Other,Hotel,2,649.3,2
V02299,2023-12,2023,12,Makkah,Religious,Asia,Hotel,3,1151.78,1
V02300,2022-10,2022,10,Jeddah,Religious,Europe,Other,2,863.99,5
V02301,2023-11,2023,11,Madinah,Family,Europe,Furnished Apartment,4,930.43,2
V02302,2024-09,2024,9,Dammam,Business,Domestic,Other,4,1141.5,3
V02303,2025-08,2025,8,Jeddah,Religious,GCC,Other,2,729.49,3
V02304,2024-09,2024,9,Makkah,Religious,GCC,Furnished Apartment,1,222.92,5
V02305,2024-09,2024,9,Abha,Leisure,GCC,Other,2,457.2,2
V02306,2023-10,2023,10,Madinah,Events,GCC,Hotel,3,696.04,5
V02307,2023-09,2023,9,Riyadh,Leisure,GCC,Resort,5,1400.79,2
V02308,2025-06,2025,6,AlUla,Events,Domestic,Hotel,5,1434.86,3
V02309,2022-07,2022,7,Dammam,Religious,Asia,Hotel,4,869.0,4
V02310,2024-10,2024,10,Jeddah,Religious,Europe,Resort,6,2170.25,2
V02311,2023-08,2023,8,Abha,Leisure,Europe,Hotel,5,2457.36,4
V02312,2023-05,2023,5,Riyadh,Religious,Other,Hotel,4,1633.26,2
V02313,2024-06,2024,6,Jeddah,Leisure,Domestic,Other,1,427.5,2
V02314,2024-08,2024,8,Riyadh,Religious,GCC,Hotel,2,385.01,1
V02315,2024-01,2024,1,Jeddah,Leisure,Asia,Resort,4,956.28,4
V02316,2025-01,2025,1,Makkah,Business,GCC,Furnished Apartment,4,1888.34,2
V02317,2024-05,2024,5,Jeddah,Religious,Domestic,Hotel,4,1526.07,2
V02318,2024-12,2024,12,Jeddah,Leisure,Domestic,Hotel,2,890.28,5
V02319,2022-05,2022,5,Makkah,Family,Asia,Resort,2,369.37,4
V02320,2024-04,2024,4,Madinah,Religious,Domestic,Other,4,1534.72,3
V02321,2023-12,2023,12,Jeddah,Leisure,Domestic,Resort,3,1306.0,3
V02322,2023-09,2023,9,Makkah,Religious,Europe,Hotel,3,1624.92,4
V02323,2022-03,2022,3,Makkah,Leisure,Asia,Resort,3,851.33,3
V02324,2023-01,2023,1,Makkah,Religious,Domestic,Resort,7,2125.56,3
V02325,2022-02,2022,2,Makkah,Religious,Asia,Other,3,1468.0,2
V02326,2023-08,2023,8,Makkah,Leisure,GCC,Hotel,2,569.57,2
V02327,2023-07,2023,7,Makkah,Religious,Domestic,Hotel,4,1799.37,3
V02328,2024-12,2024,12,Makkah,Leisure,Domestic,Other,3,789.91,4
V02329,2025-07,2025,7,AlUla,Events,GCC,Hotel,3,1279.53,2
V02330,2023-11,2023,11,Makkah,Business,Domestic,Furnished Apartment,2,875.17,4
V02331,2024-03,2024,3,Jeddah,Religious,GCC,Other,3,1053.66,5
V02332,2022-03,2022,3,Makkah,Religious,Europe,Hotel,3,634.97,4
V02333,2023-04,2023,4,Dammam,Business,Asia,Hotel,4,1592.97,2
V02334,2023-08,2023,8,Dammam,Religious,Asia,Hotel,3,887.89,4
V02335,2024-12,2024,12,Makkah,Religious,Asia,Furnished Apartment,2,865.88,2
V02336,2022-12,2022,12,Abha,Religious,GCC,Hotel,1,164.71,4
V02337,2024-07,2024,7,Dammam,Religious,GCC,Hotel,4,1453.3,4
V02338,2022-02,2022,2,Madinah,Religious,Domestic,Resort,5,2105.32,1
V02339,2022-01,2022,1,Riyadh,Leisure,GCC,Furnished Apartment,3,1159.61,2
V02340,2024-01,2024,1,Makkah,Religious,Asia,Hotel,3,760.28,5
V02341,2023-08,2023,8,Madinah,Religious,GCC,Furnished Apartment,4,1531.72,3
V02342,2024-11,2024,11,Jeddah,Family,Domestic,Hotel,2,851.22,4
V02343,2024-04,2024,4,Jeddah,Family,Asia,Hotel,5,2431.55,5
V02344,2023-05,2023,5,Madinah,Religious,GCC,Hotel,4,690.32,2
V02345,2023-11,2023,11,Jeddah,Leisure,Domestic,Furnished Apartment,4,1992.2,1
V02346,2022-02,2022,2,Riyadh,Business,Other,Hotel,1,364.17,1
V02347,2022-07,2022,7,AlUla,Leisure,Other,Hotel,1,353.7,4
V02348,2024-10,2024,10,Riyadh,Religious,GCC,Furnished Apartment,3,1109.8,5
V02349,2022-11,2022,11,Jeddah,Religious,Domestic,Other,2,763.12,2
V02350,2024-05,2024,5,Jeddah,Leisure,Asia,Other,6,1641.7,2
V02351,2024-07,2024,7,Makkah,Family,GCC,Hotel,1,276.68,1
V02352,2022-01,2022,1,Madinah,Religious,Asia,Hotel,5,827.8,1
V02353,2024-07,2024,7,Madinah,Religious,Domestic,Hotel,3,1379.32,1
V02354,2024-09,2024,9,Makkah,Religious,Asia,Resort,1,208.38,5
V02355,2024-03,2024,3,Dammam,Religious,Domestic,Other,3,1113.05,2
V02356,2025-07,2025,7,Jeddah,Leisure,Domestic,Hotel,3,860.98,5
V02357,2025-01,2025,1,Makkah,Events,Europe,Hotel,4,1365.04,2
V02358,2024-04,2024,4,Dammam,Business,Asia,Hotel,1,286.29,4
V02359,2023-11,2023,11,Dammam,Religious,Asia,Resort,3,978.47,5
V02360,2022-12,2022,12,Jeddah,Religious,Europe,Hotel,2,1146.16,5
V02361,2024-05,2024,5,Riyadh,Religious,Asia,Hotel,5,1663.07,5
V02362,2024-05,2024,5,AlUla,Family,GCC,Hotel,2,313.61,2
V02363,2022-09,2022,9,Riyadh,Family,GCC,Resort,2,976.66,1
V02364,2022-01,2022,1,Makkah,Religious,Asia,Hotel,1,376.41,3
V02365,2025-03,2025,3,Madinah,Religious,Domestic,Hotel,2,701.06,4
V02366,2024-07,2024,7,Jeddah,Religious,GCC,Resort,2,521.32,4
V02367,2024-12,2024,12,Jeddah,Events,Europe,Other,1,496.81,3
V02368,2024-08,2024,8,Makkah,Religious,GCC,Hotel,2,394.94,3
V02369,2025-02,2025,2,Dammam,Religious,Domestic,Furnished Apartment,4,735.41,3
V02370,2025-03,2025,3,AlUla,Religious,Europe,Other,1,350.56,5
V02371,2022-03,2022,3,Madinah,Religious,GCC,Hotel,4,1377.66,3
V02372,2024-08,2024,8,Riyadh,Business,Domestic,Hotel,2,665.78,2
V02373,2023-02,2023,2,Riyadh,Business,Asia,Furnished Apartment,4,1861.77,5
V02374,2023-11,2023,11,Makkah,Religious,GCC,Furnished Apartment,4,1009.05,2
V02375,2024-12,2024,12,Jeddah,Religious,Domestic,Hotel,2,906.11,2
V02376,2022-03,2022,3,Riyadh,Events,Asia,Hotel,1,339.32,3
V02377,2024-02,2024,2,Madinah,Leisure,Other,Other,2,798.17,2
V02378,2023-03,2023,3,Makkah,Leisure,Asia,Furnished Apartment,1,156.8,3
V02379,2022-02,2022,2,Riyadh,Family,Domestic,Furnished Apartment,3,633.78,2
V02380,2024-11,2024,11,Makkah,Business,GCC,Hotel,1,461.65,2
V02381,2025-02,2025,2,Makkah,Leisure,GCC,Furnished Apartment,5,1539.05,4
V02382,2022-08,2022,8,Riyadh,Business,GCC,Hotel,3,766.85,2
V02383,2024-04,2024,4,Riyadh,Family,GCC,Hotel,1,488.34,1
V02384,2024-08,2024,8,Dammam,Religious,Other,Hotel,4,1581.92,3
V02385,2022-10,2022,10,Jeddah,Religious,Asia,Hotel,2,914.21,2
V02386,2024-12,2024,12,Dammam,Leisure,Domestic,Other,3,1250.05,4
V02387,2022-01,2022,1,Makkah,Religious,Other,Other,4,1203.12,4
V02388,2025-08,2025,8,Makkah,Religious,Domestic,Resort,3,1374.65,1
V02389,2024-03,2024,3,Madinah,Religious,Domestic,Furnished Apartment,2,509.77,4
V02390,2025-05,2025,5,Jeddah,Religious,Europe,Hotel,5,1131.08,5
V02391,2022-04,2022,4,Jeddah,Family,Domestic,Other,4,846.32,1
V02392,2022-01,2022,1,Jeddah,Family,Domestic,Furnished Apartment,4,910.85,5
V02393,2024-01,2024,1,Riyadh,Religious,Asia,Furnished Apartment,3,852.4,3
V02394,2023-07,2023,7,Abha,Family,Domestic,Furnished Apartment,4,1294.76,1
V02395,2023-01,2023,1,Makkah,Religious,Domestic,Hotel,6,925.44,4
V02396,2022-07,2022,7,Makkah,Religious,Other,Furnished Apartment,2,939.8,3
V02397,2022-02,2022,2,Dammam,Family,Asia,Furnished Apartment,3,1259.07,2
V02398,2023-06,2023,6,Makkah,Religious,Europe,Hotel,3,1695.6,2
V02399,2024-09,2024,9,Madinah,Leisure,Domestic,Hotel,2,497.47,4
V02400,2024-02,2024,2,Makkah,Family,Europe,Resort,3,1206.02,4
V02401,2023-12,2023,12,Dammam,Leisure,Other,Furnished Apartment,2,398.96,5
V02402,2025-06,2025,6,Madinah,Religious,Domestic,Hotel,6,1561.54,4
V02403,2025-04,2025,4,Madinah,Leisure,GCC,Hotel,6,1676.47,2
V02404,2023-05,2023,5,Makkah,Business,Domestic,Resort,7,2788.85,4
V02405,2022-05,2022,5,Jeddah,Religious,Other,Resort,4,1158.59,1
V02406,2022-06,2022,6,Makkah,Religious,Europe,Other,1,521.04,1
V02407,2023-09,2023,9,Jeddah,Family,Asia,Furnished Apartment,5,1201.19,5
V02408,2022-04,2022,4,Jeddah,Leisure,Domestic,Furnished Apartment,1,216.87,5
V02409,2022-07,2022,7,AlUla,Leisure,Asia,Resort,3,1499.9,2
V02410,2025-01,2025,1,Dammam,Family,Domestic,Other,3,508.51,2
V02411,2022-08,2022,8,Abha,Religious,Europe,Hotel,2,818.08,4
V02412,2025-06,2025,6,Madinah,Business,Domestic,Furnished Apartment,1,260.54,5
V02413,2024-02,2024,2,Jeddah,Leisure,Domestic,Hotel,4,685.55,3
V02414,2025-06,2025,6,AlUla,Religious,Europe,Hotel,1,344.99,1
V02415,2022-07,2022,7,Dammam,Religious,Domestic,Hotel,1,160.99,1
V02416,2024-03,2024,3,Madinah,Leisure,Domestic,Resort,3,986.29,2
V02417,2024-02,2024,2,Madinah,Religious,GCC,Furnished Apartment,1,407.92,4
V02418,2024-02,2024,2,Riyadh,Leisure,Domestic,Resort,4,1192.07,4
V02419,2023-10,2023,10,Madinah,Religious,GCC,Hotel,4,1785.13,3
V02420,2023-08,2023,8,Riyadh,Religious,Other,Hotel,4,972.72,4
V02421,2022-07,2022,7,Riyadh,Events,GCC,Furnished Apartment,3,1083.68,1
V02422,2025-04,2025,4,AlUla,Events,Domestic,Other,1,396.06,4
V02423,2025-08,2025,8,Jeddah,Religious,GCC,Furnished Apartment,3,593.17,5
V02424,2022-02,2022,2,Makkah,Leisure,GCC,Furnished Apartment,3,1441.79,5
V02425,2025-08,2025,8,Makkah,Religious,Europe,Furnished Apartment,5,2571.94,2
V02426,2024-03,2024,3,Dammam,Leisure,Europe,Hotel,3,1454.2,5
V02427,2024-10,2024,10,Dammam,Family,Domestic,Hotel,4,827.05,3
V02428,2022-07,2022,7,Riyadh,Business,Domestic,Hotel,3,574.98,5
V02429,2025-05,2025,5,Riyadh,Religious,Asia,Other,1,281.12,3
V02430,2025-05,2025,5,Jeddah,Events,GCC,Hotel,3,1048.91,4
V02431,2022-10,2022,10,AlUla,Leisure,Asia,Furnished Apartment,1,208.07,2
V02432,2024-02,2024,2,Jeddah,Leisure,Asia,Resort,3,1376.81,2
V02433,2023-04,2023,4,Makkah,Religious,Asia,Resort,4,1248.7,2
V02434,2023-11,2023,11,Jeddah,Leisure,GCC,Resort,4,851.06,4
V02435,2023-10,2023,10,Madinah,Business,Domestic,Other,4,803.23,3
V02436,2024-10,2024,10,Madinah,Business,Domestic,Furnished Apartment,4,1652.45,4
V02437,2023-02,2023,2,Madinah,Business,Domestic,Other,2,634.32,2
V02438,2022-11,2022,11,Jeddah,Leisure,Asia,Resort,3,1086.58,5
V02439,2023-09,2023,9,Dammam,Family,Domestic,Hotel,3,1454.61,3
V02440,2022-09,2022,9,Jeddah,Family,Domestic,Hotel,2,531.18,3
V02441,2023-11,2023,11,Jeddah,Religious,Domestic,Other,2,850.51,3
V02442,2022-02,2022,2,AlUla,Business,Asia,Hotel,3,1255.11,1
V02443,2024-06,2024,6,Riyadh,Religious,Domestic,Furnished Apartment,4,1864.4,5
V02444,2023-11,2023,11,Madinah,Religious,Europe,Furnished Apartment,3,603.51,5
V02445,2025-05,2025,5,Jeddah,Religious,Domestic,Hotel,2,541.84,1
V02446,2024-12,2024,12,Madinah,Religious,GCC,Hotel,5,2302.36,5
V02447,2023-09,2023,9,Jeddah,Leisure,Domestic,Resort,2,343.89,3
V02448,2023-12,2023,12,Jeddah,Religious,Domestic,Hotel,5,1547.09,4
V02449,2022-06,2022,6,Riyadh,Leisure,Domestic,Hotel,2,903.82,3
V02450,2022-05,2022,5,Makkah,Religious,Domestic,Hotel,1,454.31,4
V02451,2023-10,2023,10,Dammam,Business,Domestic,Hotel,3,948.98,5
V02452,2022-10,2022,10,Riyadh,Events,GCC,Hotel,3,1408.88,2
V02453,2023-01,2023,1,Jeddah,Religious,Europe,Furnished Apartment,3,1883.68,2
V02454,2025-08,2025,8,Dammam,Leisure,Domestic,Furnished Apartment,3,705.22,1
V02455,2022-04,2022,4,Madinah,Religious,Domestic,Hotel,2,456.06,5
V02456,2022-03,2022,3,Jeddah,Leisure,Other,Resort,4,868.14,4
V02457,2022-11,2022,11,Makkah,Religious,Domestic,Hotel,5,1293.82,1
V02458,2023-01,2023,1,Dammam,Family,Other,Hotel,3,692.87,2
V02459,2023-03,2023,3,Jeddah,Religious,GCC,Furnished Apartment,2,387.39,3
V02460,2022-03,2022,3,Madinah,Business,Asia,Resort,2,761.66,1
V02461,2024-05,2024,5,Jeddah,Events,Domestic,Hotel,5,1497.52,1
V02462,2025-04,2025,4,Madinah,Events,GCC,Hotel,2,522.83,2
V02463,2023-12,2023,12,Jeddah,Religious,Domestic,Other,3,1389.35,4
V02464,2023-09,2023,9,Madinah,Events,Asia,Hotel,2,828.43,5
V02465,2024-09,2024,9,Madinah,Leisure,Domestic,Resort,3,586.67,1
V02466,2024-10,2024,10,Dammam,Leisure,Europe,Furnished Apartment,4,2038.49,5
V02467,2023-03,2023,3,Jeddah,Religious,Domestic,Other,3,555.96,5
V02468,2023-12,2023,12,Riyadh,Religious,Domestic,Resort,4,1443.43,3
V02469,2023-05,2023,5,AlUla,Religious,Domestic,Resort,2,625.13,4
V02470,2024-11,2024,11,Madinah,Family,Asia,Hotel,3,1382.62,2
V02471,2025-03,2025,3,Madinah,Religious,GCC,Hotel,2,496.54,5
V02472,2024-03,2024,3,Madinah,Religious,Other,Furnished Apartment,1,242.1,3
V02473,2022-09,2022,9,Madinah,Religious,Europe,Furnished Apartment,2,1281.75,4
V02474,2023-03,2023,3,Makkah,Religious,Other,Hotel,3,1106.92,2
V02475,2025-04,2025,4,Riyadh,Leisure,GCC,Furnished Apartment,5,1071.1,1
V02476,2025-06,2025,6,Dammam,Religious,Asia,Resort,6,1495.37,1
V02477,2025-02,2025,2,AlUla,Events,Europe,Resort,2,434.64,4
V02478,2022-02,2022,2,AlUla,Religious,Domestic,Other,3,1185.2,2
V02479,2025-01,2025,1,Dammam,Family,Domestic,Hotel,2,311.02,3
V02480,2024-01,2024,1,AlUla,Business,Domestic,Resort,3,572.81,1
V02481,2024-11,2024,11,Riyadh,Business,Asia,Furnished Apartment,1,354.37,1
V02482,2025-08,2025,8,Abha,Leisure,GCC,Hotel,6,1294.79,2
V02483,2023-03,2023,3,Jeddah,Religious,Domestic,Furnished Apartment,2,769.45,1
V02484,2022-04,2022,4,AlUla,Leisure,GCC,Other,3,460.42,4
V02485,2024-03,2024,3,Makkah,Leisure,Domestic,Hotel,1,276.03,2
V02486,2023-03,2023,3,Madinah,Religious,Domestic,Hotel,4,746.18,5
V02487,2023-12,2023,12,Jeddah,Business,GCC,Furnished Apartment,3,626.36,5
V02488,2023-03,2023,3,Madinah,Leisure,Asia,Hotel,1,270.34,2
V02489,2022-04,2022,4,Makkah,Religious,Domestic,Hotel,2,720.79,4
V02490,2024-12,2024,12,AlUla,Leisure,GCC,Furnished Apartment,3,924.4,2
V02491,2024-01,2024,1,Dammam,Leisure,Asia,Hotel,2,645.25,1
V02492,2023-08,2023,8,Makkah,Religious,Asia,Furnished Apartment,2,579.98,5
V02493,2022-08,2022,8,Dammam,Business,Domestic,Hotel,4,1366.26,5
V02494,2025-03,2025,3,Madinah,Religious,Domestic,Hotel,3,757.0,5
V02495,2023-03,2023,3,Jeddah,Events,Domestic,Hotel,2,482.44,1
V02496,2022-05,2022,5,Jeddah,Religious,Domestic,Resort,3,1331.5,1
V02497,2023-09,2023,9,Makkah,Religious,GCC,Other,5,2461.77,4
V02498,2025-08,2025,8,Makkah,Religious,Other,Hotel,1,397.72,5
V02499,2023-01,2023,1,Makkah,Events,Domestic,Other,3,1414.14,3
V02500,2022-11,2022,11,Jeddah,Events,GCC,Hotel,3,1364.0,1
V02501,2022-04,2022,4,Jeddah,Family,Europe,Furnished Apartment,2,1233.55,1
V02502,2023-07,2023,7,Madinah,Religious,Europe,Hotel,3,804.88,2
V02503,2024-02,2024,2,Jeddah,Leisure,Domestic,Furnished Apartment,3,1088.3,2
V02504,2023-12,2023,12,Makkah,Religious,Asia,Resort,3,1339.6,5
V02505,2023-11,2023,11,Makkah,Leisure,Domestic,Hotel,6,2739.64,2
V02506,2023-11,2023,11,Madinah,Religious,Asia,Resort,2,669.65,5
V02507,2024-05,2024,5,AlUla,Business,Asia,Hotel,3,742.51,5
V02508,2022-04,2022,4,Riyadh,Leisure,GCC,Furnished Apartment,3,768.5,4
V02509,2022-03,2022,3,Madinah,Religious,Domestic,Hotel,4,1865.89,2
V02510,2023-02,2023,2,Makkah,Religious,Domestic,Resort,1,394.51,4
V02511,2023-09,2023,9,Makkah,Family,Other,Resort,3,1227.41,3
V02512,2025-08,2025,8,Makkah,Religious,Other,Hotel,3,897.42,5
V02513,2024-11,2024,11,Riyadh,Religious,GCC,Resort,5,987.5,4
V02514,2023-11,2023,11,Riyadh,Family,GCC,Hotel,2,622.98,3
V02515,2025-06,2025,6,Abha,Leisure,Domestic,Furnished Apartment,3,1426.81,5
V02516,2024-11,2024,11,Riyadh,Business,Domestic,Other,1,405.95,4
V02517,2022-07,2022,7,Makkah,Leisure,GCC,Hotel,3,756.44,3
V02518,2025-03,2025,3,Jeddah,Business,Europe,Furnished Apartment,2,390.28,5
V02519,2022-09,2022,9,Jeddah,Religious,GCC,Hotel,1,226.32,5
V02520,2023-04,2023,4,Riyadh,Events,GCC,Furnished Apartment,1,367.12,1
V02521,2023-01,2023,1,Makkah,Business,Domestic,Hotel,5,1051.3,2
V02522,2024-12,2024,12,Abha,Religious,Asia,Resort,5,953.91,4
V02523,2023-06,2023,6,Madinah,Leisure,Other,Other,3,708.38,4
V02524,2024-11,2024,11,Jeddah,Religious,GCC,Hotel,3,1084.01,4
V02525,2025-07,2025,7,Dammam,Religious,Domestic,Hotel,5,1419.02,4
V02526,2024-04,2024,4,Jeddah,Religious,Asia,Resort,5,2048.44,3
V02527,2024-07,2024,7,Riyadh,Religious,Asia,Other,2,751.25,4
V02528,2025-01,2025,1,AlUla,Events,Asia,Hotel,6,2103.98,1
V02529,2023-09,2023,9,Madinah,Religious,Other,Hotel,4,1186.64,3
V02530,2023-02,2023,2,Jeddah,Religious,Domestic,Resort,2,456.04,4
V02531,2024-02,2024,2,Dammam,Religious,GCC,Hotel,4,1146.56,5
V02532,2024-06,2024,6,Abha,Events,Domestic,Resort,2,839.87,4
V02533,2023-12,2023,12,Madinah,Religious,Asia,Furnished Apartment,2,433.01,5
V02534,2024-01,2024,1,Makkah,Religious,Europe,Hotel,1,406.62,4
V02535,2022-02,2022,2,Abha,Religious,Asia,Hotel,3,1417.6,2
V02536,2023-05,2023,5,Madinah,Religious,Domestic,Furnished Apartment,2,902.92,2
V02537,2024-12,2024,12,Makkah,Religious,Domestic,Hotel,5,1031.22,2
V02538,2024-09,2024,9,Abha,Leisure,Domestic,Resort,2,914.55,3
V02539,2023-08,2023,8,Jeddah,Religious,Domestic,Resort,1,260.52,3
V02540,2023-12,2023,12,Madinah,Religious,Other,Resort,3,914.51,2
V02541,2024-11,2024,11,Abha,Family,Domestic,Other,3,694.2,4
V02542,2022-03,2022,3,Makkah,Religious,Domestic,Hotel,3,844.49,3
V02543,2024-10,2024,10,Makkah,Religious,Asia,Hotel,2,388.42,1
V02544,2022-07,2022,7,Madinah,Leisure,Domestic,Furnished Apartment,5,1830.22,5
V02545,2023-09,2023,9,Makkah,Religious,Domestic,Hotel,1,190.87,2
V02546,2024-03,2024,3,Jeddah,Religious,Europe,Furnished Apartment,4,1813.85,5
V02547,2023-07,2023,7,Jeddah,Leisure,Asia,Resort,1,166.62,4
V02548,2024-02,2024,2,Makkah,Religious,Europe,Hotel,5,1818.37,5
V02549,2025-06,2025,6,AlUla,Religious,Domestic,Hotel,3,858.79,1
V02550,2022-03,2022,3,Makkah,Religious,Europe,Hotel,2,946.24,2
V02551,2022-09,2022,9,Riyadh,Religious,Domestic,Hotel,4,1273.57,5
V02552,2023-11,2023,11,Dammam,Events,Domestic,Furnished Apartment,7,2862.78,2
V02553,2025-01,2025,1,Jeddah,Family,Domestic,Resort,1,419.12,4
V02554,2023-12,2023,12,Makkah,Religious,Asia,Hotel,5,2081.33,4
V02555,2024-09,2024,9,Dammam,Family,Domestic,Furnished Apartment,2,945.68,5
V02556,2024-06,2024,6,Madinah,Religious,GCC,Hotel,4,1101.36,5
V02557,2022-05,2022,5,Abha,Business,Domestic,Hotel,2,502.06,5
V02558,2025-08,2025,8,Madinah,Religious,Asia,Furnished Apartment,3,1027.65,1
V02559,2023-06,2023,6,Abha,Religious,GCC,Furnished Apartment,1,498.99,5
V02560,2022-09,2022,9,Makkah,Religious,Asia,Resort,4,1776.25,2
V02561,2025-08,2025,8,Dammam,Religious,Domestic,Hotel,3,583.74,3
V02562,2023-07,2023,7,AlUla,Business,Domestic,Hotel,5,2232.12,3
V02563,2025-02,2025,2,Makkah,Religious,Domestic,Furnished Apartment,3,904.11,5
V02564,2023-09,2023,9,Madinah,Religious,Domestic,Hotel,3,1299.62,2
V02565,2024-06,2024,6,Abha,Leisure,GCC,Furnished Apartment,5,1826.47,5
V02566,2022-11,2022,11,Dammam,Family,Domestic,Resort,6,1767.87,5
V02567,2023-12,2023,12,Dammam,Leisure,Europe,Hotel,3,1123.52,3
V02568,2024-04,2024,4,Jeddah,Leisure,Domestic,Hotel,4,1216.16,5
V02569,2023-04,2023,4,Dammam,Leisure,Europe,Hotel,4,904.84,5
V02570,2023-02,2023,2,Makkah,Religious,Domestic,Furnished Apartment,1,205.3,3
V02571,2023-11,2023,11,Makkah,Religious,Domestic,Hotel,2,402.05,5
V02572,2024-12,2024,12,Jeddah,Family,Europe,Hotel,2,806.84,1
V02573,2022-11,2022,11,Abha,Leisure,Domestic,Hotel,1,478.57,1
V02574,2025-01,2025,1,Makkah,Religious,Domestic,Hotel,4,1846.46,3
V02575,2023-01,2023,1,Madinah,Religious,GCC,Furnished Apartment,2,471.59,5
V02576,2023-08,2023,8,Riyadh,Religious,Asia,Resort,1,178.42,4
V02577,2023-06,2023,6,Makkah,Business,Domestic,Hotel,3,675.25,5
V02578,2024-06,2024,6,Madinah,Business,Other,Hotel,2,761.17,2
V02579,2022-10,2022,10,Riyadh,Religious,Domestic,Hotel,3,1495.92,4
V02580,2022-06,2022,6,Madinah,Religious,Asia,Hotel,4,1865.8,1
V02581,2025-01,2025,1,Madinah,Leisure,Domestic,Hotel,1,395.53,1
V02582,2025-04,2025,4,Madinah,Family,Domestic,Hotel,1,487.41,5
V02583,2023-09,2023,9,Abha,Religious,GCC,Furnished Apartment,5,2265.81,1
V02584,2024-01,2024,1,Makkah,Business,GCC,Hotel,4,686.08,5
V02585,2025-02,2025,2,Madinah,Business,GCC,Other,2,538.02,5
V02586,2025-08,2025,8,AlUla,Religious,Asia,Other,4,1814.76,4
V02587,2023-02,2023,2,Jeddah,Religious,Domestic,Furnished Apartment,4,1105.19,1
V02588,2024-04,2024,4,Abha,Family,Domestic,Hotel,3,586.87,1
V02589,2024-08,2024,8,Makkah,Religious,Asia,Hotel,4,1239.03,5
V02590,2023-11,2023,11,Riyadh,Leisure,Domestic,Hotel,2,433.39,4
V02591,2023-02,2023,2,Dammam,Religious,GCC,Other,3,1052.25,3
V02592,2025-07,2025,7,Madinah,Religious,Other,Resort,3,775.14,5
V02593,2025-05,2025,5,Jeddah,Family,Domestic,Other,5,2163.93,3
V02594,2022-02,2022,2,Makkah,Religious,GCC,Furnished Apartment,1,481.39,5
V02595,2024-11,2024,11,Riyadh,Events,Europe,Resort,7,2287.52,3
V02596,2023-12,2023,12,Madinah,Religious,Domestic,Other,3,1445.46,3
V02597,2025-07,2025,7,Jeddah,Family,Domestic,Furnished Apartment,1,298.27,3
V02598,2023-08,2023,8,Abha,Religious,Other,Hotel,2,642.85,1
V02599,2025-06,2025,6,Riyadh,Events,Domestic,Other,3,793.61,1
V02600,2024-12,2024,12,Makkah,Religious,Domestic,Furnished Apartment,1,240.23,2
V02601,2025-06,2025,6,Madinah,Religious,Europe,Furnished Apartment,1,481.35,5
V02602,2025-04,2025,4,Riyadh,Family,Domestic,Hotel,2,714.41,4
V02603,2024-01,2024,1,Jeddah,Leisure,Domestic,Hotel,3,1287.2,2
V02604,2024-06,2024,6,Abha,Leisure,Other,Furnished Apartment,6,1395.31,3
V02605,2023-01,2023,1,Makkah,Religious,Asia,Other,3,1481.98,1
V02606,2022-10,2022,10,Dammam,Leisure,Domestic,Other,7,1616.08,1
V02607,2024-07,2024,7,Makkah,Religious,Domestic,Resort,2,700.77,2
V02608,2024-10,2024,10,Dammam,Leisure,Domestic,Resort,3,1468.61,5
V02609,2025-02,2025,2,Madinah,Religious,Asia,Hotel,4,1138.39,5
V02610,2023-12,2023,12,Makkah,Religious,Domestic,Hotel,1,205.95,5
V02611,2022-01,2022,1,AlUla,Leisure,GCC,Hotel,5,828.16,1
V02612,2024-06,2024,6,Riyadh,Business,Asia,Resort,2,997.84,3
V02613,2024-06,2024,6,Makkah,Religious,Asia,Hotel,6,2096.81,1
V02614,2023-03,2023,3,Abha,Leisure,GCC,Resort,3,516.77,3
V02615,2024-12,2024,12,Riyadh,Religious,Domestic,Hotel,2,712.19,3
V02616,2025-07,2025,7,Makkah,Leisure,Domestic,Hotel,5,1720.81,5
V02617,2022-10,2022,10,Abha,Events,Asia,Hotel,1,173.99,1
V02618,2022-09,2022,9,Jeddah,Family,Other,Hotel,2,963.99,4
V02619,2024-08,2024,8,Makkah,Religious,Other,Resort,4,705.63,1
V02620,2022-09,2022,9,Abha,Religious,Domestic,Furnished Apartment,1,153.87,5
V02621,2024-04,2024,4,Makkah,Religious,Domestic,Furnished Apartment,1,416.36,5
V02622,2022-10,2022,10,Makkah,Religious,Domestic,Hotel,3,1157.34,1
V02623,2022-01,2022,1,Jeddah,Leisure,Asia,Furnished Apartment,2,433.79,5
V02624,2022-08,2022,8,Makkah,Religious,Asia,Resort,4,1232.48,1
V02625,2025-03,2025,3,Makkah,Religious,Domestic,Hotel,3,621.7,5
V02626,2023-01,2023,1,Dammam,Religious,GCC,Hotel,5,806.17,2
V02627,2024-04,2024,4,Riyadh,Family,Domestic,Hotel,6,2983.61,1
V02628,2024-03,2024,3,Riyadh,Business,Domestic,Hotel,1,186.32,5
V02629,2022-09,2022,9,Riyadh,Religious,Domestic,Hotel,2,644.95,2
V02630,2023-09,2023,9,AlUla,Religious,Domestic,Hotel,2,630.0,5
V02631,2023-08,2023,8,Riyadh,Religious,GCC,Hotel,5,1890.39,3
V02632,2022-02,2022,2,Riyadh,Religious,Domestic,Furnished Apartment,2,375.69,3
V02633,2023-12,2023,12,Makkah,Business,Europe,Hotel,5,1479.29,2
V02634,2023-11,2023,11,Riyadh,Religious,GCC,Other,5,1799.74,3
V02635,2023-08,2023,8,Dammam,Events,Asia,Furnished Apartment,2,808.72,2
V02636,2023-01,2023,1,Madinah,Religious,Domestic,Hotel,3,1168.18,2
V02637,2025-01,2025,1,Riyadh,Business,Europe,Resort,2,1209.42,5
V02638,2022-02,2022,2,Jeddah,Leisure,Asia,Hotel,5,2350.78,1
V02639,2023-08,2023,8,Jeddah,Leisure,Domestic,Hotel,1,365.23,1
V02640,2024-07,2024,7,Makkah,Religious,Asia,Hotel,4,861.87,2
V02641,2023-10,2023,10,Dammam,Religious,Domestic,Hotel,1,398.21,4
V02642,2022-10,2022,10,Jeddah,Business,Domestic,Hotel,4,1492.24,1
V02643,2025-04,2025,4,Madinah,Religious,Europe,Hotel,4,1961.07,4
V02644,2025-06,2025,6,Dammam,Leisure,Domestic,Resort,1,437.13,1
V02645,2024-05,2024,5,Jeddah,Family,Other,Furnished Apartment,4,919.11,1
V02646,2022-12,2022,12,Madinah,Leisure,Domestic,Resort,2,578.91,2
V02647,2022-08,2022,8,AlUla,Business,Asia,Hotel,3,714.99,5
V02648,2023-05,2023,5,AlUla,Leisure,Asia,Hotel,3,453.8,4
V02649,2023-01,2023,1,Jeddah,Events,Asia,Hotel,3,1102.42,4
V02650,2024-11,2024,11,Madinah,Religious,Europe,Other,3,1170.75,5
V02651,2024-10,2024,10,Jeddah,Religious,GCC,Hotel,4,611.61,3
V02652,2025-02,2025,2,Madinah,Religious,Domestic,Other,2,536.19,1
V02653,2025-01,2025,1,Riyadh,Leisure,Domestic,Resort,3,528.94,4
V02654,2023-09,2023,9,Makkah,Family,Domestic,Furnished Apartment,1,253.73,4
V02655,2025-02,2025,2,Dammam,Religious,Europe,Resort,2,831.78,3
V02656,2024-07,2024,7,Dammam,Religious,GCC,Hotel,2,461.49,2
V02657,2023-06,2023,6,Makkah,Religious,Other,Furnished Apartment,2,410.15,1
V02658,2023-09,2023,9,Abha,Family,Domestic,Hotel,2,768.6,4
V02659,2022-05,2022,5,Riyadh,Religious,GCC,Hotel,4,1892.25,2
V02660,2025-05,2025,5,Madinah,Leisure,Domestic,Hotel,1,243.04,2
V02661,2024-03,2024,3,Makkah,Religious,Domestic,Furnished Apartment,2,577.03,3
V02662,2024-05,2024,5,Riyadh,Religious,Asia,Hotel,4,1240.55,5
V02663,2023-09,2023,9,Riyadh,Religious,GCC,Hotel,4,1678.02,5
V02664,2024-10,2024,10,Riyadh,Religious,Domestic,Furnished Apartment,5,1312.61,4
V02665,2022-12,2022,12,Riyadh,Business,Asia,Furnished Apartment,3,720.24,5
V02666,2023-08,2023,8,Abha,Leisure,Asia,Hotel,4,693.62,4
V02667,2022-11,2022,11,Madinah,Religious,Domestic,Hotel,1,163.53,5
V02668,2023-04,2023,4,Makkah,Religious,Domestic,Hotel,2,837.1,2
V02669,2025-02,2025,2,Makkah,Religious,Europe,Other,3,774.03,4
V02670,2025-05,2025,5,AlUla,Leisure,Asia,Resort,1,422.47,3
V02671,2022-07,2022,7,Makkah,Religious,Domestic,Hotel,1,493.19,1
V02672,2023-05,2023,5,Riyadh,Leisure,GCC,Hotel,4,1632.81,2
V02673,2025-01,2025,1,Jeddah,Events,Domestic,Hotel,1,190.08,1
V02674,2022-03,2022,3,Riyadh,Leisure,Domestic,Hotel,4,602.68,1
V02675,2022-10,2022,10,AlUla,Leisure,Domestic,Hotel,2,459.8,5
V02676,2024-12,2024,12,Riyadh,Events,Domestic,Hotel,4,1890.76,3
V02677,2023-09,2023,9,Madinah,Leisure,Domestic,Furnished Apartment,2,749.65,3
V02678,2023-03,2023,3,Abha,Events,Europe,Hotel,4,1821.1,4
V02679,2022-12,2022,12,Abha,Events,Domestic,Hotel,4,713.19,2
V02680,2025-05,2025,5,Abha,Leisure,Europe,Hotel,3,1192.71,2
V02681,2022-05,2022,5,Jeddah,Leisure,Domestic,Furnished Apartment,3,639.67,3
V02682,2023-07,2023,7,Jeddah,Leisure,GCC,Furnished Apartment,2,911.23,2
V02683,2024-08,2024,8,Madinah,Religious,Domestic,Furnished Apartment,4,1428.35,1
V02684,2022-12,2022,12,Jeddah,Events,Domestic,Furnished Apartment,2,931.15,2
V02685,2024-06,2024,6,Makkah,Religious,Europe,Other,4,2315.81,3
V02686,2023-02,2023,2,Makkah,Religious,GCC,Furnished Apartment,1,229.0,4
V02687,2022-11,2022,11,Makkah,Family,Europe,Furnished Apartment,1,413.97,1
V02688,2025-04,2025,4,Makkah,Leisure,Domestic,Resort,5,775.04,1
V02689,2025-03,2025,3,Makkah,Leisure,Domestic,Hotel,4,1798.23,1
V02690,2022-01,2022,1,AlUla,Leisure,Domestic,Resort,4,1743.72,3
V02691,2024-02,2024,2,Makkah,Religious,Domestic,Furnished Apartment,5,2106.0,1
V02692,2023-04,2023,4,Makkah,Religious,Other,Hotel,4,1498.42,5
V02693,2022-03,2022,3,Riyadh,Family,Domestic,Hotel,1,155.03,3
V02694,2022-01,2022,1,Riyadh,Religious,Domestic,Resort,4,1317.2,2
V02695,2024-03,2024,3,Riyadh,Religious,Asia,Furnished Apartment,5,2486.45,3
V02696,2022-10,2022,10,Dammam,Events,Asia,Other,1,296.67,4
V02697,2025-04,2025,4,Abha,Religious,Asia,Furnished Apartment,1,337.43,2
V02698,2025-04,2025,4,Dammam,Leisure,GCC,Resort,4,1269.58,2
V02699,2022-04,2022,4,Madinah,Religious,GCC,Other,2,936.46,2
V02700,2024-03,2024,3,Madinah,Family,GCC,Hotel,2,693.1,1
V02701,2024-04,2024,4,Makkah,Family,Europe,Hotel,3,731.63,2
V02702,2025-03,2025,3,Dammam,Religious,Domestic,Resort,2,717.79,1
V02703,2023-04,2023,4,Abha,Family,Other,Furnished Apartment,3,1056.04,1
V02704,2023-04,2023,4,Riyadh,Leisure,GCC,Hotel,3,729.27,2
V02705,2025-05,2025,5,Jeddah,Business,Asia,Hotel,4,1726.12,3
V02706,2023-12,2023,12,Jeddah,Leisure,Domestic,Hotel,2,808.21,4
V02707,2022-08,2022,8,Dammam,Religious,GCC,Other,3,1391.87,5
V02708,2023-10,2023,10,Makkah,Religious,Domestic,Other,4,1717.26,1
V02709,2023-01,2023,1,Dammam,Business,Europe,Hotel,4,2112.02,1
V02710,2025-07,2025,7,Riyadh,Religious,Domestic,Hotel,2,999.25,5
V02711,2022-12,2022,12,Riyadh,Religious,GCC,Resort,5,2083.37,2
V02712,2022-05,2022,5,Madinah,Religious,Europe,Hotel,4,2400.1,4
V02713,2022-05,2022,5,Makkah,Religious,Asia,Furnished Apartment,5,1750.17,5
V02714,2024-12,2024,12,Makkah,Religious,Domestic,Hotel,1,374.35,4
V02715,2025-05,2025,5,Abha,Leisure,Domestic,Resort,4,1359.38,2
V02716,2023-10,2023,10,Abha,Religious,Other,Furnished Apartment,6,1704.54,3
V02717,2024-10,2024,10,Jeddah,Religious,Domestic,Furnished Apartment,4,664.27,4
V02718,2023-04,2023,4,Jeddah,Leisure,Domestic,Hotel,3,762.28,4
V02719,2024-07,2024,7,Makkah,Religious,Asia,Hotel,3,1163.88,5
V02720,2024-08,2024,8,Madinah,Religious,Other,Hotel,4,1880.11,1
V02721,2025-04,2025,4,Riyadh,Business,Europe,Furnished Apartment,1,453.45,1
V02722,2024-05,2024,5,Makkah,Religious,Domestic,Resort,2,472.89,4
V02723,2023-03,2023,3,Jeddah,Religious,Domestic,Hotel,3,1442.05,1
V02724,2024-01,2024,1,Makkah,Events,Asia,Hotel,3,902.8,3
V02725,2023-03,2023,3,Madinah,Religious,Europe,Resort,3,1214.41,1
V02726,2024-02,2024,2,AlUla,Religious,Domestic,Furnished Apartment,1,272.32,4
V02727,2022-09,2022,9,Abha,Religious,GCC,Furnished Apartment,1,311.42,2
V02728,2023-07,2023,7,Dammam,Family,Other,Resort,3,1041.96,5
V02729,2025-07,2025,7,Madinah,Religious,GCC,Furnished Apartment,2,871.97,3
V02730,2024-08,2024,8,Madinah,Religious,Asia,Furnished Apartment,5,1464.81,4
V02731,2023-11,2023,11,Riyadh,Family,Other,Hotel,5,1654.53,3
V02732,2024-02,2024,2,Madinah,Religious,Asia,Furnished Apartment,4,1983.13,4
V02733,2023-04,2023,4,Makkah,Religious,Other,Hotel,1,246.77,4
V02734,2024-08,2024,8,Riyadh,Business,Domestic,Furnished Apartment,2,439.56,5
V02735,2024-09,2024,9,Madinah,Religious,Asia,Hotel,3,1351.82,5
V02736,2025-01,2025,1,Abha,Leisure,Other,Hotel,3,540.01,1
V02737,2023-03,2023,3,Abha,Business,Other,Hotel,3,607.81,5
V02738,2023-10,2023,10,Riyadh,Religious,Domestic,Hotel,3,454.29,5
V02739,2024-04,2024,4,Makkah,Leisure,Domestic,Furnished Apartment,3,931.57,3
V02740,2022-09,2022,9,AlUla,Religious,Asia,Hotel,5,1640.18,3
V02741,2024-07,2024,7,Dammam,Religious,Europe,Other,4,2529.68,2
V02742,2024-03,2024,3,Jeddah,Leisure,Domestic,Furnished Apartment,1,398.03,4
V02743,2022-02,2022,2,Jeddah,Leisure,Domestic,Resort,2,780.75,2
V02744,2025-02,2025,2,Dammam,Religious,Domestic,Furnished Apartment,2,530.75,5
V02745,2025-02,2025,2,Jeddah,Business,Domestic,Hotel,6,2341.07,2
V02746,2022-10,2022,10,Madinah,Leisure,Asia,Hotel,1,308.35,5
V02747,2024-11,2024,11,Riyadh,Religious,Domestic,Other,3,1457.0,3
V02748,2022-10,2022,10,Abha,Events,Europe,Hotel,1,231.17,4
V02749,2023-04,2023,4,Madinah,Religious,Domestic,Furnished Apartment,2,661.19,4
V02750,2025-05,2025,5,Madinah,Religious,Domestic,Resort,1,163.17,5
V02751,2022-08,2022,8,Jeddah,Family,GCC,Hotel,7,1386.87,4
V02752,2024-08,2024,8,Riyadh,Religious,Domestic,Furnished Apartment,3,758.96,4
V02753,2023-07,2023,7,Madinah,Religious,Asia,Furnished Apartment,2,709.05,2
V02754,2023-06,2023,6,Riyadh,Religious,Domestic,Furnished Apartment,4,858.26,5
V02755,2023-03,2023,3,Abha,Leisure,Domestic,Hotel,1,426.9,1
V02756,2022-12,2022,12,Makkah,Religious,Domestic,Resort,4,1792.61,4
V02757,2024-03,2024,3,Riyadh,Leisure,Domestic,Hotel,4,1228.11,4
V02758,2024-11,2024,11,Dammam,Leisure,Europe,Hotel,1,350.74,1
V02759,2023-09,2023,9,Makkah,Religious,Asia,Furnished Apartment,1,285.82,2
V02760,2024-08,2024,8,Madinah,Events,Other,Hotel,2,382.55,4
V02761,2023-03,2023,3,Abha,Leisure,Asia,Hotel,1,487.91,5
V02762,2022-09,2022,9,Riyadh,Religious,Domestic,Furnished Apartment,3,973.83,1
V02763,2025-05,2025,5,Dammam,Religious,Domestic,Resort,5,2083.43,2
V02764,2024-06,2024,6,Jeddah,Leisure,Asia,Hotel,4,655.0,5
V02765,2025-08,2025,8,Jeddah,Religious,Domestic,Furnished Apartment,4,1486.92,1
V02766,2022-05,2022,5,Dammam,Family,Asia,Hotel,3,948.95,1
V02767,2022-04,2022,4,Makkah,Business,Asia,Furnished Apartment,2,965.07,1
V02768,2023-09,2023,9,Makkah,Religious,Europe,Furnished Apartment,6,2595.84,1
V02769,2022-10,2022,10,Abha,Family,Domestic,Other,1,224.73,4
V02770,2022-11,2022,11,Makkah,Religious,Domestic,Furnished Apartment,2,327.97,3
V02771,2022-06,2022,6,Dammam,Leisure,Domestic,Hotel,3,512.71,1
V02772,2025-02,2025,2,Makkah,Leisure,Asia,Hotel,5,1568.25,5
V02773,2022-08,2022,8,Dammam,Family,Domestic,Furnished Apartment,1,398.18,4
V02774,2024-10,2024,10,Madinah,Religious,Domestic,Hotel,5,2101.48,4
V02775,2024-06,2024,6,Makkah,Religious,GCC,Hotel,4,1935.55,4
V02776,2022-09,2022,9,Riyadh,Leisure,Domestic,Hotel,1,411.56,3
V02777,2025-08,2025,8,Riyadh,Leisure,GCC,Other,3,824.31,3
V02778,2025-02,2025,2,Makkah,Leisure,Domestic,Hotel,4,979.11,5
V02779,2024-05,2024,5,Makkah,Religious,Domestic,Resort,2,500.66,1
V02780,2023-08,2023,8,Madinah,Religious,Domestic,Furnished Apartment,5,1610.49,4
V02781,2023-05,2023,5,Riyadh,Leisure,Asia,Furnished Apartment,5,1886.61,2
V02782,2022-07,2022,7,Riyadh,Leisure,GCC,Furnished Apartment,2,346.08,3
V02783,2023-11,2023,11,Makkah,Religious,Domestic,Hotel,2,802.1,4
V02784,2024-07,2024,7,Makkah,Family,GCC,Hotel,5,2374.65,4
V02785,2022-07,2022,7,Madinah,Religious,GCC,Furnished Apartment,5,2164.18,3
V02786,2025-02,2025,2,Jeddah,Family,Domestic,Hotel,2,718.18,1
V02787,2023-07,2023,7,Jeddah,Religious,Other,Furnished Apartment,1,373.5,5
V02788,2022-08,2022,8,Madinah,Religious,GCC,Hotel,4,1984.97,3
V02789,2022-03,2022,3,Riyadh,Leisure,GCC,Furnished Apartment,5,1826.79,2
V02790,2025-01,2025,1,Riyadh,Religious,Asia,Hotel,4,659.56,2
V02791,2022-08,2022,8,Madinah,Religious,GCC,Hotel,2,704.74,4
V02792,2022-01,2022,1,Jeddah,Events,Other,Hotel,5,2112.94,5
V02793,2023-12,2023,12,Dammam,Family,Other,Hotel,4,1326.56,2
V02794,2023-02,2023,2,Madinah,Events,Europe,Furnished Apartment,7,4112.95,3
V02795,2024-01,2024,1,Riyadh,Family,Domestic,Hotel,3,574.69,2
V02796,2023-11,2023,11,Makkah,Leisure,Asia,Hotel,3,978.79,5
V02797,2024-07,2024,7,Madinah,Family,Asia,Furnished Apartment,5,1973.96,2
V02798,2024-05,2024,5,Makkah,Religious,Domestic,Hotel,4,1888.04,2
V02799,2023-10,2023,10,Madinah,Leisure,Domestic,Resort,4,1382.88,4
V02800,2023-03,2023,3,Makkah,Religious,Domestic,Furnished Apartment,2,871.67,5
V02801,2022-06,2022,6,Jeddah,Events,Domestic,Hotel,5,2019.99,3
V02802,2023-10,2023,10,Makkah,Religious,Asia,Other,7,2466.33,2
V02803,2023-08,2023,8,Jeddah,Leisure,GCC,Hotel,4,1513.43,3
V02804,2024-08,2024,8,Dammam,Family,Domestic,Furnished Apartment,3,480.49,2
V02805,2023-11,2023,11,Makkah,Religious,Domestic,Other,2,414.81,3
V02806,2022-11,2022,11,Riyadh,Leisure,Domestic,Furnished Apartment,3,523.04,4
V02807,2024-03,2024,3,Makkah,Religious,Domestic,Furnished Apartment,2,586.74,2
V02808,2023-02,2023,2,Makkah,Religious,GCC,Furnished Apartment,5,1585.38,5
V02809,2023-09,2023,9,Abha,Business,Europe,Hotel,3,877.99,1
V02810,2022-04,2022,4,AlUla,Religious,Asia,Hotel,3,964.21,2
V02811,2023-08,2023,8,Jeddah,Family,Asia,Furnished Apartment,5,1747.81,1
V02812,2024-10,2024,10,Riyadh,Leisure,Other,Hotel,3,582.58,2
V02813,2025-08,2025,8,Madinah,Events,Domestic,Other,4,1129.15,4
V02814,2022-11,2022,11,AlUla,Leisure,Domestic,Furnished Apartment,5,2462.26,3
V02815,2024-02,2024,2,Madinah,Religious,Asia,Hotel,2,748.15,5
V02816,2022-06,2022,6,Madinah,Leisure,Europe,Hotel,4,1471.49,1
V02817,2022-09,2022,9,Abha,Business,GCC,Hotel,1,450.36,1
V02818,2025-05,2025,5,Madinah,Events,Other,Furnished Apartment,4,1753.85,3
V02819,2025-02,2025,2,Riyadh,Leisure,Domestic,Other,3,603.86,4
V02820,2022-10,2022,10,Riyadh,Leisure,Asia,Other,1,431.07,3
V02821,2023-04,2023,4,Madinah,Events,Asia,Furnished Apartment,4,710.97,1
V02822,2022-03,2022,3,Riyadh,Leisure,Domestic,Other,2,524.8,2
V02823,2022-02,2022,2,Madinah,Religious,Europe,Hotel,2,949.73,3
V02824,2024-06,2024,6,Jeddah,Leisure,GCC,Hotel,4,1426.15,3
V02825,2023-04,2023,4,Jeddah,Leisure,Domestic,Hotel,3,1293.55,1
V02826,2023-02,2023,2,Riyadh,Religious,Asia,Hotel,3,832.68,3
V02827,2024-09,2024,9,Riyadh,Business,Domestic,Furnished Apartment,4,1078.7,1
V02828,2023-03,2023,3,Madinah,Religious,GCC,Hotel,5,1952.67,4
V02829,2022-10,2022,10,Dammam,Leisure,Europe,Furnished Apartment,6,3392.48,1
V02830,2023-03,2023,3,Dammam,Leisure,Domestic,Resort,2,553.13,5
V02831,2023-05,2023,5,Madinah,Religious,Europe,Furnished Apartment,3,832.46,4
V02832,2024-08,2024,8,Madinah,Religious,Domestic,Hotel,4,1569.12,2
V02833,2022-11,2022,11,Abha,Leisure,Domestic,Hotel,4,1417.27,4
V02834,2023-10,2023,10,Jeddah,Leisure,GCC,Hotel,3,676.96,2
V02835,2023-11,2023,11,Dammam,Events,Asia,Other,5,2365.1,2
V02836,2024-01,2024,1,Jeddah,Leisure,Domestic,Hotel,2,975.88,2
V02837,2023-02,2023,2,Madinah,Leisure,GCC,Furnished Apartment,1,315.71,1
V02838,2022-12,2022,12,Madinah,Religious,GCC,Other,2,990.5,4
V02839,2025-04,2025,4,Riyadh,Family,GCC,Hotel,3,494.03,5
V02840,2022-08,2022,8,Dammam,Religious,GCC,Hotel,1,455.81,2
V02841,2025-01,2025,1,AlUla,Leisure,Domestic,Furnished Apartment,4,691.91,2
V02842,2025-04,2025,4,Madinah,Family,Asia,Hotel,3,1087.87,5
V02843,2024-05,2024,5,Abha,Religious,Domestic,Furnished Apartment,1,314.61,2
V02844,2022-10,2022,10,Dammam,Religious,GCC,Resort,1,465.01,4
V02845,2023-04,2023,4,AlUla,Religious,Domestic,Hotel,2,370.26,1
V02846,2025-01,2025,1,Dammam,Religious,GCC,Furnished Apartment,3,990.95,1
V02847,2022-04,2022,4,Jeddah,Religious,GCC,Hotel,5,1061.04,2
V02848,2022-03,2022,3,Jeddah,Business,GCC,Hotel,6,2829.25,3
V02849,2022-03,2022,3,Makkah,Leisure,Domestic,Hotel,4,1138.19,3
V02850,2023-01,2023,1,AlUla,Leisure,GCC,Resort,3,840.35,5
V02851,2023-03,2023,3,Madinah,Religious,Asia,Resort,3,1492.15,3
V02852,2024-01,2024,1,Jeddah,Business,Europe,Furnished Apartment,3,850.95,5
V02853,2022-11,2022,11,Riyadh,Leisure,GCC,Hotel,3,1446.49,5
V02854,2025-01,2025,1,Makkah,Religious,Europe,Hotel,4,833.29,1
V02855,2023-09,2023,9,Madinah,Religious,GCC,Hotel,5,2041.2,3
V02856,2023-03,2023,3,Jeddah,Leisure,Domestic,Resort,4,1233.28,2
V02857,2023-09,2023,9,Dammam,Leisure,GCC,Hotel,2,778.94,3
V02858,2024-01,2024,1,Dammam,Religious,Other,Other,3,939.25,1
V02859,2024-08,2024,8,Madinah,Family,Asia,Hotel,3,1013.06,1
V02860,2024-08,2024,8,Riyadh,Religious,Asia,Hotel,5,1699.76,4
V02861,2023-09,2023,9,Makkah,Religious,Domestic,Hotel,4,1942.93,1
V02862,2023-03,2023,3,Riyadh,Religious,Domestic,Hotel,4,1773.06,4
V02863,2023-03,2023,3,Makkah,Leisure,Domestic,Other,4,1244.58,4
V02864,2025-01,2025,1,Jeddah,Leisure,Europe,Hotel,2,1071.43,2
V02865,2024-07,2024,7,Madinah,Religious,Domestic,Hotel,2,496.35,1
V02866,2023-11,2023,11,Jeddah,Business,Domestic,Hotel,1,493.18,2
V02867,2024-10,2024,10,Madinah,Family,Domestic,Resort,2,904.59,1
V02868,2023-02,2023,2,Riyadh,Leisure,Domestic,Hotel,4,1749.97,5
V02869,2023-08,2023,8,Dammam,Leisure,Asia,Other,1,245.45,5
V02870,2022-06,2022,6,Dammam,Religious,Other,Other,1,441.06,5
V02871,2022-11,2022,11,Jeddah,Religious,Asia,Hotel,3,742.67,3
V02872,2024-03,2024,3,Dammam,Family,GCC,Hotel,2,491.04,4
V02873,2022-08,2022,8,Makkah,Family,Domestic,Hotel,1,393.68,3
V02874,2025-02,2025,2,Makkah,Religious,Asia,Hotel,1,176.81,2
V02875,2022-10,2022,10,Jeddah,Leisure,Europe,Hotel,4,829.72,2
V02876,2024-07,2024,7,Makkah,Family,Europe,Hotel,2,1260.68,2
V02877,2023-03,2023,3,Madinah,Religious,Domestic,Other,2,503.17,4
V02878,2022-06,2022,6,Makkah,Leisure,Asia,Furnished Apartment,3,1290.35,3
V02879,2022-09,2022,9,Riyadh,Religious,Other,Furnished Apartment,3,456.37,1
V02880,2023-11,2023,11,Riyadh,Leisure,Europe,Resort,2,589.98,4
V02881,2024-02,2024,2,Madinah,Leisure,Domestic,Hotel,1,296.88,5
V02882,2025-02,2025,2,Madinah,Religious,GCC,Furnished Apartment,4,1223.68,1
V02883,2024-01,2024,1,Jeddah,Religious,Domestic,Hotel,2,389.07,3
V02884,2023-11,2023,11,Makkah,Business,Asia,Other,3,934.81,2
V02885,2025-06,2025,6,Abha,Leisure,GCC,Hotel,3,1036.65,2
V02886,2023-09,2023,9,Madinah,Religious,Asia,Furnished Apartment,1,423.53,2
V02887,2024-01,2024,1,Madinah,Family,Domestic,Resort,2,944.96,5
V02888,2024-07,2024,7,Makkah,Religious,Other,Furnished Apartment,1,362.25,3
V02889,2024-01,2024,1,Madinah,Religious,Domestic,Hotel,1,240.78,2
V02890,2025-05,2025,5,Jeddah,Leisure,Europe,Resort,4,897.03,4
V02891,2023-11,2023,11,Riyadh,Leisure,Europe,Hotel,4,1654.88,2
V02892,2023-05,2023,5,Dammam,Business,Domestic,Other,5,2233.33,5
V02893,2023-07,2023,7,Jeddah,Events,Domestic,Other,3,1213.31,3
V02894,2024-10,2024,10,Jeddah,Leisure,GCC,Resort,2,933.29,1
V02895,2024-04,2024,4,Jeddah,Leisure,Domestic,Hotel,6,1041.06,3
V02896,2023-06,2023,6,Dammam,Religious,Europe,Hotel,3,1692.0,4
V02897,2025-01,2025,1,Madinah,Events,Domestic,Resort,2,534.13,2
V02898,2024-04,2024,4,Dammam,Leisure,Domestic,Other,4,764.28,1
V02899,2023-11,2023,11,Madinah,Religious,Domestic,Other,3,608.67,4
V02900,2024-11,2024,11,Jeddah,Family,Domestic,Hotel,2,967.1,4
V02901,2025-04,2025,4,Makkah,Religious,Europe,Other,4,1591.34,1
V02902,2024-05,2024,5,Riyadh,Religious,Domestic,Hotel,2,499.96,5
V02903,2024-08,2024,8,Makkah,Religious,Domestic,Other,2,444.5,2
V02904,2024-06,2024,6,Dammam,Religious,GCC,Furnished Apartment,1,338.06,5
V02905,2025-06,2025,6,Jeddah,Religious,Domestic,Resort,4,1464.41,4
V02906,2024-04,2024,4,Madinah,Family,Other,Hotel,3,965.86,3
V02907,2022-05,2022,5,Makkah,Religious,Domestic,Hotel,3,845.87,5
V02908,2024-01,2024,1,Riyadh,Religious,Europe,Hotel,1,546.93,5
V02909,2022-04,2022,4,Madinah,Leisure,Domestic,Other,6,1413.44,4
V02910,2022-05,2022,5,Dammam,Religious,Asia,Hotel,5,1890.21,3
V02911,2024-01,2024,1,Dammam,Events,Domestic,Other,5,1673.53,3
V02912,2023-11,2023,11,Makkah,Religious,Asia,Hotel,1,178.43,1
V02913,2024-10,2024,10,Riyadh,Events,Europe,Resort,2,421.14,5
V02914,2023-07,2023,7,Riyadh,Religious,GCC,Other,2,917.79,3
V02915,2024-03,2024,3,Makkah,Religious,Asia,Other,3,1265.41,3
V02916,2025-05,2025,5,Makkah,Religious,Other,Hotel,3,688.61,1
V02917,2025-06,2025,6,Makkah,Religious,Asia,Furnished Apartment,3,946.21,2
V02918,2023-09,2023,9,Makkah,Religious,Domestic,Furnished Apartment,5,1931.02,4
V02919,2025-06,2025,6,Riyadh,Religious,GCC,Hotel,1,476.84,2
V02920,2022-10,2022,10,Jeddah,Family,GCC,Hotel,5,2048.81,2
V02921,2023-04,2023,4,Makkah,Leisure,Domestic,Resort,1,308.49,3
V02922,2022-01,2022,1,AlUla,Business,Domestic,Hotel,2,814.4,2
V02923,2023-02,2023,2,Abha,Leisure,Domestic,Furnished Apartment,3,845.6,4
V02924,2024-05,2024,5,Jeddah,Family,Other,Furnished Apartment,2,526.53,1
V02925,2024-11,2024,11,Makkah,Events,GCC,Hotel,2,409.69,4
V02926,2023-10,2023,10,AlUla,Leisure,Domestic,Other,1,391.91,5
V02927,2023-03,2023,3,Dammam,Leisure,Domestic,Resort,1,228.42,5
V02928,2022-06,2022,6,Jeddah,Religious,Domestic,Hotel,5,760.5,5
V02929,2025-08,2025,8,Jeddah,Religious,Domestic,Hotel,4,1448.38,2
V02930,2022-08,2022,8,Jeddah,Religious,Asia,Hotel,2,692.78,1
V02931,2023-01,2023,1,AlUla,Leisure,GCC,Resort,3,1210.51,2
V02932,2023-04,2023,4,Jeddah,Religious,Asia,Hotel,5,2134.09,5
V02933,2025-06,2025,6,Riyadh,Leisure,Domestic,Hotel,7,2778.76,5
V02934,2025-04,2025,4,Makkah,Leisure,Domestic,Hotel,1,478.72,3
V02935,2025-01,2025,1,Madinah,Leisure,GCC,Hotel,5,1053.55,3
V02936,2025-01,2025,1,Madinah,Religious,GCC,Hotel,4,714.67,5
V02937,2023-12,2023,12,Madinah,Religious,Asia,Hotel,1,333.19,3
V02938,2022-07,2022,7,Abha,Religious,GCC,Furnished Apartment,2,898.83,4
V02939,2023-04,2023,4,AlUla,Family,Domestic,Furnished Apartment,3,1054.53,5
V02940,2022-05,2022,5,Makkah,Leisure,Domestic,Hotel,4,1512.33,3
V02941,2023-08,2023,8,Dammam,Leisure,Domestic,Hotel,4,1111.47,4
V02942,2023-10,2023,10,Madinah,Events,Asia,Hotel,3,1469.71,2
V02943,2024-08,2024,8,Makkah,Religious,Domestic,Hotel,2,397.08,5
V02944,2022-11,2022,11,Jeddah,Religious,Asia,Other,2,468.68,5
V02945,2022-04,2022,4,Dammam,Events,Europe,Hotel,3,1432.4,2
V02946,2022-02,2022,2,Makkah,Religious,Domestic,Hotel,2,452.27,4
V02947,2023-09,2023,9,Riyadh,Religious,Domestic,Furnished Apartment,2,988.71,3
V02948,2024-12,2024,12,AlUla,Business,Domestic,Hotel,1,344.32,3
V02949,2025-07,2025,7,Dammam,Family,Domestic,Hotel,4,849.73,5
V02950,2024-01,2024,1,Riyadh,Business,GCC,Furnished Apartment,4,1499.84,1
V02951,2023-03,2023,3,Madinah,Religious,Asia,Furnished Apartment,4,879.07,4
V02952,2024-05,2024,5,Jeddah,Religious,Asia,Hotel,2,522.97,1
V02953,2024-03,2024,3,Jeddah,Business,Europe,Furnished Apartment,3,1192.32,3
V02954,2024-06,2024,6,Makkah,Religious,GCC,Hotel,1,225.56,2
V02955,2023-05,2023,5,Riyadh,Leisure,Domestic,Furnished Apartment,4,687.72,3
V02956,2022-04,2022,4,Madinah,Leisure,Asia,Hotel,2,398.1,3
V02957,2025-04,2025,4,Abha,Religious,GCC,Hotel,2,500.21,2
V02958,2022-08,2022,8,Madinah,Religious,Europe,Hotel,1,316.08,3
V02959,2025-02,2025,2,Makkah,Leisure,Asia,Furnished Apartment,5,1625.39,5
V02960,2022-04,2022,4,Madinah,Business,Domestic,Hotel,5,1118.58,2
V02961,2022-02,2022,2,Makkah,Religious,Europe,Furnished Apartment,3,1027.21,4
V02962,2022-09,2022,9,AlUla,Leisure,Domestic,Hotel,5,1308.8,1
V02963,2023-02,2023,2,Makkah,Events,GCC,Hotel,5,906.2,4
V02964,2024-10,2024,10,Riyadh,Business,Other,Resort,2,370.57,5
V02965,2025-08,2025,8,Madinah,Business,Domestic,Other,2,585.17,5
V02966,2023-12,2023,12,Makkah,Religious,Domestic,Hotel,3,1329.46,1
V02967,2024-07,2024,7,Riyadh,Business,GCC,Other,4,1683.1,3
V02968,2025-05,2025,5,AlUla,Family,Domestic,Hotel,2,517.16,5
V02969,2023-11,2023,11,Makkah,Religious,GCC,Hotel,4,1364.84,2
V02970,2024-05,2024,5,Jeddah,Leisure,Asia,Resort,4,1251.01,3
V02971,2022-12,2022,12,Jeddah,Religious,Domestic,Resort,5,2468.64,4
V02972,2024-09,2024,9,Makkah,Religious,Domestic,Hotel,1,252.21,4
V02973,2024-03,2024,3,Abha,Leisure,Europe,Hotel,1,552.15,3
V02974,2022-04,2022,4,Dammam,Events,GCC,Hotel,1,182.64,5
V02975,2024-10,2024,10,Jeddah,Events,Asia,Hotel,3,940.23,4
V02976,2024-05,2024,5,Riyadh,Business,GCC,Resort,1,426.84,4
V02977,2025-01,2025,1,Dammam,Religious,Other,Hotel,3,1219.07,2
V02978,2025-04,2025,4,Riyadh,Events,Asia,Hotel,1,280.75,5
V02979,2024-11,2024,11,Abha,Religious,Domestic,Furnished Apartment,4,1350.93,3
V02980,2023-01,2023,1,Madinah,Leisure,GCC,Furnished Apartment,2,574.2,3
V02981,2022-12,2022,12,Riyadh,Religious,Domestic,Hotel,2,411.89,4
V02982,2024-03,2024,3,Dammam,Leisure,Domestic,Resort,3,777.19,1
V02983,2022-04,2022,4,Riyadh,Leisure,Domestic,Hotel,3,489.12,5
V02984,2022-05,2022,5,Madinah,Religious,Asia,Hotel,2,619.7,4
V02985,2024-11,2024,11,Riyadh,Business,Europe,Furnished Apartment,3,1418.35,5
V02986,2023-09,2023,9,AlUla,Events,Domestic,Furnished Apartment,2,926.59,2
V02987,2025-02,2025,2,Jeddah,Events,Domestic,Hotel,4,1830.88,2
V02988,2025-03,2025,3,Madinah,Religious,Domestic,Hotel,3,1342.26,2
V02989,2023-12,2023,12,Madinah,Religious,GCC,Hotel,4,1663.91,2
V02990,2023-09,2023,9,Madinah,Religious,Asia,Resort,4,1411.28,1
V02991,2023-12,2023,12,Jeddah,Religious,Other,Resort,3,1422.19,5
V02992,2025-06,2025,6,Jeddah,Family,GCC,Hotel,2,733.85,5
V02993,2022-04,2022,4,Jeddah,Religious,GCC,Resort,2,558.41,4
V02994,2024-04,2024,4,AlUla,Business,Asia,Furnished Apartment,2,632.33,2
V02995,2025-03,2025,3,Dammam,Religious,Asia,Hotel,4,1368.58,3
V02996,2024-05,2024,5,Riyadh,Family,Domestic,Other,2,835.91,2
V02997,2023-07,2023,7,Makkah,Business,Domestic,Hotel,2,830.99,2
V02998,2024-10,2024,10,Madinah,Family,Other,Other,3,1289.0,2
V02999,2023-06,2023,6,Dammam,Family,Domestic,Hotel,4,718.55,2
V03000,2024-01,2024,1,AlUla,Leisure,GCC,Hotel,2,635.88,3
V03001,2024-05,2024,5,Riyadh,Family,Domestic,Resort,2,425.87,4
V03002,2023-07,2023,7,Abha,Leisure,GCC,Resort,2,984.2,3
V03003,2022-10,2022,10,Riyadh,Family,Domestic,Hotel,3,961.65,5
V03004,2025-02,2025,2,Makkah,Religious,Domestic,Resort,4,1054.02,4
V03005,2024-02,2024,2,Jeddah,Religious,Domestic,Hotel,3,560.07,5
V03006,2022-05,2022,5,Madinah,Religious,Domestic,Resort,4,644.53,5
V03007,2024-06,2024,6,Dammam,Religious,Domestic,Resort,2,795.41,5
V03008,2025-03,2025,3,Madinah,Religious,GCC,Other,5,1485.2,3
V03009,2023-12,2023,12,Riyadh,Business,Domestic,Other,1,341.64,2
V03010,2022-12,2022,12,Riyadh,Business,Asia,Hotel,1,318.73,2
V03011,2023-07,2023,7,Makkah,Religious,Domestic,Other,4,1629.68,3
V03012,2024-01,2024,1,Makkah,Business,GCC,Furnished Apartment,3,718.63,4
V03013,2022-04,2022,4,Makkah,Religious,Domestic,Furnished Apartment,2,806.51,4
V03014,2024-10,2024,10,Makkah,Religious,GCC,Other,3,1419.53,3
V03015,2023-09,2023,9,Jeddah,Business,Other,Resort,4,1700.75,4
V03016,2023-07,2023,7,Makkah,Leisure,Other,Hotel,3,1234.42,1
V03017,2023-05,2023,5,Madinah,Religious,Domestic,Furnished Apartment,3,1456.1,1
V03018,2024-07,2024,7,Makkah,Religious,Other,Hotel,2,635.83,1
V03019,2024-07,2024,7,Makkah,Business,Asia,Hotel,5,1141.44,1
V03020,2024-01,2024,1,Jeddah,Family,Asia,Other,2,923.95,2
V03021,2024-03,2024,3,Madinah,Religious,Domestic,Other,1,415.08,1
V03022,2022-11,2022,11,Jeddah,Leisure,Asia,Resort,2,573.15,4
V03023,2025-04,2025,4,Riyadh,Religious,Domestic,Furnished Apartment,2,475.59,2
V03024,2024-12,2024,12,Jeddah,Family,Domestic,Other,2,974.21,1
V03025,2024-06,2024,6,Riyadh,Religious,Asia,Hotel,4,1227.27,5
V03026,2023-12,2023,12,AlUla,Leisure,GCC,Hotel,4,1114.21,4
V03027,2022-04,2022,4,Jeddah,Religious,Domestic,Hotel,3,1427.52,1
V03028,2024-04,2024,4,Jeddah,Family,GCC,Resort,3,544.0,2
V03029,2025-04,2025,4,Madinah,Religious,Asia,Resort,3,766.6,4
V03030,2023-06,2023,6,Abha,Religious,Asia,Other,3,985.27,3
V03031,2022-08,2022,8,Jeddah,Religious,Europe,Hotel,1,442.64,4
V03032,2024-05,2024,5,AlUla,Leisure,Other,Furnished Apartment,3,1335.83,5
V03033,2023-08,2023,8,Makkah,Leisure,Other,Other,4,1738.8,3
V03034,2024-09,2024,9,Madinah,Events,Europe,Furnished Apartment,1,545.37,1
V03035,2022-04,2022,4,Jeddah,Leisure,Domestic,Furnished Apartment,4,904.0,3
V03036,2022-11,2022,11,AlUla,Family,Domestic,Hotel,1,183.33,5
V03037,2025-01,2025,1,Jeddah,Religious,Other,Hotel,1,208.38,4
V03038,2024-07,2024,7,AlUla,Leisure,Other,Furnished Apartment,2,665.88,2
V03039,2024-04,2024,4,Riyadh,Events,Domestic,Hotel,5,778.71,2
V03040,2023-12,2023,12,Madinah,Family,Asia,Hotel,4,1058.68,5
V03041,2025-03,2025,3,Madinah,Business,Domestic,Hotel,2,700.31,5
V03042,2022-11,2022,11,Madinah,Business,Domestic,Hotel,4,1192.99,4
V03043,2023-02,2023,2,Makkah,Family,Domestic,Hotel,4,810.17,1
V03044,2023-06,2023,6,Riyadh,Leisure,Other,Hotel,4,1583.77,4
V03045,2023-10,2023,10,Jeddah,Religious,Domestic,Hotel,6,2520.91,4
V03046,2025-04,2025,4,Madinah,Religious,Europe,Furnished Apartment,3,1509.26,1
V03047,2022-07,2022,7,AlUla,Religious,Europe,Hotel,2,945.16,3
V03048,2023-11,2023,11,Makkah,Family,Domestic,Hotel,4,1164.25,4
V03049,2023-07,2023,7,Abha,Business,Domestic,Furnished Apartment,3,685.26,4
V03050,2022-05,2022,5,Dammam,Religious,Asia,Hotel,3,1026.5,3
V03051,2025-04,2025,4,AlUla,Leisure,Domestic,Hotel,2,632.99,5
V03052,2024-03,2024,3,Abha,Family,Domestic,Hotel,2,954.86,1
V03053,2023-10,2023,10,AlUla,Leisure,Asia,Hotel,4,1073.79,1
V03054,2024-03,2024,3,Riyadh,Leisure,Domestic,Hotel,5,1176.38,1
V03055,2023-09,2023,9,Jeddah,Business,GCC,Furnished Apartment,1,472.05,2
V03056,2022-04,2022,4,Jeddah,Business,Domestic,Other,5,1803.23,4
V03057,2025-01,2025,1,Dammam,Events,GCC,Hotel,5,2228.48,1
V03058,2022-10,2022,10,Jeddah,Religious,Europe,Hotel,1,386.85,5
V03059,2023-11,2023,11,Jeddah,Leisure,GCC,Furnished Apartment,1,168.88,2
V03060,2023-09,2023,9,Riyadh,Leisure,Domestic,Hotel,2,855.65,4
V03061,2023-03,2023,3,Jeddah,Leisure,Domestic,Furnished Apartment,5,1433.46,3
V03062,2022-10,2022,10,Riyadh,Leisure,Domestic,Hotel,6,1664.05,2
V03063,2023-12,2023,12,Makkah,Religious,Domestic,Hotel,3,694.4,3
V03064,2022-07,2022,7,Riyadh,Religious,Asia,Furnished Apartment,3,623.79,3
V03065,2025-07,2025,7,Dammam,Events,Domestic,Hotel,4,1356.84,4
V03066,2025-07,2025,7,Jeddah,Religious,Domestic,Hotel,2,974.96,2
V03067,2022-06,2022,6,Dammam,Religious,Asia,Furnished Apartment,1,268.67,3
V03068,2024-07,2024,7,Abha,Religious,Domestic,Hotel,4,653.81,3
V03069,2024-07,2024,7,Madinah,Business,GCC,Hotel,2,999.72,5
V03070,2024-07,2024,7,Riyadh,Family,Domestic,Hotel,3,1291.2,4
V03071,2024-06,2024,6,Madinah,Religious,Domestic,Hotel,1,184.34,5
V03072,2022-08,2022,8,Jeddah,Family,Domestic,Hotel,2,740.87,1
V03073,2025-08,2025,8,Riyadh,Religious,Asia,Other,1,191.72,1
V03074,2022-07,2022,7,Abha,Leisure,Asia,Hotel,4,1475.37,1
V03075,2022-05,2022,5,Riyadh,Business,GCC,Hotel,1,227.86,3
V03076,2024-05,2024,5,Jeddah,Religious,Domestic,Furnished Apartment,2,489.52,2
V03077,2022-01,2022,1,Jeddah,Religious,Asia,Hotel,2,439.79,1
V03078,2022-06,2022,6,Abha,Religious,GCC,Furnished Apartment,1,395.56,1
V03079,2024-10,2024,10,Madinah,Family,Domestic,Hotel,3,1438.84,4
V03080,2022-01,2022,1,Makkah,Religious,GCC,Hotel,3,675.35,4
V03081,2024-12,2024,12,Riyadh,Business,Domestic,Furnished Apartment,2,815.07,2
V03082,2022-01,2022,1,Riyadh,Business,Domestic,Furnished Apartment,4,985.07,3
V03083,2022-06,2022,6,Makkah,Business,Europe,Other,1,210.1,3
V03084,2023-11,2023,11,Makkah,Religious,Domestic,Resort,1,379.72,2
V03085,2023-06,2023,6,AlUla,Religious,Europe,Furnished Apartment,1,441.47,4
V03086,2023-03,2023,3,Riyadh,Leisure,Other,Hotel,3,643.69,3
V03087,2024-10,2024,10,Dammam,Family,Europe,Hotel,5,1575.24,2
V03088,2022-10,2022,10,Jeddah,Family,Domestic,Hotel,3,831.56,4
V03089,2023-12,2023,12,AlUla,Leisure,Other,Furnished Apartment,5,1548.66,5
V03090,2022-10,2022,10,Jeddah,Leisure,Europe,Furnished Apartment,2,659.63,4
V03091,2024-04,2024,4,Dammam,Leisure,Asia,Other,3,891.04,4
V03092,2024-05,2024,5,Abha,Religious,Other,Resort,1,408.07,2
V03093,2025-01,2025,1,Riyadh,Religious,GCC,Furnished Apartment,7,1243.13,2
V03094,2025-02,2025,2,Riyadh,Family,GCC,Hotel,5,2208.15,5
V03095,2022-10,2022,10,Makkah,Religious,Domestic,Furnished Apartment,3,635.82,1
V03096,2023-02,2023,2,Makkah,Religious,Other,Hotel,4,1839.27,5
V03097,2025-08,2025,8,Jeddah,Religious,Other,Hotel,2,812.27,3
V03098,2025-02,2025,2,Dammam,Religious,Domestic,Resort,3,769.42,5
V03099,2025-03,2025,3,Madinah,Religious,Domestic,Other,6,1711.37,3
V03100,2023-03,2023,3,Riyadh,Leisure,Europe,Hotel,2,522.09,1
V03101,2022-01,2022,1,Madinah,Leisure,Domestic,Furnished Apartment,1,209.55,1
V03102,2024-08,2024,8,Riyadh,Leisure,Domestic,Hotel,1,169.26,2
V03103,2025-08,2025,8,Riyadh,Business,Domestic,Hotel,3,775.95,5
V03104,2024-11,2024,11,Makkah,Family,Asia,Furnished Apartment,3,1084.69,2
V03105,2022-02,2022,2,Madinah,Religious,Europe,Furnished Apartment,1,280.13,4
V03106,2023-05,2023,5,Madinah,Business,GCC,Furnished Apartment,5,1565.45,2
V03107,2023-12,2023,12,Riyadh,Family,Domestic,Hotel,3,634.63,4
V03108,2022-08,2022,8,Madinah,Religious,Asia,Hotel,3,1135.92,2
V03109,2024-10,2024,10,Makkah,Family,Domestic,Other,5,1974.97,4
V03110,2024-10,2024,10,Jeddah,Religious,GCC,Resort,3,738.07,5
V03111,2022-07,2022,7,Riyadh,Events,Domestic,Furnished Apartment,3,527.54,1
V03112,2024-11,2024,11,Madinah,Religious,Domestic,Hotel,5,1736.15,1
V03113,2022-04,2022,4,Riyadh,Religious,GCC,Hotel,6,1564.82,4
V03114,2023-09,2023,9,Jeddah,Religious,Asia,Hotel,4,1783.55,2
V03115,2025-08,2025,8,Riyadh,Religious,Other,Furnished Apartment,4,1667.2,3
V03116,2022-02,2022,2,Riyadh,Religious,Domestic,Hotel,1,393.57,2
V03117,2025-02,2025,2,Jeddah,Religious,GCC,Hotel,3,755.47,4
V03118,2025-04,2025,4,Riyadh,Events,Domestic,Other,2,927.73,4
V03119,2025-06,2025,6,AlUla,Events,Asia,Other,3,1418.09,3
V03120,2022-04,2022,4,Dammam,Leisure,Domestic,Hotel,4,764.89,2
V03121,2022-09,2022,9,Madinah,Religious,Asia,Hotel,2,506.86,3
V03122,2023-04,2023,4,Madinah,Religious,Asia,Furnished Apartment,6,2627.53,2
V03123,2023-08,2023,8,Dammam,Religious,Domestic,Furnished Apartment,5,835.52,5
V03124,2023-02,2023,2,Madinah,Religious,Domestic,Hotel,3,1099.94,2
V03125,2022-02,2022,2,Madinah,Leisure,GCC,Hotel,3,1405.11,2
V03126,2024-06,2024,6,Dammam,Religious,Europe,Furnished Apartment,1,254.57,4
V03127,2023-05,2023,5,Riyadh,Leisure,Domestic,Hotel,4,1072.98,3
V03128,2023-07,2023,7,Dammam,Family,Europe,Furnished Apartment,1,454.23,1
V03129,2025-05,2025,5,Jeddah,Family,Domestic,Furnished Apartment,1,472.15,3
V03130,2022-05,2022,5,Riyadh,Religious,GCC,Hotel,3,1292.49,3
V03131,2022-02,2022,2,Madinah,Religious,Asia,Resort,4,1263.94,5
V03132,2022-01,2022,1,Jeddah,Leisure,Asia,Hotel,4,920.15,1
V03133,2023-02,2023,2,Makkah,Religious,Europe,Furnished Apartment,3,992.86,2
V03134,2025-05,2025,5,Madinah,Religious,Other,Hotel,4,1391.91,2
V03135,2023-12,2023,12,Jeddah,Leisure,Other,Resort,3,819.76,2
V03136,2024-12,2024,12,Madinah,Business,Asia,Other,3,1192.03,1
V03137,2023-11,2023,11,Madinah,Religious,GCC,Furnished Apartment,3,1283.05,4
V03138,2023-12,2023,12,Madinah,Leisure,Asia,Hotel,4,1129.83,3
V03139,2024-01,2024,1,Abha,Religious,Domestic,Hotel,5,1695.64,3
V03140,2022-09,2022,9,AlUla,Leisure,Domestic,Other,3,610.69,5
V03141,2022-04,2022,4,AlUla,Business,GCC,Hotel,2,580.52,3
V03142,2023-11,2023,11,Makkah,Religious,Domestic,Other,5,797.48,1
V03143,2022-08,2022,8,Abha,Business,Asia,Hotel,3,811.31,1
V03144,2022-08,2022,8,Jeddah,Religious,Domestic,Hotel,3,612.71,5
V03145,2022-09,2022,9,AlUla,Business,Europe,Hotel,3,1032.3,4
V03146,2024-12,2024,12,Jeddah,Religious,Domestic,Resort,4,1835.65,1
V03147,2023-12,2023,12,Jeddah,Religious,GCC,Hotel,2,799.27,4
V03148,2024-08,2024,8,Jeddah,Religious,GCC,Furnished Apartment,1,321.67,2
V03149,2022-10,2022,10,Riyadh,Events,Europe,Hotel,4,1899.31,4
V03150,2023-08,2023,8,Madinah,Events,Domestic,Hotel,1,327.52,5
V03151,2023-11,2023,11,Riyadh,Religious,Asia,Hotel,4,990.84,3
V03152,2025-02,2025,2,Makkah,Religious,GCC,Hotel,4,684.42,2
V03153,2023-08,2023,8,Madinah,Religious,Asia,Other,4,1913.6,3
V03154,2022-01,2022,1,Madinah,Religious,Europe,Other,5,3043.37,4
V03155,2023-04,2023,4,Makkah,Religious,Asia,Furnished Apartment,3,1043.67,2
V03156,2023-04,2023,4,Jeddah,Business,Asia,Hotel,1,326.11,1
V03157,2022-06,2022,6,Makkah,Religious,Domestic,Resort,4,1289.68,3
V03158,2023-05,2023,5,Madinah,Events,Europe,Furnished Apartment,1,448.12,4
V03159,2023-05,2023,5,Riyadh,Family,Domestic,Furnished Apartment,3,1166.95,5
V03160,2024-04,2024,4,Makkah,Business,Asia,Hotel,2,788.03,2
V03161,2022-06,2022,6,Abha,Leisure,Domestic,Hotel,2,720.65,1
V03162,2022-01,2022,1,Riyadh,Religious,GCC,Hotel,3,902.25,2
V03163,2024-03,2024,3,Jeddah,Leisure,GCC,Hotel,3,1071.31,3
V03164,2024-06,2024,6,Riyadh,Religious,Asia,Hotel,3,877.37,2
V03165,2022-03,2022,3,Jeddah,Leisure,Domestic,Resort,3,615.78,5
V03166,2023-12,2023,12,Madinah,Religious,Europe,Other,5,2065.7,4
V03167,2024-02,2024,2,Makkah,Leisure,Asia,Resort,2,657.48,1
V03168,2024-05,2024,5,Makkah,Religious,Domestic,Other,4,1151.18,5
V03169,2023-04,2023,4,Jeddah,Leisure,Europe,Hotel,3,1949.2,5
V03170,2024-08,2024,8,AlUla,Leisure,Asia,Hotel,2,356.26,5
V03171,2022-11,2022,11,Makkah,Religious,GCC,Hotel,2,373.43,3
V03172,2025-06,2025,6,Riyadh,Leisure,Europe,Other,2,1003.36,1
V03173,2023-01,2023,1,Makkah,Religious,Domestic,Hotel,4,1695.29,3
V03174,2025-06,2025,6,Abha,Religious,Europe,Hotel,3,591.51,2
V03175,2024-09,2024,9,Riyadh,Leisure,Domestic,Hotel,2,345.78,4
V03176,2023-08,2023,8,Jeddah,Family,Other,Hotel,1,312.35,5
V03177,2024-10,2024,10,Makkah,Events,Europe,Hotel,4,824.42,3
V03178,2023-01,2023,1,Riyadh,Leisure,Europe,Hotel,4,1988.12,4
V03179,2025-07,2025,7,Makkah,Leisure,Domestic,Resort,1,325.02,1
V03180,2023-09,2023,9,Riyadh,Religious,Europe,Hotel,5,3126.45,2
V03181,2024-05,2024,5,Madinah,Religious,Asia,Other,1,320.47,4
V03182,2023-04,2023,4,Madinah,Religious,Domestic,Hotel,3,1009.84,3
V03183,2022-09,2022,9,Makkah,Religious,GCC,Resort,4,1416.15,4
V03184,2023-05,2023,5,Dammam,Religious,Domestic,Hotel,4,1747.33,5
V03185,2024-03,2024,3,Madinah,Religious,Europe,Resort,4,2168.19,1
V03186,2023-05,2023,5,Riyadh,Religious,Domestic,Other,4,762.08,3
V03187,2024-09,2024,9,Riyadh,Business,GCC,Resort,1,300.74,1
V03188,2023-07,2023,7,Abha,Religious,Domestic,Other,2,313.11,5
V03189,2025-04,2025,4,Makkah,Family,GCC,Furnished Apartment,3,1414.12,4
V03190,2022-03,2022,3,Riyadh,Religious,GCC,Furnished Apartment,1,164.91,1
V03191,2022-03,2022,3,Madinah,Family,GCC,Furnished Apartment,4,1773.78,1
V03192,2025-04,2025,4,Jeddah,Religious,Asia,Resort,2,524.23,4
V03193,2024-11,2024,11,Jeddah,Business,Domestic,Resort,2,534.45,1
V03194,2024-01,2024,1,Madinah,Family,GCC,Furnished Apartment,3,1478.7,2
V03195,2025-06,2025,6,Madinah,Leisure,Other,Resort,5,914.93,1
V03196,2023-10,2023,10,Dammam,Events,Domestic,Hotel,4,709.24,4
V03197,2024-02,2024,2,Madinah,Religious,Domestic,Resort,5,1390.76,3
V03198,2023-04,2023,4,Jeddah,Religious,Domestic,Hotel,5,1997.85,1
V03199,2024-05,2024,5,AlUla,Leisure,Domestic,Furnished Apartment,5,2138.48,1
V03200,2023-07,2023,7,AlUla,Religious,GCC,Resort,1,330.68,5
V03201,2024-11,2024,11,Riyadh,Family,Domestic,Furnished Apartment,3,563.63,5
V03202,2025-03,2025,3,Makkah,Religious,Domestic,Hotel,1,305.78,2
V03203,2023-06,2023,6,Madinah,Religious,Domestic,Other,5,2465.28,4
V03204,2023-10,2023,10,Makkah,Religious,GCC,Hotel,4,1936.39,3
V03205,2023-08,2023,8,Riyadh,Events,Domestic,Furnished Apartment,2,802.77,2
V03206,2023-11,2023,11,Riyadh,Religious,Domestic,Furnished Apartment,1,345.55,5
V03207,2022-06,2022,6,Madinah,Leisure,Domestic,Furnished Apartment,2,810.75,2
V03208,2025-02,2025,2,Madinah,Religious,Domestic,Hotel,3,454.81,4
V03209,2025-06,2025,6,Dammam,Leisure,Domestic,Other,2,733.81,1
V03210,2022-09,2022,9,Jeddah,Religious,Domestic,Resort,3,1379.14,1
V03211,2024-04,2024,4,Makkah,Religious,Asia,Furnished Apartment,4,1580.94,1
V03212,2022-06,2022,6,Makkah,Religious,Asia,Hotel,6,1256.66,4
V03213,2025-07,2025,7,Jeddah,Leisure,Domestic,Furnished Apartment,4,730.92,2
V03214,2022-12,2022,12,Madinah,Business,GCC,Hotel,3,1235.25,1
V03215,2025-07,2025,7,Makkah,Religious,GCC,Hotel,2,855.13,1
V03216,2022-05,2022,5,Riyadh,Events,Domestic,Furnished Apartment,6,2570.41,4
V03217,2024-07,2024,7,Riyadh,Religious,Domestic,Furnished Apartment,3,846.38,2
V03218,2022-07,2022,7,Jeddah,Leisure,Domestic,Hotel,3,1009.5,2
V03219,2022-11,2022,11,Makkah,Family,Domestic,Hotel,6,1022.0,4
V03220,2023-05,2023,5,Jeddah,Events,GCC,Furnished Apartment,2,501.13,4
V03221,2025-08,2025,8,Riyadh,Leisure,GCC,Resort,2,777.93,1
V03222,2022-06,2022,6,Madinah,Religious,Domestic,Hotel,2,590.08,3
V03223,2024-01,2024,1,Jeddah,Leisure,GCC,Furnished Apartment,3,495.52,1
V03224,2024-02,2024,2,Jeddah,Religious,Asia,Furnished Apartment,4,1746.35,5
V03225,2025-08,2025,8,Jeddah,Leisure,Other,Hotel,3,1145.49,2
V03226,2024-01,2024,1,AlUla,Leisure,Domestic,Other,3,1320.25,3
V03227,2024-07,2024,7,Riyadh,Business,GCC,Hotel,2,710.13,4
V03228,2025-06,2025,6,Riyadh,Leisure,GCC,Hotel,2,734.08,5
V03229,2024-10,2024,10,AlUla,Leisure,Domestic,Resort,1,243.93,2
V03230,2022-03,2022,3,AlUla,Business,Domestic,Hotel,2,682.59,2
V03231,2022-10,2022,10,Dammam,Religious,Europe,Resort,2,1146.01,4
V03232,2023-07,2023,7,Abha,Leisure,Domestic,Hotel,2,531.67,1
V03233,2022-06,2022,6,Makkah,Religious,Other,Furnished Apartment,5,1618.25,2
V03234,2024-08,2024,8,Madinah,Religious,Asia,Hotel,4,1305.46,5
V03235,2024-05,2024,5,Madinah,Leisure,Domestic,Furnished Apartment,5,849.03,4
V03236,2025-05,2025,5,Riyadh,Religious,Domestic,Hotel,4,1266.12,3
V03237,2022-05,2022,5,Dammam,Business,Europe,Hotel,2,1083.46,3
V03238,2023-07,2023,7,Makkah,Religious,Domestic,Hotel,3,758.56,2
V03239,2025-03,2025,3,AlUla,Family,Asia,Hotel,5,1253.81,5
V03240,2024-08,2024,8,Madinah,Family,Domestic,Furnished Apartment,2,897.21,1
V03241,2025-02,2025,2,Jeddah,Leisure,Domestic,Other,3,932.51,3
V03242,2024-06,2024,6,Makkah,Leisure,GCC,Hotel,3,849.09,2
V03243,2023-08,2023,8,Riyadh,Events,Domestic,Furnished Apartment,2,939.22,5
V03244,2024-01,2024,1,AlUla,Events,Europe,Furnished Apartment,3,1669.54,5
V03245,2024-03,2024,3,Jeddah,Leisure,Other,Hotel,2,916.12,5
V03246,2022-06,2022,6,Jeddah,Business,Domestic,Hotel,3,1267.2,5
V03247,2022-01,2022,1,Abha,Religious,Domestic,Other,1,372.71,5
V03248,2025-03,2025,3,Dammam,Leisure,Domestic,Hotel,3,879.16,5
V03249,2025-04,2025,4,Madinah,Religious,Domestic,Other,2,872.93,4
V03250,2022-07,2022,7,Madinah,Religious,Asia,Hotel,5,2461.44,4
V03251,2025-03,2025,3,Makkah,Events,Domestic,Furnished Apartment,6,2627.73,2
V03252,2024-05,2024,5,AlUla,Leisure,Domestic,Resort,5,1955.02,2
V03253,2025-03,2025,3,Abha,Leisure,Domestic,Hotel,4,999.53,2
V03254,2023-02,2023,2,Jeddah,Business,Asia,Hotel,3,1296.41,1
V03255,2025-05,2025,5,Dammam,Religious,Asia,Furnished Apartment,3,1460.0,5
V03256,2025-04,2025,4,Dammam,Leisure,Domestic,Hotel,3,576.19,1
V03257,2024-01,2024,1,Jeddah,Religious,Domestic,Hotel,1,155.64,3
V03258,2024-09,2024,9,Madinah,Religious,GCC,Furnished Apartment,6,1784.16,2
V03259,2025-07,2025,7,Abha,Leisure,Asia,Other,3,779.51,2
V03260,2023-05,2023,5,Jeddah,Leisure,GCC,Resort,4,1392.7,2
V03261,2022-04,2022,4,Madinah,Business,Asia,Resort,5,1155.78,3
V03262,2024-02,2024,2,Jeddah,Leisure,Domestic,Hotel,3,646.64,2
V03263,2023-12,2023,12,Jeddah,Leisure,Domestic,Resort,5,2367.1,5
V03264,2022-12,2022,12,Makkah,Religious,GCC,Resort,5,2332.88,4
V03265,2025-08,2025,8,Makkah,Events,Asia,Hotel,3,1182.36,5
V03266,2024-06,2024,6,Madinah,Religious,Domestic,Hotel,3,1197.74,2
V03267,2023-10,2023,10,Madinah,Religious,Domestic,Hotel,4,935.37,2
V03268,2023-06,2023,6,Madinah,Religious,Asia,Furnished Apartment,2,365.96,4
V03269,2024-07,2024,7,Riyadh,Religious,Domestic,Furnished Apartment,3,1068.39,3
V03270,2023-07,2023,7,Dammam,Events,GCC,Furnished Apartment,2,832.37,1
V03271,2024-07,2024,7,Jeddah,Business,Asia,Resort,5,1714.21,4
V03272,2022-12,2022,12,Riyadh,Religious,Europe,Hotel,7,1794.15,2
V03273,2024-10,2024,10,Riyadh,Family,Domestic,Resort,2,315.36,2
V03274,2022-03,2022,3,Makkah,Religious,Domestic,Hotel,4,1468.86,2
V03275,2025-07,2025,7,Jeddah,Leisure,Europe,Furnished Apartment,5,3130.76,2
V03276,2022-05,2022,5,Makkah,Business,Domestic,Hotel,1,209.25,2
V03277,2025-01,2025,1,Madinah,Religious,Asia,Hotel,3,803.04,4
V03278,2025-01,2025,1,Abha,Religious,Domestic,Hotel,1,364.76,4
V03279,2023-08,2023,8,Madinah,Religious,Domestic,Furnished Apartment,4,761.36,2
V03280,2025-04,2025,4,Madinah,Religious,GCC,Hotel,2,861.94,2
V03281,2024-12,2024,12,Dammam,Leisure,GCC,Other,3,599.49,1
V03282,2025-03,2025,3,Madinah,Religious,Domestic,Hotel,2,307.85,3
V03283,2023-06,2023,6,Abha,Religious,GCC,Hotel,4,1990.28,1
V03284,2025-05,2025,5,Makkah,Religious,GCC,Furnished Apartment,4,1013.91,2
V03285,2024-03,2024,3,Madinah,Religious,GCC,Hotel,4,971.89,1
V03286,2024-08,2024,8,Abha,Religious,Domestic,Hotel,2,383.13,5
V03287,2022-01,2022,1,Jeddah,Leisure,Domestic,Resort,5,1218.15,4
V03288,2023-03,2023,3,Jeddah,Business,GCC,Hotel,5,1853.72,2
V03289,2025-04,2025,4,Makkah,Religious,Asia,Resort,3,836.64,3
V03290,2022-06,2022,6,Madinah,Religious,Europe,Resort,2,478.82,3
V03291,2022-08,2022,8,Abha,Religious,Domestic,Hotel,3,1055.84,5
V03292,2025-01,2025,1,Jeddah,Religious,Europe,Resort,4,1690.25,1
V03293,2024-05,2024,5,Abha,Leisure,GCC,Hotel,4,877.59,5
V03294,2023-06,2023,6,Jeddah,Business,Domestic,Hotel,4,1091.21,1
V03295,2022-07,2022,7,Dammam,Religious,GCC,Hotel,2,614.7,3
V03296,2025-07,2025,7,Abha,Family,GCC,Other,2,739.69,4
V03297,2022-02,2022,2,Madinah,Business,Asia,Furnished Apartment,4,1164.28,3
V03298,2023-08,2023,8,Dammam,Religious,Domestic,Furnished Apartment,4,1725.05,5
V03299,2025-04,2025,4,Jeddah,Events,Domestic,Resort,5,2030.36,1
V03300,2022-05,2022,5,AlUla,Leisure,GCC,Furnished Apartment,4,1498.4,2
V03301,2025-03,2025,3,Makkah,Leisure,Europe,Furnished Apartment,1,252.84,2
V03302,2023-03,2023,3,Madinah,Religious,Domestic,Hotel,3,1090.65,4
V03303,2022-09,2022,9,Madinah,Family,Domestic,Hotel,4,1735.88,4
V03304,2025-03,2025,3,Makkah,Religious,Other,Hotel,1,328.66,4
V03305,2023-07,2023,7,Madinah,Religious,Domestic,Hotel,3,951.53,5
V03306,2022-04,2022,4,Jeddah,Leisure,Domestic,Hotel,7,1864.69,2
V03307,2024-08,2024,8,Abha,Events,GCC,Furnished Apartment,2,971.34,2
V03308,2023-01,2023,1,Jeddah,Religious,Domestic,Hotel,1,235.74,2
V03309,2024-07,2024,7,Jeddah,Leisure,Domestic,Hotel,3,602.27,2
V03310,2024-02,2024,2,Madinah,Religious,Domestic,Other,3,779.85,1
V03311,2025-05,2025,5,Jeddah,Family,Europe,Hotel,1,402.5,1
V03312,2024-03,2024,3,Jeddah,Family,Europe,Hotel,4,1678.39,5
V03313,2022-08,2022,8,AlUla,Religious,GCC,Hotel,5,1038.18,2
V03314,2022-10,2022,10,Dammam,Business,Domestic,Hotel,2,651.18,1
V03315,2023-11,2023,11,Abha,Leisure,Asia,Furnished Apartment,1,357.85,1
V03316,2024-04,2024,4,Madinah,Religious,GCC,Hotel,1,384.94,3
V03317,2024-05,2024,5,Abha,Family,Domestic,Hotel,1,267.78,1
V03318,2022-12,2022,12,Riyadh,Leisure,Domestic,Hotel,1,272.24,1
V03319,2023-12,2023,12,Jeddah,Family,Asia,Furnished Apartment,5,1157.16,4
V03320,2024-09,2024,9,Dammam,Leisure,Domestic,Other,3,737.12,2
V03321,2023-08,2023,8,Jeddah,Religious,Asia,Furnished Apartment,6,1749.2,4
V03322,2024-04,2024,4,Makkah,Family,Other,Hotel,1,425.77,4
V03323,2024-08,2024,8,Jeddah,Leisure,Domestic,Resort,2,962.79,3
V03324,2022-07,2022,7,Jeddah,Religious,GCC,Other,2,846.55,4
V03325,2025-05,2025,5,Makkah,Leisure,Other,Hotel,2,409.45,4
V03326,2023-04,2023,4,AlUla,Religious,Domestic,Hotel,4,752.93,3
V03327,2025-01,2025,1,Makkah,Religious,Domestic,Hotel,3,516.59,4
V03328,2025-01,2025,1,AlUla,Family,GCC,Hotel,4,847.97,2
V03329,2022-10,2022,10,Makkah,Religious,GCC,Furnished Apartment,2,756.54,1
V03330,2024-06,2024,6,Dammam,Religious,GCC,Hotel,4,764.21,1
V03331,2023-03,2023,3,Madinah,Religious,Asia,Hotel,4,1456.25,5
V03332,2025-05,2025,5,Abha,Business,GCC,Hotel,2,378.06,2
V03333,2023-10,2023,10,Dammam,Business,Domestic,Hotel,3,633.37,5
V03334,2022-05,2022,5,Dammam,Family,Asia,Hotel,5,997.41,2
V03335,2022-05,2022,5,Abha,Leisure,Asia,Resort,2,680.04,3
V03336,2023-04,2023,4,Makkah,Religious,Asia,Hotel,3,837.66,3
V03337,2023-12,2023,12,Makkah,Religious,Asia,Resort,3,1187.72,4
V03338,2025-04,2025,4,Makkah,Business,Europe,Furnished Apartment,2,985.44,4
V03339,2022-09,2022,9,Dammam,Leisure,GCC,Resort,5,1498.07,3
V03340,2024-12,2024,12,Riyadh,Business,GCC,Furnished Apartment,2,726.98,2
V03341,2023-01,2023,1,Jeddah,Family,Other,Hotel,6,1671.58,1
V03342,2023-04,2023,4,Makkah,Religious,Asia,Hotel,7,2646.39,5
V03343,2025-07,2025,7,Abha,Religious,GCC,Hotel,3,865.46,1
V03344,2022-12,2022,12,Madinah,Religious,Asia,Hotel,1,305.15,4
V03345,2024-07,2024,7,Jeddah,Leisure,Domestic,Other,2,722.68,4
V03346,2024-10,2024,10,Riyadh,Business,GCC,Other,3,1436.81,3
V03347,2025-03,2025,3,Dammam,Family,Asia,Hotel,2,810.22,1
V03348,2024-12,2024,12,Riyadh,Business,Other,Hotel,4,661.04,2
V03349,2024-02,2024,2,Makkah,Religious,GCC,Hotel,6,1660.13,4
V03350,2025-07,2025,7,Riyadh,Leisure,Domestic,Hotel,3,819.18,2
V03351,2024-10,2024,10,Makkah,Religious,GCC,Other,2,583.3,2
V03352,2023-10,2023,10,AlUla,Leisure,Domestic,Resort,2,706.23,3
V03353,2023-01,2023,1,Makkah,Religious,Domestic,Furnished Apartment,2,976.16,1
V03354,2022-06,2022,6,Dammam,Family,Domestic,Hotel,2,912.31,3
V03355,2023-07,2023,7,Madinah,Leisure,Domestic,Furnished Apartment,6,2192.79,4
V03356,2024-03,2024,3,AlUla,Leisure,Domestic,Other,2,567.42,5
V03357,2024-04,2024,4,Jeddah,Religious,Europe,Furnished Apartment,4,1429.59,3
V03358,2024-02,2024,2,Madinah,Religious,Other,Hotel,3,497.56,3
V03359,2022-01,2022,1,Makkah,Family,Europe,Other,5,3005.0,1
V03360,2023-10,2023,10,Riyadh,Leisure,Asia,Furnished Apartment,1,444.33,4
V03361,2024-09,2024,9,Madinah,Religious,Domestic,Hotel,3,1056.49,3
V03362,2022-07,2022,7,Riyadh,Leisure,Domestic,Furnished Apartment,3,676.97,4
V03363,2025-04,2025,4,Dammam,Family,Asia,Furnished Apartment,4,1069.4,4
V03364,2025-05,2025,5,Madinah,Religious,Domestic,Furnished Apartment,4,929.1,5
V03365,2022-03,2022,3,Jeddah,Religious,Domestic,Hotel,5,1889.88,2
V03366,2025-08,2025,8,Makkah,Religious,Domestic,Furnished Apartment,1,262.42,1
V03367,2023-03,2023,3,Makkah,Events,Other,Hotel,3,1078.4,2
V03368,2024-07,2024,7,AlUla,Leisure,Europe,Furnished Apartment,4,1852.01,1
V03369,2025-08,2025,8,Dammam,Family,Asia,Hotel,4,875.76,3
V03370,2025-05,2025,5,Makkah,Religious,GCC,Resort,3,1199.83,5
V03371,2024-10,2024,10,Makkah,Religious,GCC,Furnished Apartment,3,1324.72,3
V03372,2024-03,2024,3,Makkah,Religious,Europe,Hotel,3,1109.19,2
V03373,2023-04,2023,4,Riyadh,Leisure,Domestic,Furnished Apartment,4,872.77,5
V03374,2023-05,2023,5,Makkah,Religious,Domestic,Hotel,2,406.83,5
V03375,2023-06,2023,6,Madinah,Religious,Domestic,Hotel,1,188.05,2
V03376,2024-09,2024,9,Riyadh,Business,GCC,Furnished Apartment,3,1369.73,1
V03377,2022-08,2022,8,Riyadh,Business,Domestic,Hotel,4,1710.81,4
V03378,2025-03,2025,3,Makkah,Religious,Domestic,Furnished Apartment,2,843.45,5
V03379,2023-03,2023,3,Madinah,Business,Domestic,Hotel,4,1743.65,1
V03380,2023-10,2023,10,Dammam,Leisure,GCC,Furnished Apartment,5,1316.09,5
V03381,2024-02,2024,2,Makkah,Religious,Domestic,Hotel,2,571.14,3
V03382,2025-04,2025,4,Riyadh,Business,Asia,Resort,3,713.03,2
V03383,2022-03,2022,3,Jeddah,Leisure,Domestic,Hotel,3,1171.19,4
V03384,2022-03,2022,3,Makkah,Religious,Europe,Hotel,1,541.29,3
V03385,2025-01,2025,1,Abha,Leisure,Domestic,Resort,4,810.41,3
V03386,2024-02,2024,2,Madinah,Leisure,Asia,Hotel,3,813.05,1
V03387,2024-01,2024,1,Jeddah,Religious,Asia,Hotel,6,2047.05,5
V03388,2022-03,2022,3,Makkah,Family,Domestic,Hotel,4,1964.16,2
V03389,2022-11,2022,11,Jeddah,Business,Domestic,Resort,2,778.34,1
V03390,2023-10,2023,10,Jeddah,Religious,Domestic,Resort,2,517.38,5
V03391,2023-10,2023,10,Riyadh,Religious,Domestic,Other,3,817.04,4
V03392,2024-03,2024,3,AlUla,Business,GCC,Furnished Apartment,1,150.76,3
V03393,2022-02,2022,2,Makkah,Family,Domestic,Hotel,5,1334.5,5
V03394,2023-11,2023,11,Dammam,Leisure,Domestic,Resort,3,937.87,4
V03395,2025-07,2025,7,Makkah,Religious,Domestic,Hotel,3,645.2,2
V03396,2024-08,2024,8,Madinah,Business,Domestic,Resort,4,1771.71,4
V03397,2023-08,2023,8,Makkah,Leisure,Domestic,Furnished Apartment,1,435.62,2
V03398,2024-12,2024,12,Riyadh,Business,Europe,Hotel,5,1020.22,2
V03399,2025-02,2025,2,Abha,Leisure,Domestic,Hotel,4,1756.7,5
V03400,2025-04,2025,4,Jeddah,Family,Asia,Hotel,4,1985.62,3
V03401,2024-09,2024,9,Jeddah,Religious,Domestic,Hotel,4,1424.8,2
V03402,2023-03,2023,3,Makkah,Religious,Domestic,Resort,1,312.41,4
V03403,2024-03,2024,3,Riyadh,Religious,Domestic,Furnished Apartment,4,1665.24,3
V03404,2022-04,2022,4,Makkah,Religious,Asia,Hotel,3,671.71,5
V03405,2022-08,2022,8,Riyadh,Business,Domestic,Hotel,1,168.7,5
V03406,2025-02,2025,2,AlUla,Business,GCC,Hotel,3,1320.2,5
V03407,2023-12,2023,12,Jeddah,Religious,Domestic,Hotel,2,670.41,1
V03408,2024-04,2024,4,Dammam,Religious,Domestic,Hotel,1,223.56,5
V03409,2022-02,2022,2,Makkah,Religious,Domestic,Hotel,5,1492.11,4
V03410,2024-11,2024,11,Makkah,Religious,Asia,Resort,2,784.72,3
V03411,2024-12,2024,12,AlUla,Religious,GCC,Furnished Apartment,5,1562.37,1
V03412,2023-05,2023,5,Makkah,Religious,Domestic,Hotel,1,325.29,4
V03413,2022-08,2022,8,Makkah,Religious,Asia,Other,4,1190.66,2
V03414,2024-07,2024,7,Riyadh,Religious,Asia,Other,2,752.96,5
V03415,2022-07,2022,7,Jeddah,Leisure,Other,Furnished Apartment,3,1120.13,1
V03416,2022-09,2022,9,Dammam,Leisure,Europe,Hotel,3,1120.11,4
V03417,2024-01,2024,1,Makkah,Religious,Other,Hotel,3,541.77,5
V03418,2022-01,2022,1,Makkah,Business,Domestic,Resort,2,735.23,3
V03419,2022-06,2022,6,Riyadh,Business,Domestic,Hotel,3,724.44,2
V03420,2024-03,2024,3,Makkah,Leisure,Europe,Furnished Apartment,2,593.9,4
V03421,2023-10,2023,10,Makkah,Events,GCC,Furnished Apartment,3,813.15,2
V03422,2023-06,2023,6,Jeddah,Business,Other,Furnished Apartment,3,1143.19,1
V03423,2024-08,2024,8,Dammam,Religious,Asia,Furnished Apartment,1,250.16,4
V03424,2025-02,2025,2,Jeddah,Religious,Europe,Hotel,1,530.9,2
V03425,2025-08,2025,8,Riyadh,Leisure,Domestic,Furnished Apartment,5,1883.31,4
V03426,2024-02,2024,2,Makkah,Religious,Asia,Resort,6,916.75,3
V03427,2022-12,2022,12,Makkah,Religious,Domestic,Furnished Apartment,3,858.54,5
V03428,2023-06,2023,6,Jeddah,Business,Domestic,Hotel,3,855.89,4
V03429,2022-02,2022,2,Madinah,Leisure,Asia,Furnished Apartment,3,1439.49,5
V03430,2024-09,2024,9,Makkah,Family,Asia,Furnished Apartment,3,1161.95,3
V03431,2024-06,2024,6,Riyadh,Religious,Domestic,Hotel,3,989.05,2
V03432,2023-11,2023,11,Abha,Events,GCC,Hotel,2,660.57,1
V03433,2025-02,2025,2,Makkah,Religious,Europe,Resort,1,374.75,3
V03434,2023-11,2023,11,Riyadh,Religious,Asia,Furnished Apartment,4,840.93,5
V03435,2023-05,2023,5,Riyadh,Business,Domestic,Resort,1,391.5,5
V03436,2023-11,2023,11,Riyadh,Religious,GCC,Hotel,2,736.68,2
V03437,2025-03,2025,3,Makkah,Religious,Asia,Other,2,947.05,5
V03438,2025-08,2025,8,AlUla,Leisure,GCC,Hotel,5,2156.0,5
V03439,2023-04,2023,4,Riyadh,Family,Asia,Hotel,5,947.14,2
V03440,2024-09,2024,9,Jeddah,Leisure,GCC,Hotel,1,385.92,2
V03441,2023-10,2023,10,AlUla,Leisure,Domestic,Furnished Apartment,5,2217.48,2
V03442,2025-04,2025,4,Riyadh,Family,Other,Hotel,3,548.82,5
V03443,2023-02,2023,2,Dammam,Business,Domestic,Hotel,4,1411.43,3
V03444,2022-06,2022,6,Dammam,Family,Asia,Furnished Apartment,4,1112.53,4
V03445,2022-08,2022,8,Riyadh,Religious,Domestic,Furnished Apartment,2,789.61,4
V03446,2024-06,2024,6,Madinah,Family,Domestic,Furnished Apartment,1,448.29,5
V03447,2023-05,2023,5,Riyadh,Religious,Asia,Furnished Apartment,5,818.77,2
V03448,2022-11,2022,11,Makkah,Religious,Domestic,Resort,3,1288.69,3
V03449,2023-11,2023,11,Madinah,Religious,Domestic,Hotel,3,751.77,5
V03450,2023-10,2023,10,Makkah,Leisure,Domestic,Hotel,4,1437.28,5
V03451,2022-04,2022,4,Makkah,Family,Asia,Other,1,425.06,2
V03452,2023-07,2023,7,Riyadh,Leisure,Asia,Other,4,619.12,3
V03453,2024-10,2024,10,Makkah,Events,Other,Hotel,2,542.47,4
V03454,2024-03,2024,3,Riyadh,Leisure,Europe,Hotel,4,1326.63,4
V03455,2022-06,2022,6,Abha,Leisure,Asia,Hotel,4,1988.46,4
V03456,2024-09,2024,9,Jeddah,Religious,GCC,Hotel,2,475.64,3
V03457,2022-10,2022,10,AlUla,Religious,Asia,Other,5,1332.41,2
V03458,2023-10,2023,10,Madinah,Religious,Domestic,Furnished Apartment,3,867.42,5
V03459,2022-08,2022,8,Makkah,Religious,GCC,Resort,1,297.36,3
V03460,2024-10,2024,10,AlUla,Family,Domestic,Resort,5,1868.17,5
V03461,2025-03,2025,3,Jeddah,Business,Domestic,Hotel,3,1342.46,5
V03462,2024-04,2024,4,Makkah,Religious,GCC,Hotel,4,1198.79,4
V03463,2024-02,2024,2,Dammam,Family,Domestic,Resort,2,791.79,2
V03464,2022-09,2022,9,Madinah,Religious,Asia,Other,3,1107.39,1
V03465,2025-03,2025,3,Makkah,Religious,Other,Hotel,5,1144.44,3
V03466,2025-02,2025,2,Madinah,Religious,Asia,Furnished Apartment,1,468.3,2
V03467,2024-05,2024,5,Dammam,Business,Asia,Resort,2,707.87,2
V03468,2022-01,2022,1,Riyadh,Family,Domestic,Furnished Apartment,4,890.44,5
V03469,2023-12,2023,12,Dammam,Religious,Asia,Furnished Apartment,2,887.21,1
V03470,2022-09,2022,9,Dammam,Leisure,Domestic,Furnished Apartment,4,1441.64,5
V03471,2022-12,2022,12,Riyadh,Religious,Domestic,Hotel,3,1274.64,2
V03472,2023-12,2023,12,Madinah,Religious,GCC,Other,3,961.32,4
V03473,2022-11,2022,11,Madinah,Religious,Domestic,Hotel,3,1426.53,2
V03474,2025-08,2025,8,Jeddah,Events,Domestic,Furnished Apartment,3,1417.33,1
V03475,2024-01,2024,1,Makkah,Religious,Domestic,Resort,6,2343.63,3
V03476,2024-06,2024,6,AlUla,Leisure,Domestic,Hotel,2,352.39,3
V03477,2022-02,2022,2,Madinah,Religious,Asia,Other,1,365.36,5
V03478,2023-06,2023,6,Riyadh,Family,Domestic,Hotel,3,526.32,1
V03479,2024-08,2024,8,Madinah,Religious,Other,Furnished Apartment,4,1722.19,1
V03480,2023-08,2023,8,AlUla,Religious,Domestic,Hotel,1,241.5,3
V03481,2024-11,2024,11,Dammam,Leisure,Other,Resort,2,450.61,2
V03482,2025-07,2025,7,Jeddah,Events,Domestic,Furnished Apartment,1,205.9,1
V03483,2023-06,2023,6,Jeddah,Leisure,Domestic,Furnished Apartment,3,1313.34,5
V03484,2023-09,2023,9,Jeddah,Events,Domestic,Hotel,2,578.78,3
V03485,2023-09,2023,9,Jeddah,Family,Asia,Hotel,2,655.43,4
V03486,2024-03,2024,3,Makkah,Religious,Domestic,Hotel,6,1670.87,1
V03487,2024-08,2024,8,Jeddah,Leisure,Domestic,Hotel,2,792.42,1
V03488,2023-10,2023,10,Riyadh,Religious,Domestic,Hotel,3,1294.03,1
V03489,2024-09,2024,9,Madinah,Religious,Europe,Hotel,2,716.72,1
V03490,2024-06,2024,6,Makkah,Leisure,Other,Other,2,584.12,3
V03491,2023-02,2023,2,Riyadh,Family,GCC,Furnished Apartment,5,1963.32,3
V03492,2023-08,2023,8,Riyadh,Religious,Domestic,Hotel,1,380.18,3
V03493,2022-03,2022,3,Riyadh,Business,Domestic,Furnished Apartment,4,1221.59,4
V03494,2022-09,2022,9,Madinah,Religious,Asia,Furnished Apartment,1,195.36,3
V03495,2025-04,2025,4,Riyadh,Leisure,Asia,Hotel,3,1260.97,2
V03496,2023-09,2023,9,Riyadh,Religious,Asia,Hotel,3,929.76,3
V03497,2023-01,2023,1,AlUla,Leisure,Asia,Hotel,1,333.66,1
V03498,2024-12,2024,12,Riyadh,Leisure,Domestic,Other,4,1616.56,3
V03499,2025-06,2025,6,Jeddah,Religious,Asia,Other,4,630.61,3
V03500,2024-05,2024,5,Makkah,Religious,Europe,Hotel,5,2483.93,5
V03501,2025-01,2025,1,Dammam,Leisure,Domestic,Other,5,1195.99,5
V03502,2022-09,2022,9,Dammam,Business,Europe,Hotel,3,983.42,3
V03503,2022-06,2022,6,Madinah,Religious,Other,Hotel,4,1759.08,3
V03504,2022-05,2022,5,Makkah,Religious,Domestic,Furnished Apartment,5,1745.12,4
V03505,2023-07,2023,7,Madinah,Religious,Domestic,Hotel,5,2194.74,3
V03506,2023-06,2023,6,Madinah,Business,Domestic,Hotel,4,812.19,2
V03507,2024-07,2024,7,Abha,Business,Domestic,Furnished Apartment,3,1106.58,2
V03508,2025-07,2025,7,Makkah,Religious,Domestic,Hotel,2,722.07,5
V03509,2022-11,2022,11,Riyadh,Family,Domestic,Furnished Apartment,3,1380.19,1
V03510,2022-10,2022,10,AlUla,Family,GCC,Hotel,3,1311.85,2
V03511,2023-01,2023,1,Madinah,Religious,Other,Furnished Apartment,4,637.88,2
V03512,2023-11,2023,11,Riyadh,Religious,Asia,Hotel,3,1039.09,5
V03513,2024-08,2024,8,Jeddah,Family,Domestic,Hotel,5,1471.76,1
V03514,2022-02,2022,2,Madinah,Family,Domestic,Furnished Apartment,2,512.78,5
V03515,2025-02,2025,2,Makkah,Leisure,Europe,Other,3,1261.57,3
V03516,2025-08,2025,8,Abha,Family,GCC,Other,3,1200.65,2
V03517,2023-09,2023,9,Riyadh,Family,Asia,Hotel,2,381.34,2
V03518,2023-12,2023,12,Riyadh,Religious,GCC,Hotel,2,418.46,5
V03519,2025-01,2025,1,Madinah,Leisure,Domestic,Hotel,2,370.58,5
V03520,2022-04,2022,4,Makkah,Leisure,GCC,Furnished Apartment,1,341.26,1
V03521,2024-12,2024,12,Riyadh,Leisure,Other,Other,4,981.66,5
V03522,2024-08,2024,8,Abha,Religious,Domestic,Hotel,3,1205.2,1
V03523,2024-10,2024,10,Dammam,Family,Other,Hotel,6,2705.81,2
V03524,2022-06,2022,6,Jeddah,Religious,Domestic,Other,5,2197.41,3
V03525,2023-06,2023,6,Riyadh,Religious,Other,Other,2,923.43,5
V03526,2022-05,2022,5,Makkah,Religious,Asia,Resort,4,1387.39,4
V03527,2022-04,2022,4,Riyadh,Leisure,Domestic,Hotel,6,2478.3,2
V03528,2025-08,2025,8,Makkah,Family,Europe,Furnished Apartment,2,802.77,3
V03529,2023-02,2023,2,Makkah,Religious,Domestic,Hotel,2,341.88,5
V03530,2022-07,2022,7,Madinah,Religious,Domestic,Furnished Apartment,6,1388.69,1
V03531,2024-01,2024,1,Dammam,Leisure,Domestic,Hotel,3,676.63,3
V03532,2022-04,2022,4,Makkah,Religious,GCC,Resort,3,1499.08,2
V03533,2022-08,2022,8,Riyadh,Religious,Domestic,Furnished Apartment,3,514.24,4
V03534,2025-03,2025,3,Riyadh,Religious,GCC,Other,3,1085.99,2
V03535,2022-12,2022,12,Makkah,Religious,GCC,Hotel,4,923.01,2
V03536,2025-07,2025,7,Madinah,Religious,Europe,Other,6,1356.35,5
V03537,2024-04,2024,4,Riyadh,Religious,Domestic,Hotel,1,476.81,3
V03538,2024-02,2024,2,Jeddah,Religious,Domestic,Hotel,4,1436.97,4
V03539,2022-08,2022,8,Jeddah,Business,Domestic,Furnished Apartment,5,1016.48,5
V03540,2024-02,2024,2,Riyadh,Family,Domestic,Furnished Apartment,1,281.52,2
V03541,2022-11,2022,11,Makkah,Events,Domestic,Resort,2,497.49,5
V03542,2023-09,2023,9,Abha,Religious,Domestic,Furnished Apartment,3,1026.89,1
V03543,2025-06,2025,6,AlUla,Leisure,GCC,Hotel,3,719.84,1
V03544,2023-02,2023,2,Abha,Leisure,Domestic,Furnished Apartment,2,844.42,4
V03545,2025-07,2025,7,Dammam,Family,Domestic,Resort,6,2611.01,1
V03546,2023-04,2023,4,Madinah,Religious,Asia,Hotel,1,336.99,3
V03547,2023-07,2023,7,Jeddah,Religious,GCC,Furnished Apartment,1,384.72,1
V03548,2024-06,2024,6,Jeddah,Family,GCC,Hotel,3,570.78,5
V03549,2022-10,2022,10,Riyadh,Leisure,GCC,Resort,4,1382.93,5
V03550,2023-08,2023,8,Makkah,Family,Domestic,Resort,3,907.6,5
V03551,2024-06,2024,6,Riyadh,Religious,Domestic,Hotel,3,459.4,4
V03552,2022-10,2022,10,Riyadh,Family,Europe,Furnished Apartment,4,2546.97,2
V03553,2024-06,2024,6,Makkah,Business,Europe,Other,3,1448.37,1
V03554,2025-06,2025,6,Riyadh,Leisure,Europe,Hotel,5,1167.72,3
V03555,2024-09,2024,9,Madinah,Religious,Domestic,Furnished Apartment,5,2134.58,4
V03556,2023-03,2023,3,Jeddah,Leisure,GCC,Furnished Apartment,4,1751.19,2
V03557,2023-09,2023,9,AlUla,Business,Domestic,Hotel,3,658.15,1
V03558,2022-01,2022,1,Dammam,Leisure,Asia,Hotel,3,500.38,5
V03559,2022-12,2022,12,AlUla,Leisure,Domestic,Furnished Apartment,2,352.96,1
V03560,2022-03,2022,3,AlUla,Religious,Other,Hotel,6,1822.88,1
V03561,2022-02,2022,2,Makkah,Events,GCC,Furnished Apartment,3,977.31,2
V03562,2025-03,2025,3,Jeddah,Religious,Asia,Hotel,3,1057.83,4
V03563,2025-02,2025,2,Riyadh,Business,Asia,Other,2,624.1,5
V03564,2025-05,2025,5,Riyadh,Religious,Asia,Hotel,7,2087.21,2
V03565,2023-02,2023,2,Abha,Events,Domestic,Furnished Apartment,3,1323.74,5
V03566,2024-04,2024,4,Abha,Family,Domestic,Hotel,1,249.91,3
V03567,2025-03,2025,3,Riyadh,Religious,GCC,Hotel,1,305.99,1
V03568,2025-01,2025,1,Madinah,Business,Domestic,Furnished Apartment,4,1297.76,1
V03569,2022-12,2022,12,Jeddah,Family,Domestic,Furnished Apartment,2,329.15,2
V03570,2023-11,2023,11,AlUla,Religious,Domestic,Other,4,1301.61,2
V03571,2023-02,2023,2,Makkah,Religious,Other,Resort,4,1061.05,1
V03572,2024-08,2024,8,Madinah,Religious,Other,Resort,3,644.25,2
V03573,2024-10,2024,10,Makkah,Family,Domestic,Hotel,1,186.27,2
V03574,2023-05,2023,5,Madinah,Religious,Europe,Hotel,1,536.0,3
V03575,2025-02,2025,2,Riyadh,Leisure,Europe,Hotel,4,1082.12,4
V03576,2024-02,2024,2,AlUla,Business,GCC,Furnished Apartment,3,1082.49,4
V03577,2023-05,2023,5,Makkah,Religious,Asia,Resort,3,971.04,3
V03578,2023-04,2023,4,Madinah,Religious,GCC,Hotel,3,536.12,5
V03579,2022-06,2022,6,Abha,Business,Asia,Furnished Apartment,4,1676.65,3
V03580,2023-06,2023,6,Riyadh,Family,Domestic,Furnished Apartment,5,1218.03,3
V03581,2025-06,2025,6,AlUla,Religious,Asia,Furnished Apartment,3,935.04,2
V03582,2023-06,2023,6,Dammam,Family,Asia,Other,4,1424.73,4
V03583,2022-08,2022,8,Makkah,Family,Domestic,Hotel,3,1485.94,4
V03584,2022-06,2022,6,Jeddah,Leisure,Domestic,Hotel,2,367.1,1
V03585,2025-05,2025,5,Madinah,Religious,Domestic,Furnished Apartment,2,442.14,3
V03586,2022-01,2022,1,Riyadh,Events,Europe,Other,1,504.72,2
V03587,2024-01,2024,1,Riyadh,Leisure,Domestic,Hotel,4,639.44,3
V03588,2022-05,2022,5,Abha,Religious,Domestic,Resort,1,278.89,3
V03589,2022-07,2022,7,Abha,Religious,Domestic,Hotel,2,571.8,3
V03590,2024-05,2024,5,AlUla,Leisure,Other,Hotel,5,1090.79,1
V03591,2024-10,2024,10,Dammam,Events,Asia,Other,6,1829.32,4
V03592,2024-05,2024,5,Madinah,Religious,Asia,Furnished Apartment,6,2911.77,2
V03593,2023-11,2023,11,Makkah,Religious,GCC,Hotel,6,1255.72,4
V03594,2022-02,2022,2,Jeddah,Leisure,Asia,Resort,4,1297.16,3
V03595,2023-07,2023,7,Jeddah,Leisure,GCC,Hotel,4,1332.09,4
V03596,2022-08,2022,8,Abha,Leisure,Domestic,Hotel,2,890.69,5
V03597,2022-09,2022,9,Riyadh,Religious,GCC,Hotel,1,157.22,3
V03598,2024-02,2024,2,Madinah,Religious,Asia,Hotel,4,736.36,3
V03599,2022-03,2022,3,Madinah,Family,Domestic,Other,4,1335.75,5
V03600,2023-10,2023,10,Madinah,Religious,Other,Hotel,4,744.55,4
V03601,2022-01,2022,1,Riyadh,Religious,Asia,Furnished Apartment,4,1929.13,4
V03602,2023-06,2023,6,Riyadh,Business,Domestic,Furnished Apartment,4,1655.42,1
V03603,2023-07,2023,7,Riyadh,Religious,Other,Furnished Apartment,5,771.15,4
V03604,2025-01,2025,1,Makkah,Leisure,Domestic,Resort,1,476.42,5
V03605,2025-08,2025,8,Madinah,Religious,Asia,Hotel,4,1289.54,2
V03606,2025-01,2025,1,Riyadh,Religious,Domestic,Hotel,1,491.89,4
V03607,2024-03,2024,3,Dammam,Religious,Asia,Furnished Apartment,2,586.18,4
V03608,2022-08,2022,8,AlUla,Leisure,Europe,Furnished Apartment,4,1282.94,1
V03609,2025-03,2025,3,Jeddah,Religious,GCC,Furnished Apartment,6,1337.36,5
V03610,2025-06,2025,6,Riyadh,Leisure,Domestic,Hotel,1,173.2,1
V03611,2024-11,2024,11,AlUla,Events,Domestic,Resort,3,678.95,5
V03612,2022-10,2022,10,Jeddah,Religious,Domestic,Resort,1,466.02,1
V03613,2024-12,2024,12,Riyadh,Religious,Europe,Furnished Apartment,3,1122.04,5
V03614,2024-11,2024,11,Makkah,Business,Asia,Hotel,5,789.18,3
V03615,2025-05,2025,5,Makkah,Religious,GCC,Hotel,3,576.6,2
V03616,2023-01,2023,1,Abha,Religious,GCC,Furnished Apartment,2,858.2,3
V03617,2024-04,2024,4,Makkah,Religious,Asia,Hotel,2,500.56,4
V03618,2022-01,2022,1,Abha,Religious,Asia,Hotel,2,858.44,5
V03619,2024-06,2024,6,Riyadh,Religious,GCC,Hotel,2,874.23,3
V03620,2025-06,2025,6,Abha,Religious,Domestic,Hotel,2,702.68,1
V03621,2023-08,2023,8,Makkah,Religious,Domestic,Resort,4,1542.81,2
V03622,2022-08,2022,8,Jeddah,Leisure,Domestic,Resort,1,279.53,2
V03623,2023-04,2023,4,Makkah,Business,GCC,Hotel,3,540.89,4
V03624,2025-08,2025,8,Madinah,Business,Domestic,Hotel,3,548.4,1
V03625,2022-01,2022,1,Makkah,Religious,Domestic,Hotel,4,829.84,3
V03626,2023-06,2023,6,Riyadh,Family,Domestic,Hotel,3,1243.08,4
V03627,2023-02,2023,2,AlUla,Religious,Asia,Other,3,710.09,1
V03628,2023-01,2023,1,Jeddah,Religious,Domestic,Furnished Apartment,2,751.64,2
V03629,2023-05,2023,5,Riyadh,Leisure,GCC,Furnished Apartment,5,2474.83,3
V03630,2024-03,2024,3,Jeddah,Leisure,GCC,Furnished Apartment,7,1860.49,1
V03631,2025-04,2025,4,Makkah,Religious,Domestic,Furnished Apartment,1,427.46,2
V03632,2024-03,2024,3,Abha,Business,Domestic,Hotel,4,1650.69,1
V03633,2024-02,2024,2,Jeddah,Religious,Domestic,Furnished Apartment,2,498.41,3
V03634,2022-02,2022,2,Jeddah,Religious,Domestic,Furnished Apartment,3,643.36,3
V03635,2022-12,2022,12,Madinah,Events,Domestic,Hotel,2,716.38,3
V03636,2025-08,2025,8,Riyadh,Religious,GCC,Furnished Apartment,5,1081.37,5
V03637,2024-06,2024,6,Madinah,Religious,GCC,Resort,3,640.02,3
V03638,2022-05,2022,5,Makkah,Religious,Domestic,Furnished Apartment,1,427.96,2
V03639,2023-06,2023,6,Makkah,Religious,Asia,Hotel,3,1136.4,2
V03640,2024-04,2024,4,Jeddah,Family,Domestic,Furnished Apartment,2,460.66,2
V03641,2023-07,2023,7,Jeddah,Family,GCC,Hotel,2,836.33,5
V03642,2023-11,2023,11,Dammam,Leisure,Europe,Hotel,3,1675.73,3
V03643,2022-02,2022,2,Madinah,Religious,Domestic,Hotel,3,1458.68,2
V03644,2022-09,2022,9,Madinah,Religious,Domestic,Hotel,4,984.94,3
V03645,2022-02,2022,2,Makkah,Religious,Europe,Resort,3,757.01,4
V03646,2022-12,2022,12,Riyadh,Religious,Domestic,Hotel,1,315.67,1
V03647,2024-01,2024,1,Riyadh,Business,GCC,Hotel,4,1837.89,1
V03648,2024-10,2024,10,Riyadh,Leisure,Asia,Resort,1,460.87,2
V03649,2024-06,2024,6,Madinah,Religious,Asia,Resort,4,1100.2,2
V03650,2025-06,2025,6,Dammam,Leisure,Domestic,Furnished Apartment,5,1349.23,2
V03651,2024-04,2024,4,Makkah,Leisure,Domestic,Hotel,5,1588.84,5
V03652,2025-02,2025,2,Abha,Religious,Domestic,Resort,4,1490.47,1
V03653,2023-11,2023,11,Makkah,Religious,Asia,Hotel,1,261.91,4
V03654,2024-02,2024,2,Riyadh,Religious,Europe,Furnished Apartment,1,297.11,5
V03655,2023-05,2023,5,Makkah,Religious,Domestic,Other,4,797.44,5
V03656,2023-01,2023,1,Riyadh,Religious,Domestic,Furnished Apartment,5,912.3,1
V03657,2023-12,2023,12,Madinah,Leisure,Domestic,Hotel,5,1050.31,5
V03658,2025-03,2025,3,Jeddah,Leisure,Asia,Furnished Apartment,4,1189.17,5
V03659,2024-12,2024,12,Riyadh,Religious,Asia,Resort,4,754.94,2
V03660,2025-02,2025,2,Madinah,Leisure,Domestic,Hotel,4,924.85,1
V03661,2023-03,2023,3,Makkah,Religious,GCC,Hotel,5,2232.82,4
V03662,2024-02,2024,2,Madinah,Religious,GCC,Resort,4,1681.14,3
V03663,2024-09,2024,9,Makkah,Family,Asia,Resort,1,189.79,5
V03664,2025-03,2025,3,AlUla,Family,Domestic,Resort,1,235.0,5
V03665,2022-08,2022,8,Dammam,Family,GCC,Hotel,4,1643.58,4
V03666,2022-11,2022,11,Riyadh,Family,Domestic,Hotel,5,1278.97,3
V03667,2023-02,2023,2,Dammam,Events,Domestic,Resort,4,1201.04,2
V03668,2023-08,2023,8,Makkah,Religious,Domestic,Other,3,1111.63,1
V03669,2024-09,2024,9,Abha,Business,Other,Hotel,4,1740.86,1
V03670,2024-04,2024,4,Abha,Business,Asia,Resort,5,1964.86,3
V03671,2025-05,2025,5,AlUla,Leisure,Europe,Hotel,1,548.13,4
V03672,2023-08,2023,8,Makkah,Business,Asia,Hotel,3,1123.37,2
V03673,2023-09,2023,9,Madinah,Religious,Domestic,Hotel,3,1398.43,3
V03674,2023-01,2023,1,Makkah,Religious,Domestic,Resort,4,1766.28,4
V03675,2024-06,2024,6,Madinah,Religious,Europe,Other,4,1480.76,1
V03676,2024-04,2024,4,Jeddah,Family,Asia,Furnished Apartment,3,887.78,4
V03677,2023-03,2023,3,Abha,Leisure,GCC,Hotel,4,1823.81,1
V03678,2023-09,2023,9,AlUla,Religious,Domestic,Hotel,1,214.17,1
V03679,2024-02,2024,2,Dammam,Religious,Domestic,Hotel,2,954.98,1
V03680,2025-08,2025,8,Makkah,Religious,GCC,Hotel,4,901.15,3
V03681,2025-06,2025,6,Madinah,Business,Domestic,Resort,3,919.93,2
V03682,2023-04,2023,4,Makkah,Religious,Other,Hotel,1,410.05,5
V03683,2025-02,2025,2,Makkah,Religious,Asia,Hotel,1,221.02,5
V03684,2022-02,2022,2,Dammam,Religious,Domestic,Furnished Apartment,3,1081.75,5
V03685,2025-03,2025,3,Madinah,Religious,Domestic,Hotel,3,477.12,3
V03686,2025-01,2025,1,Madinah,Religious,GCC,Other,3,715.3,5
V03687,2024-01,2024,1,Jeddah,Business,GCC,Hotel,3,603.32,1
V03688,2022-02,2022,2,Jeddah,Events,Domestic,Other,5,831.25,1
V03689,2022-10,2022,10,Makkah,Religious,GCC,Hotel,1,373.83,1
V03690,2023-03,2023,3,AlUla,Leisure,GCC,Furnished Apartment,4,1411.86,4
V03691,2022-01,2022,1,AlUla,Events,Europe,Furnished Apartment,1,336.89,4
V03692,2024-05,2024,5,Madinah,Religious,GCC,Resort,2,980.14,1
V03693,2023-06,2023,6,Makkah,Religious,Domestic,Hotel,1,471.99,4
V03694,2024-05,2024,5,Makkah,Religious,GCC,Hotel,1,398.79,3
V03695,2025-08,2025,8,Abha,Religious,Other,Other,2,405.59,4
V03696,2024-04,2024,4,Abha,Religious,Europe,Other,5,2126.21,2
V03697,2022-09,2022,9,Abha,Religious,Other,Furnished Apartment,6,2590.03,2
V03698,2023-02,2023,2,Makkah,Family,Domestic,Resort,1,355.75,2
V03699,2023-09,2023,9,AlUla,Business,Other,Hotel,3,540.72,1
V03700,2024-04,2024,4,Madinah,Religious,Domestic,Resort,3,1259.58,5
V03701,2022-03,2022,3,Dammam,Leisure,Asia,Hotel,2,708.54,4
V03702,2022-03,2022,3,Jeddah,Business,Other,Furnished Apartment,3,1024.59,1
V03703,2022-12,2022,12,Jeddah,Religious,Asia,Hotel,4,1840.48,5
V03704,2025-01,2025,1,Abha,Events,Asia,Furnished Apartment,4,798.6,3
V03705,2025-02,2025,2,AlUla,Leisure,GCC,Hotel,1,206.36,2
V03706,2022-05,2022,5,Madinah,Religious,GCC,Furnished Apartment,3,1211.75,5
V03707,2022-07,2022,7,Dammam,Family,Asia,Resort,4,936.49,5
V03708,2023-08,2023,8,Abha,Leisure,Europe,Hotel,3,1263.68,4
V03709,2022-06,2022,6,Makkah,Religious,Asia,Hotel,3,1162.26,4
V03710,2024-01,2024,1,Makkah,Leisure,Domestic,Hotel,4,1779.15,2
V03711,2023-11,2023,11,Jeddah,Business,Domestic,Hotel,1,459.45,5
V03712,2023-09,2023,9,Riyadh,Leisure,Domestic,Furnished Apartment,3,557.79,1
V03713,2023-01,2023,1,Riyadh,Religious,Domestic,Hotel,1,463.25,1
V03714,2023-05,2023,5,Madinah,Business,Asia,Resort,1,454.43,3
V03715,2023-01,2023,1,Riyadh,Family,Domestic,Other,3,630.31,5
V03716,2024-08,2024,8,Madinah,Religious,Other,Resort,4,1781.42,3
V03717,2022-12,2022,12,Dammam,Events,Domestic,Other,4,1256.68,5
V03718,2024-11,2024,11,Riyadh,Family,Other,Hotel,2,503.89,5
V03719,2024-10,2024,10,Riyadh,Leisure,Asia,Other,1,455.3,3
V03720,2024-09,2024,9,Jeddah,Leisure,Domestic,Furnished Apartment,2,416.36,3
V03721,2024-04,2024,4,Madinah,Religious,GCC,Furnished Apartment,2,430.92,1
V03722,2023-05,2023,5,Madinah,Leisure,Domestic,Furnished Apartment,3,510.03,3
V03723,2025-01,2025,1,Madinah,Religious,Other,Other,3,1073.12,5
V03724,2024-07,2024,7,Riyadh,Family,GCC,Hotel,6,1821.4,5
V03725,2024-03,2024,3,Madinah,Religious,Domestic,Hotel,1,413.67,2
V03726,2025-02,2025,2,AlUla,Leisure,GCC,Furnished Apartment,4,1958.34,5
V03727,2025-04,2025,4,Makkah,Leisure,Asia,Hotel,2,992.19,5
V03728,2023-11,2023,11,Jeddah,Business,Asia,Resort,3,967.97,1
V03729,2025-07,2025,7,Dammam,Family,Domestic,Hotel,5,2315.29,1
V03730,2025-05,2025,5,Riyadh,Leisure,Asia,Furnished Apartment,1,177.21,5
V03731,2022-05,2022,5,Abha,Leisure,Asia,Other,4,883.9,2
V03732,2024-07,2024,7,Riyadh,Religious,Domestic,Furnished Apartment,3,746.31,2
V03733,2025-02,2025,2,Makkah,Leisure,GCC,Hotel,4,1043.99,2
V03734,2025-05,2025,5,AlUla,Leisure,Asia,Hotel,4,628.03,3
V03735,2023-08,2023,8,Riyadh,Events,Europe,Hotel,2,685.6,3
V03736,2022-06,2022,6,Riyadh,Business,Domestic,Furnished Apartment,3,626.28,1
V03737,2025-08,2025,8,Jeddah,Family,Asia,Hotel,3,1431.5,4
V03738,2023-02,2023,2,Makkah,Religious,GCC,Hotel,1,362.11,4
V03739,2023-04,2023,4,Makkah,Religious,Domestic,Furnished Apartment,3,620.84,4
V03740,2022-02,2022,2,Jeddah,Religious,Domestic,Hotel,2,765.11,4
V03741,2024-07,2024,7,Abha,Family,Europe,Hotel,3,1600.47,3
V03742,2024-04,2024,4,Jeddah,Business,Domestic,Furnished Apartment,4,756.9,3
V03743,2023-12,2023,12,Madinah,Religious,Domestic,Hotel,5,1301.5,4
V03744,2024-02,2024,2,Dammam,Business,Domestic,Resort,3,1358.43,1
V03745,2025-02,2025,2,Makkah,Religious,Asia,Hotel,5,927.55,3
V03746,2024-10,2024,10,Madinah,Religious,Domestic,Resort,3,1082.2,1
V03747,2024-05,2024,5,Makkah,Events,Asia,Furnished Apartment,3,835.22,3
V03748,2022-08,2022,8,Makkah,Events,Domestic,Furnished Apartment,5,1369.61,5
V03749,2023-02,2023,2,Riyadh,Leisure,Domestic,Other,5,1985.59,2
V03750,2022-09,2022,9,Riyadh,Leisure,Domestic,Furnished Apartment,1,365.79,4
V03751,2024-11,2024,11,Makkah,Religious,Domestic,Hotel,4,1931.53,3
V03752,2023-02,2023,2,AlUla,Religious,Domestic,Hotel,2,759.58,2
V03753,2023-01,2023,1,Riyadh,Family,Asia,Furnished Apartment,4,1175.2,1
V03754,2023-02,2023,2,AlUla,Family,Domestic,Hotel,3,1188.89,5
V03755,2024-04,2024,4,Jeddah,Leisure,GCC,Hotel,3,1149.19,4
V03756,2023-03,2023,3,Makkah,Religious,Domestic,Hotel,1,382.23,3
V03757,2023-04,2023,4,Makkah,Religious,GCC,Furnished Apartment,4,700.65,5
V03758,2024-03,2024,3,Abha,Business,Domestic,Hotel,3,882.42,1
V03759,2024-02,2024,2,Madinah,Religious,Asia,Hotel,4,1344.14,1
V03760,2023-08,2023,8,Riyadh,Religious,GCC,Hotel,5,1669.83,3
V03761,2022-09,2022,9,Jeddah,Family,Domestic,Hotel,5,905.85,4
V03762,2022-06,2022,6,AlUla,Leisure,GCC,Hotel,3,931.31,4
V03763,2023-04,2023,4,Makkah,Religious,Europe,Hotel,3,1428.31,5
V03764,2022-05,2022,5,Makkah,Religious,Domestic,Furnished Apartment,3,547.27,3
V03765,2025-03,2025,3,Abha,Religious,Asia,Resort,2,824.12,1
V03766,2023-07,2023,7,Madinah,Religious,Asia,Hotel,4,764.21,1
V03767,2023-11,2023,11,Riyadh,Leisure,GCC,Resort,3,925.73,1
V03768,2024-11,2024,11,Makkah,Religious,Domestic,Hotel,4,1662.25,4
V03769,2023-04,2023,4,Riyadh,Religious,Domestic,Resort,3,854.6,1
V03770,2022-02,2022,2,Riyadh,Business,Domestic,Hotel,2,530.1,4
V03771,2024-06,2024,6,Jeddah,Business,Domestic,Hotel,1,430.37,4
V03772,2022-05,2022,5,Madinah,Religious,Asia,Hotel,6,962.34,2
V03773,2025-08,2025,8,Abha,Religious,Europe,Other,2,1160.03,4
V03774,2024-01,2024,1,Riyadh,Leisure,Domestic,Furnished Apartment,2,833.01,2
V03775,2024-05,2024,5,Makkah,Religious,Other,Resort,4,1761.57,1
V03776,2023-05,2023,5,Riyadh,Religious,GCC,Hotel,3,692.16,1
V03777,2023-04,2023,4,Riyadh,Business,GCC,Hotel,1,471.91,5
V03778,2022-01,2022,1,Jeddah,Leisure,Domestic,Furnished Apartment,1,396.36,4
V03779,2025-07,2025,7,Jeddah,Family,Europe,Furnished Apartment,1,484.36,3
V03780,2022-09,2022,9,Riyadh,Business,Asia,Hotel,5,2495.76,5
V03781,2024-05,2024,5,Riyadh,Events,Domestic,Hotel,2,734.68,2
V03782,2023-05,2023,5,Makkah,Religious,Domestic,Furnished Apartment,3,665.07,2
V03783,2023-12,2023,12,Abha,Business,Domestic,Furnished Apartment,3,1493.72,4
V03784,2022-01,2022,1,Jeddah,Family,Asia,Furnished Apartment,6,2791.15,2
V03785,2023-09,2023,9,Jeddah,Leisure,Europe,Furnished Apartment,5,2277.05,1
V03786,2024-03,2024,3,Makkah,Religious,Europe,Other,5,2927.02,4
V03787,2024-08,2024,8,Jeddah,Leisure,Domestic,Furnished Apartment,1,322.15,3
V03788,2022-01,2022,1,AlUla,Family,Domestic,Hotel,2,885.41,2
V03789,2023-08,2023,8,Madinah,Religious,Domestic,Hotel,4,748.71,5
V03790,2022-02,2022,2,Madinah,Religious,Asia,Hotel,4,1268.94,2
V03791,2024-03,2024,3,Jeddah,Business,Europe,Other,3,1200.16,2
V03792,2025-03,2025,3,Makkah,Business,Domestic,Furnished Apartment,2,849.67,4
V03793,2025-04,2025,4,Makkah,Religious,Europe,Hotel,4,2564.08,4
V03794,2025-02,2025,2,Abha,Religious,Domestic,Furnished Apartment,6,1984.69,3
V03795,2024-04,2024,4,Madinah,Family,Domestic,Furnished Apartment,1,442.75,2
V03796,2023-05,2023,5,Abha,Business,Other,Resort,5,1103.34,5
V03797,2025-03,2025,3,Makkah,Family,Asia,Resort,4,1510.42,1
V03798,2022-01,2022,1,AlUla,Religious,Domestic,Hotel,2,782.08,2
V03799,2023-02,2023,2,Dammam,Events,Domestic,Hotel,5,1683.34,1
V03800,2025-02,2025,2,Riyadh,Family,Asia,Furnished Apartment,4,782.71,4
V03801,2022-01,2022,1,Jeddah,Religious,Europe,Hotel,3,1514.77,2
V03802,2023-12,2023,12,Jeddah,Religious,Asia,Furnished Apartment,1,177.37,4
V03803,2024-05,2024,5,Makkah,Leisure,Domestic,Hotel,5,1457.97,4
V03804,2022-06,2022,6,Jeddah,Religious,Domestic,Hotel,1,452.87,3
V03805,2024-12,2024,12,Riyadh,Family,Domestic,Resort,3,949.95,4
V03806,2022-11,2022,11,Riyadh,Religious,Asia,Hotel,2,590.47,4
V03807,2025-06,2025,6,Makkah,Religious,Asia,Hotel,3,1418.44,4
V03808,2022-10,2022,10,Riyadh,Business,GCC,Hotel,3,1448.34,5
V03809,2024-02,2024,2,Makkah,Religious,Asia,Hotel,3,1149.14,2
V03810,2024-05,2024,5,Riyadh,Business,Domestic,Hotel,3,1359.26,2
V03811,2025-02,2025,2,AlUla,Religious,Domestic,Hotel,3,1145.83,3
V03812,2025-05,2025,5,Madinah,Family,Domestic,Hotel,3,859.42,2
V03813,2023-10,2023,10,Dammam,Business,GCC,Hotel,3,1122.7,1
V03814,2023-04,2023,4,Abha,Business,GCC,Hotel,3,1009.68,2
V03815,2023-03,2023,3,Abha,Business,Domestic,Hotel,2,663.7,5
V03816,2024-02,2024,2,Makkah,Religious,Domestic,Other,2,737.18,4
V03817,2022-11,2022,11,Abha,Business,Domestic,Other,3,746.87,4
V03818,2022-11,2022,11,Madinah,Religious,Domestic,Hotel,2,477.27,1
V03819,2022-08,2022,8,Riyadh,Family,Asia,Hotel,3,456.4,2
V03820,2023-09,2023,9,Dammam,Family,Asia,Resort,3,509.69,2
V03821,2024-04,2024,4,Jeddah,Family,Other,Hotel,2,972.68,4
V03822,2022-06,2022,6,Makkah,Family,Domestic,Other,3,868.08,2
V03823,2022-10,2022,10,Dammam,Religious,Asia,Hotel,4,1967.94,1
V03824,2022-08,2022,8,Riyadh,Family,Europe,Hotel,1,499.08,4
V03825,2023-07,2023,7,Dammam,Religious,Asia,Hotel,3,1410.18,4
V03826,2023-09,2023,9,Riyadh,Leisure,GCC,Hotel,3,1055.13,2
V03827,2024-08,2024,8,Dammam,Leisure,GCC,Resort,1,416.56,1
V03828,2022-11,2022,11,Madinah,Business,Asia,Hotel,4,1053.02,5
V03829,2023-03,2023,3,Jeddah,Religious,GCC,Other,7,1122.16,1
V03830,2024-10,2024,10,Makkah,Religious,Asia,Hotel,2,521.87,1
V03831,2025-01,2025,1,Madinah,Business,Europe,Furnished Apartment,4,964.03,3
V03832,2022-06,2022,6,Jeddah,Religious,Asia,Hotel,1,201.94,3
V03833,2022-04,2022,4,Makkah,Business,Domestic,Hotel,4,1654.63,5
V03834,2023-01,2023,1,Makkah,Religious,Europe,Resort,2,1296.91,1
V03835,2024-12,2024,12,Riyadh,Religious,Domestic,Resort,5,1561.37,3
V03836,2022-10,2022,10,Riyadh,Religious,Other,Hotel,1,430.53,2
V03837,2025-03,2025,3,Riyadh,Business,GCC,Hotel,2,989.89,3
V03838,2024-07,2024,7,Madinah,Religious,Domestic,Hotel,5,1868.64,5
V03839,2024-08,2024,8,Madinah,Religious,Domestic,Resort,4,1407.44,1
V03840,2023-10,2023,10,Jeddah,Religious,Domestic,Hotel,1,265.79,4
V03841,2024-04,2024,4,Riyadh,Family,Asia,Hotel,3,780.34,1
V03842,2022-03,2022,3,Makkah,Leisure,Domestic,Hotel,4,1267.0,1
V03843,2025-04,2025,4,Makkah,Family,Domestic,Hotel,3,529.5,1
V03844,2025-05,2025,5,Madinah,Religious,Europe,Furnished Apartment,4,2383.65,2
V03845,2024-04,2024,4,Jeddah,Leisure,Domestic,Hotel,1,413.95,2
V03846,2025-06,2025,6,Makkah,Religious,Europe,Hotel,4,1456.18,2
V03847,2024-07,2024,7,Abha,Business,Other,Hotel,1,427.32,5
V03848,2024-09,2024,9,Jeddah,Religious,Domestic,Hotel,7,1535.06,1
V03849,2022-05,2022,5,Jeddah,Religious,GCC,Hotel,1,245.37,2
V03850,2022-11,2022,11,Riyadh,Events,Domestic,Resort,1,296.34,1
V03851,2022-01,2022,1,AlUla,Religious,GCC,Furnished Apartment,1,356.29,1
V03852,2023-04,2023,4,Dammam,Family,Domestic,Resort,3,1295.34,1
V03853,2023-11,2023,11,Abha,Leisure,Asia,Furnished Apartment,3,637.7,4
V03854,2023-12,2023,12,Jeddah,Leisure,Domestic,Resort,1,480.21,1
V03855,2022-05,2022,5,Makkah,Religious,Domestic,Hotel,3,580.23,1
V03856,2024-04,2024,4,Riyadh,Family,GCC,Hotel,2,743.03,4
V03857,2023-09,2023,9,Makkah,Religious,Asia,Hotel,2,413.21,1
V03858,2024-05,2024,5,Jeddah,Business,Europe,Hotel,2,983.34,2
V03859,2025-02,2025,2,Madinah,Religious,Domestic,Hotel,3,455.5,2
V03860,2022-09,2022,9,Madinah,Religious,Domestic,Resort,5,1585.63,4
V03861,2025-03,2025,3,Riyadh,Leisure,Domestic,Furnished Apartment,3,853.15,2
V03862,2025-02,2025,2,Jeddah,Leisure,Asia,Hotel,3,835.76,2
V03863,2022-07,2022,7,Madinah,Religious,Domestic,Furnished Apartment,5,1079.69,3
V03864,2025-01,2025,1,Madinah,Religious,Asia,Resort,3,1070.04,5
V03865,2023-09,2023,9,Dammam,Events,GCC,Resort,5,2117.51,1
V03866,2023-01,2023,1,Madinah,Family,Asia,Hotel,5,822.46,2
V03867,2024-10,2024,10,Abha,Leisure,GCC,Hotel,4,1466.45,2
V03868,2025-05,2025,5,Madinah,Religious,Other,Furnished Apartment,4,1679.1,3
V03869,2024-04,2024,4,Dammam,Family,GCC,Furnished Apartment,1,237.81,3
V03870,2022-03,2022,3,Riyadh,Family,Asia,Furnished Apartment,3,1030.33,1
V03871,2022-02,2022,2,Jeddah,Business,GCC,Hotel,4,854.02,1
V03872,2022-11,2022,11,Makkah,Leisure,Europe,Hotel,7,3046.58,4
V03873,2022-02,2022,2,Makkah,Religious,Domestic,Furnished Apartment,4,1046.22,4
V03874,2023-02,2023,2,Jeddah,Family,Domestic,Resort,3,879.7,3
V03875,2023-10,2023,10,AlUla,Family,Domestic,Furnished Apartment,4,1272.04,4
V03876,2024-07,2024,7,Jeddah,Leisure,Domestic,Furnished Apartment,3,957.14,1
V03877,2024-09,2024,9,Abha,Religious,Asia,Hotel,4,782.98,3
V03878,2024-11,2024,11,Riyadh,Religious,GCC,Hotel,5,1002.47,3
V03879,2025-03,2025,3,AlUla,Religious,Europe,Resort,2,843.88,2
V03880,2023-04,2023,4,Jeddah,Leisure,Domestic,Furnished Apartment,2,638.63,2
V03881,2024-05,2024,5,Makkah,Religious,GCC,Hotel,1,294.09,3
V03882,2023-01,2023,1,Makkah,Religious,Domestic,Hotel,4,783.91,1
V03883,2024-11,2024,11,Abha,Leisure,Domestic,Hotel,3,1103.88,1
V03884,2022-03,2022,3,Riyadh,Religious,Domestic,Hotel,2,982.4,5
V03885,2025-02,2025,2,Dammam,Religious,Asia,Furnished Apartment,4,1542.15,4
V03886,2024-12,2024,12,Makkah,Religious,Other,Hotel,3,1369.71,1
V03887,2025-07,2025,7,Abha,Leisure,Domestic,Hotel,1,246.42,4
V03888,2024-04,2024,4,AlUla,Religious,Europe,Hotel,5,2798.81,2
V03889,2022-09,2022,9,AlUla,Leisure,Domestic,Furnished Apartment,6,1326.18,1
V03890,2025-03,2025,3,Makkah,Religious,Domestic,Hotel,7,2124.63,5
V03891,2022-03,2022,3,Dammam,Business,GCC,Hotel,3,1336.77,1
V03892,2023-12,2023,12,Makkah,Religious,GCC,Hotel,5,1168.52,5
V03893,2022-07,2022,7,AlUla,Leisure,Asia,Resort,4,617.12,5
V03894,2022-08,2022,8,Madinah,Leisure,Domestic,Hotel,7,1627.94,3
V03895,2023-12,2023,12,Riyadh,Religious,Domestic,Other,4,1911.92,1
V03896,2024-12,2024,12,Jeddah,Family,Domestic,Hotel,5,2480.33,2
V03897,2023-12,2023,12,Madinah,Events,Domestic,Hotel,4,609.11,1
V03898,2024-07,2024,7,Dammam,Family,Domestic,Hotel,3,553.44,5
V03899,2023-06,2023,6,Jeddah,Events,Domestic,Hotel,2,509.76,2
V03900,2025-07,2025,7,Riyadh,Business,Domestic,Furnished Apartment,3,1208.7,2
V03901,2022-01,2022,1,AlUla,Religious,Domestic,Furnished Apartment,8,2076.89,4
V03902,2024-03,2024,3,Jeddah,Family,Domestic,Hotel,3,595.99,5
V03903,2024-11,2024,11,Abha,Business,Asia,Hotel,2,479.7,2
V03904,2023-07,2023,7,Makkah,Family,Domestic,Furnished Apartment,2,793.54,4
V03905,2022-01,2022,1,Dammam,Leisure,Asia,Resort,1,309.41,1
V03906,2023-07,2023,7,Riyadh,Religious,Domestic,Resort,1,390.66,5
V03907,2022-01,2022,1,AlUla,Events,Asia,Resort,3,1165.66,4
V03908,2024-04,2024,4,Makkah,Religious,GCC,Furnished Apartment,3,1250.98,3
V03909,2024-10,2024,10,Makkah,Religious,Domestic,Hotel,2,305.89,2
V03910,2025-07,2025,7,AlUla,Business,Domestic,Hotel,2,745.22,4
V03911,2022-12,2022,12,Riyadh,Leisure,Domestic,Resort,3,554.78,4
V03912,2022-11,2022,11,Dammam,Family,Domestic,Hotel,2,350.07,5
V03913,2023-02,2023,2,Madinah,Religious,GCC,Hotel,4,1135.68,4
V03914,2024-08,2024,8,Madinah,Religious,Domestic,Furnished Apartment,3,773.28,3
V03915,2022-01,2022,1,Madinah,Religious,Asia,Other,6,1577.45,2
V03916,2025-04,2025,4,Madinah,Leisure,Europe,Furnished Apartment,4,895.67,1
V03917,2022-11,2022,11,Makkah,Events,Other,Hotel,3,1032.3,3
V03918,2023-11,2023,11,Madinah,Religious,Asia,Hotel,2,491.32,4
V03919,2024-02,2024,2,Riyadh,Leisure,Domestic,Resort,1,447.03,5
V03920,2024-08,2024,8,Madinah,Business,Domestic,Resort,4,1041.12,3
V03921,2023-10,2023,10,Jeddah,Business,Other,Hotel,5,1689.33,2
V03922,2025-03,2025,3,Makkah,Religious,Other,Other,6,936.69,1
V03923,2022-11,2022,11,Jeddah,Religious,Other,Hotel,5,1966.53,5
V03924,2022-06,2022,6,Makkah,Leisure,GCC,Furnished Apartment,1,319.29,5
V03925,2024-09,2024,9,Abha,Religious,Asia,Furnished Apartment,2,994.98,3
V03926,2022-10,2022,10,Riyadh,Business,Domestic,Hotel,4,600.23,3
V03927,2022-06,2022,6,Makkah,Family,Europe,Hotel,2,1152.57,3
V03928,2025-08,2025,8,Riyadh,Family,GCC,Furnished Apartment,4,630.93,2
V03929,2022-02,2022,2,Madinah,Family,Other,Resort,6,947.14,2
V03930,2023-12,2023,12,Riyadh,Religious,Domestic,Hotel,6,1188.53,3
V03931,2024-02,2024,2,Dammam,Business,Domestic,Hotel,3,1329.73,1
V03932,2024-07,2024,7,Madinah,Religious,Asia,Hotel,1,270.38,4
V03933,2022-01,2022,1,Riyadh,Religious,Domestic,Furnished Apartment,6,2403.71,4
V03934,2024-09,2024,9,Makkah,Religious,GCC,Hotel,3,1387.52,5
V03935,2023-06,2023,6,Abha,Religious,Asia,Hotel,3,1183.99,3
V03936,2023-12,2023,12,Riyadh,Business,Domestic,Furnished Apartment,4,1866.81,3
V03937,2024-06,2024,6,Jeddah,Leisure,Domestic,Resort,4,1702.28,2
V03938,2024-02,2024,2,Madinah,Religious,Asia,Furnished Apartment,2,395.61,3
V03939,2025-05,2025,5,Madinah,Religious,Domestic,Hotel,1,497.97,1
V03940,2024-01,2024,1,Makkah,Religious,Domestic,Furnished Apartment,3,1144.47,3
V03941,2023-08,2023,8,Dammam,Leisure,Europe,Furnished Apartment,4,1538.07,5
V03942,2025-08,2025,8,Riyadh,Religious,Domestic,Furnished Apartment,2,692.31,3
V03943,2022-04,2022,4,Madinah,Religious,Domestic,Other,2,981.28,1
V03944,2022-09,2022,9,Madinah,Leisure,Other,Resort,3,1477.21,2
V03945,2022-10,2022,10,Jeddah,Leisure,Domestic,Hotel,5,1155.94,5
V03946,2023-01,2023,1,Makkah,Leisure,GCC,Hotel,4,1345.84,3
V03947,2025-02,2025,2,Madinah,Religious,Asia,Resort,1,230.42,4
V03948,2023-01,2023,1,Jeddah,Religious,Domestic,Other,1,345.66,3
V03949,2022-05,2022,5,AlUla,Business,Domestic,Hotel,4,1565.16,1
V03950,2023-07,2023,7,AlUla,Leisure,Domestic,Hotel,4,812.28,1
V03951,2022-12,2022,12,AlUla,Leisure,Domestic,Furnished Apartment,3,1019.41,5
V03952,2024-12,2024,12,AlUla,Leisure,Domestic,Resort,3,1150.33,2
V03953,2023-02,2023,2,Riyadh,Religious,Europe,Other,3,1766.04,4
V03954,2025-06,2025,6,Riyadh,Business,Domestic,Resort,2,404.59,1
V03955,2022-03,2022,3,Dammam,Leisure,Domestic,Other,4,1728.34,1
V03956,2025-05,2025,5,Riyadh,Business,Domestic,Resort,4,1865.36,3
V03957,2022-06,2022,6,Riyadh,Religious,Europe,Resort,3,802.57,4
V03958,2024-07,2024,7,Abha,Family,Asia,Hotel,2,429.42,4
V03959,2023-02,2023,2,Riyadh,Leisure,GCC,Hotel,5,1715.44,5
V03960,2022-06,2022,6,Madinah,Family,Domestic,Resort,1,338.28,4
V03961,2024-11,2024,11,Makkah,Religious,Domestic,Furnished Apartment,4,1313.14,4
V03962,2024-04,2024,4,Abha,Leisure,Asia,Hotel,1,482.13,1
V03963,2024-03,2024,3,Makkah,Religious,Asia,Hotel,2,999.28,2
V03964,2024-06,2024,6,Riyadh,Religious,GCC,Hotel,2,361.57,4
V03965,2024-07,2024,7,Dammam,Religious,GCC,Furnished Apartment,2,539.56,3
V03966,2025-03,2025,3,Riyadh,Leisure,GCC,Furnished Apartment,3,1029.06,3
V03967,2024-12,2024,12,Abha,Business,GCC,Other,3,1051.08,3
V03968,2022-07,2022,7,AlUla,Events,Asia,Hotel,1,418.5,1
V03969,2024-01,2024,1,AlUla,Leisure,Domestic,Other,6,2040.28,3
V03970,2022-01,2022,1,Jeddah,Business,Domestic,Furnished Apartment,5,1899.72,1
V03971,2025-03,2025,3,Madinah,Religious,Asia,Furnished Apartment,5,2200.51,3
V03972,2022-09,2022,9,Makkah,Religious,Domestic,Resort,3,915.37,1
V03973,2025-02,2025,2,Madinah,Religious,GCC,Hotel,2,419.62,3
V03974,2024-04,2024,4,AlUla,Religious,Asia,Furnished Apartment,3,1189.64,1
V03975,2023-10,2023,10,AlUla,Business,Europe,Hotel,1,335.8,1
V03976,2024-01,2024,1,Madinah,Business,GCC,Hotel,4,1360.37,3
V03977,2023-08,2023,8,Madinah,Religious,Domestic,Resort,2,300.27,1
V03978,2022-07,2022,7,Madinah,Religious,Asia,Hotel,3,837.63,4
V03979,2023-04,2023,4,AlUla,Religious,Domestic,Resort,3,1020.67,4
V03980,2024-12,2024,12,Riyadh,Leisure,Domestic,Furnished Apartment,4,1396.55,2
V03981,2024-07,2024,7,Jeddah,Family,Domestic,Furnished Apartment,5,2201.76,3
V03982,2023-10,2023,10,Dammam,Family,Asia,Hotel,3,520.7,5
V03983,2025-04,2025,4,Abha,Family,Europe,Furnished Apartment,1,503.37,3
V03984,2022-12,2022,12,Madinah,Business,Domestic,Hotel,4,710.04,3
V03985,2022-01,2022,1,Abha,Leisure,GCC,Hotel,6,2406.89,1
V03986,2024-05,2024,5,Madinah,Religious,GCC,Other,5,1211.54,5
V03987,2023-10,2023,10,Makkah,Religious,Europe,Resort,4,1550.48,2
V03988,2025-06,2025,6,Jeddah,Religious,Domestic,Hotel,3,722.91,4
V03989,2023-07,2023,7,Jeddah,Leisure,Other,Hotel,1,219.58,2
V03990,2024-04,2024,4,Jeddah,Leisure,Asia,Hotel,3,888.36,5
V03991,2023-10,2023,10,Riyadh,Leisure,Asia,Resort,1,359.38,3
V03992,2023-09,2023,9,Riyadh,Leisure,Other,Hotel,1,352.05,5
V03993,2022-06,2022,6,Riyadh,Business,Europe,Furnished Apartment,2,777.51,4
V03994,2023-11,2023,11,Riyadh,Religious,Asia,Hotel,3,567.72,2
V03995,2022-04,2022,4,Makkah,Family,Domestic,Furnished Apartment,4,927.78,3
V03996,2022-09,2022,9,Makkah,Business,GCC,Hotel,4,1980.78,3
V03997,2023-04,2023,4,Jeddah,Religious,GCC,Hotel,1,471.01,2
V03998,2024-12,2024,12,AlUla,Leisure,Asia,Hotel,2,404.02,2
V03999,2022-03,2022,3,Jeddah,Religious,Domestic,Furnished Apartment,1,166.26,1
V04000,2022-09,2022,9,Makkah,Events,GCC,Hotel,5,1528.67,5
V04001,2024-09,2024,9,Madinah,Events,Other,Resort,2,857.81,1
V04002,2024-09,2024,9,AlUla,Business,Domestic,Other,2,651.25,2
V04003,2022-04,2022,4,AlUla,Leisure,Asia,Furnished Apartment,3,804.6,4
V04004,2025-01,2025,1,Riyadh,Religious,Domestic,Furnished Apartment,4,1295.32,4
V04005,2022-02,2022,2,Madinah,Religious,Asia,Furnished Apartment,2,415.04,4
V04006,2023-10,2023,10,Jeddah,Events,GCC,Hotel,5,2248.84,2
V04007,2023-07,2023,7,AlUla,Family,Domestic,Resort,7,2984.93,3
V04008,2023-04,2023,4,Abha,Business,Domestic,Furnished Apartment,2,872.89,5
V04009,2024-06,2024,6,Riyadh,Business,GCC,Resort,3,666.3,1
V04010,2022-10,2022,10,Madinah,Religious,Other,Hotel,3,588.42,1
V04011,2025-08,2025,8,Madinah,Religious,Other,Hotel,1,306.35,1
V04012,2024-10,2024,10,Riyadh,Leisure,Domestic,Furnished Apartment,2,593.97,1
V04013,2023-12,2023,12,Abha,Family,Other,Resort,5,1044.04,4
V04014,2022-05,2022,5,Riyadh,Leisure,Asia,Furnished Apartment,1,161.74,1
V04015,2024-07,2024,7,Madinah,Religious,Domestic,Furnished Apartment,5,1195.95,4
V04016,2022-04,2022,4,Makkah,Religious,Asia,Hotel,1,478.1,5
V04017,2022-07,2022,7,Jeddah,Business,Domestic,Resort,2,894.18,3
V04018,2023-04,2023,4,Riyadh,Family,Domestic,Other,4,1929.15,4
V04019,2024-11,2024,11,Dammam,Leisure,Domestic,Hotel,4,1012.17,3
V04020,2025-03,2025,3,Madinah,Religious,Europe,Furnished Apartment,3,918.38,4
V04021,2023-05,2023,5,Jeddah,Leisure,Domestic,Resort,2,351.75,5
V04022,2022-12,2022,12,Madinah,Religious,Domestic,Hotel,4,1713.05,5
V04023,2022-04,2022,4,Makkah,Religious,Asia,Furnished Apartment,1,322.24,2
V04024,2023-09,2023,9,Makkah,Religious,GCC,Hotel,5,1053.38,1
V04025,2025-04,2025,4,Jeddah,Events,Domestic,Other,1,443.83,5
V04026,2024-06,2024,6,Makkah,Religious,Europe,Resort,4,2353.9,1
V04027,2022-05,2022,5,Jeddah,Leisure,GCC,Furnished Apartment,2,393.66,3
V04028,2025-06,2025,6,Dammam,Leisure,Domestic,Other,3,919.94,5
V04029,2022-09,2022,9,Dammam,Leisure,Asia,Hotel,4,1206.64,3
V04030,2024-10,2024,10,Makkah,Business,Europe,Hotel,5,1048.29,2
V04031,2023-07,2023,7,Dammam,Religious,Asia,Furnished Apartment,1,456.74,4
V04032,2022-06,2022,6,Madinah,Religious,Domestic,Furnished Apartment,5,757.12,2
V04033,2023-02,2023,2,Riyadh,Religious,Asia,Hotel,5,2006.34,3
V04034,2025-08,2025,8,Madinah,Religious,Domestic,Hotel,7,1817.57,1
V04035,2024-12,2024,12,Jeddah,Business,Domestic,Hotel,4,1755.0,4
V04036,2025-08,2025,8,Madinah,Family,GCC,Hotel,3,1382.87,1
V04037,2025-08,2025,8,Makkah,Family,Domestic,Hotel,2,370.44,1
V04038,2024-03,2024,3,Jeddah,Business,GCC,Hotel,2,463.55,2
V04039,2024-04,2024,4,Madinah,Business,Europe,Hotel,1,241.56,1
V04040,2022-01,2022,1,Makkah,Religious,Domestic,Hotel,2,716.93,1
V04041,2024-09,2024,9,Jeddah,Religious,Domestic,Hotel,2,339.95,1
V04042,2023-06,2023,6,Jeddah,Family,Domestic,Hotel,4,1063.72,5
V04043,2022-10,2022,10,Madinah,Religious,Europe,Hotel,4,835.78,2
V04044,2024-07,2024,7,Makkah,Religious,Asia,Hotel,5,958.62,3
V04045,2022-02,2022,2,Makkah,Religious,Domestic,Hotel,4,1400.44,2
V04046,2023-03,2023,3,Abha,Family,Asia,Furnished Apartment,1,469.18,2
V04047,2025-04,2025,4,Makkah,Family,GCC,Hotel,4,1506.14,1
V04048,2023-08,2023,8,Abha,Religious,Domestic,Hotel,2,315.17,2
V04049,2023-07,2023,7,Dammam,Leisure,Europe,Hotel,4,1070.7,2
V04050,2025-03,2025,3,Madinah,Religious,Domestic,Hotel,1,248.0,5
V04051,2025-05,2025,5,Riyadh,Business,Asia,Hotel,5,891.53,4
V04052,2023-08,2023,8,Makkah,Leisure,Europe,Resort,3,1526.31,3
V04053,2024-08,2024,8,Madinah,Events,GCC,Furnished Apartment,3,1488.91,2
V04054,2024-08,2024,8,Jeddah,Leisure,Domestic,Furnished Apartment,3,1403.58,2
V04055,2022-06,2022,6,Makkah,Religious,Europe,Hotel,2,951.95,5
V04056,2023-01,2023,1,Madinah,Religious,Domestic,Furnished Apartment,3,1075.56,5
V04057,2024-02,2024,2,Dammam,Family,Domestic,Hotel,4,1565.4,2
V04058,2024-04,2024,4,Abha,Religious,GCC,Hotel,1,445.01,4
V04059,2022-07,2022,7,Madinah,Religious,Domestic,Hotel,5,1072.58,3
V04060,2022-08,2022,8,Abha,Religious,Domestic,Hotel,5,1261.81,5
V04061,2025-06,2025,6,Madinah,Religious,Domestic,Resort,3,1284.79,4
V04062,2024-04,2024,4,Madinah,Religious,Domestic,Other,3,1491.31,3
V04063,2025-01,2025,1,Jeddah,Leisure,Domestic,Furnished Apartment,5,2266.01,4
V04064,2024-08,2024,8,AlUla,Family,GCC,Hotel,2,535.1,2
V04065,2023-11,2023,11,Abha,Business,Europe,Furnished Apartment,4,2479.99,3
V04066,2022-02,2022,2,Dammam,Business,Domestic,Hotel,4,1123.19,2
V04067,2024-07,2024,7,Madinah,Family,Europe,Hotel,6,3287.23,5
V04068,2025-07,2025,7,Riyadh,Religious,Europe,Furnished Apartment,4,1199.9,4
V04069,2023-04,2023,4,Dammam,Business,Other,Furnished Apartment,3,824.91,4
V04070,2023-09,2023,9,Abha,Family,GCC,Hotel,3,920.62,5
V04071,2022-05,2022,5,Dammam,Family,Other,Furnished Apartment,5,1759.57,5
V04072,2025-06,2025,6,Makkah,Religious,Domestic,Furnished Apartment,1,162.95,4
V04073,2023-08,2023,8,Madinah,Religious,GCC,Resort,3,1468.37,4
V04074,2023-12,2023,12,Jeddah,Family,GCC,Furnished Apartment,3,794.91,2
V04075,2022-06,2022,6,Jeddah,Leisure,GCC,Other,1,242.31,3
V04076,2025-04,2025,4,Jeddah,Leisure,Asia,Furnished Apartment,3,643.91,5
V04077,2023-07,2023,7,Dammam,Events,Other,Furnished Apartment,2,340.38,4
V04078,2024-02,2024,2,Dammam,Religious,Asia,Hotel,6,2314.34,1
V04079,2023-01,2023,1,Dammam,Family,Asia,Resort,4,1194.4,2
V04080,2024-11,2024,11,Riyadh,Leisure,Domestic,Resort,3,776.0,5
V04081,2022-04,2022,4,Jeddah,Leisure,GCC,Furnished Apartment,4,687.2,5
V04082,2023-12,2023,12,Riyadh,Religious,Domestic,Furnished Apartment,4,1631.81,1
V04083,2022-09,2022,9,Riyadh,Leisure,GCC,Furnished Apartment,2,675.23,5
V04084,2023-09,2023,9,Madinah,Religious,Asia,Hotel,5,945.07,2
V04085,2025-01,2025,1,AlUla,Leisure,GCC,Hotel,3,895.26,5
V04086,2025-02,2025,2,Abha,Events,Domestic,Resort,4,1427.55,4
V04087,2022-11,2022,11,Dammam,Leisure,Europe,Hotel,3,1048.23,4
V04088,2022-03,2022,3,Makkah,Business,Europe,Resort,2,746.92,4
V04089,2023-02,2023,2,AlUla,Religious,Asia,Hotel,4,1188.82,2
V04090,2023-08,2023,8,AlUla,Leisure,Europe,Hotel,2,1085.21,4
V04091,2025-03,2025,3,Madinah,Leisure,Domestic,Furnished Apartment,3,459.08,5
V04092,2022-07,2022,7,Riyadh,Leisure,Asia,Hotel,4,651.46,5
V04093,2023-07,2023,7,Riyadh,Leisure,Domestic,Furnished Apartment,4,1252.33,3
V04094,2023-08,2023,8,Makkah,Business,Other,Furnished Apartment,3,821.4,3
V04095,2024-08,2024,8,Jeddah,Religious,Europe,Hotel,3,1421.71,1
V04096,2025-08,2025,8,Makkah,Religious,GCC,Hotel,5,1662.96,1
V04097,2023-03,2023,3,Abha,Family,GCC,Furnished Apartment,3,1376.1,4
V04098,2023-09,2023,9,Dammam,Leisure,Domestic,Resort,6,1789.34,1
V04099,2022-03,2022,3,Madinah,Religious,Asia,Furnished Apartment,5,1195.73,3
V04100,2024-05,2024,5,Makkah,Religious,Domestic,Furnished Apartment,4,1105.72,1
V04101,2022-09,2022,9,Makkah,Religious,Other,Hotel,1,344.21,1
V04102,2024-11,2024,11,Jeddah,Leisure,GCC,Hotel,1,284.52,5
V04103,2022-06,2022,6,Dammam,Religious,Domestic,Resort,3,680.97,5
V04104,2025-06,2025,6,AlUla,Business,GCC,Other,2,838.94,2
V04105,2022-07,2022,7,Jeddah,Leisure,Europe,Furnished Apartment,4,1500.87,2
V04106,2022-01,2022,1,Makkah,Religious,Other,Furnished Apartment,5,1922.86,5
V04107,2023-06,2023,6,Jeddah,Family,Domestic,Hotel,2,736.36,5
V04108,2022-06,2022,6,Madinah,Religious,GCC,Other,3,964.34,3
V04109,2022-01,2022,1,Madinah,Religious,Asia,Furnished Apartment,3,1112.16,2
V04110,2023-03,2023,3,Makkah,Business,Domestic,Resort,1,488.86,5
V04111,2023-04,2023,4,Riyadh,Religious,Domestic,Hotel,6,1978.88,5
V04112,2022-07,2022,7,Madinah,Religious,Domestic,Hotel,1,154.4,2
V04113,2024-06,2024,6,Makkah,Religious,Europe,Other,2,543.67,2
V04114,2022-03,2022,3,Abha,Business,Asia,Resort,2,831.45,1
V04115,2023-03,2023,3,Riyadh,Family,Other,Other,1,244.47,5
V04116,2023-12,2023,12,Jeddah,Leisure,Asia,Hotel,4,851.52,2
V04117,2024-05,2024,5,Jeddah,Religious,Asia,Resort,5,1907.15,3
V04118,2024-02,2024,2,Makkah,Religious,Other,Furnished Apartment,1,466.64,3
V04119,2025-04,2025,4,Dammam,Business,Asia,Hotel,5,2277.82,3
V04120,2022-08,2022,8,Riyadh,Events,Domestic,Resort,3,944.39,2
V04121,2025-02,2025,2,Jeddah,Leisure,GCC,Hotel,6,1452.73,4
V04122,2022-08,2022,8,Jeddah,Family,Domestic,Furnished Apartment,1,364.44,3
V04123,2024-06,2024,6,Abha,Religious,Europe,Furnished Apartment,2,522.28,5
V04124,2024-06,2024,6,Makkah,Religious,Domestic,Hotel,2,642.68,1
V04125,2024-06,2024,6,Makkah,Events,GCC,Hotel,3,846.42,2
V04126,2025-06,2025,6,Riyadh,Leisure,Domestic,Resort,3,592.22,3
V04127,2022-02,2022,2,Jeddah,Leisure,Domestic,Hotel,1,486.4,3
V04128,2025-02,2025,2,Madinah,Religious,Domestic,Hotel,5,1283.77,5
V04129,2025-02,2025,2,Madinah,Leisure,Asia,Hotel,4,1946.01,2
V04130,2023-05,2023,5,Madinah,Religious,Asia,Furnished Apartment,2,634.79,2
V04131,2024-01,2024,1,Madinah,Religious,GCC,Hotel,3,1030.56,1
V04132,2022-02,2022,2,Madinah,Religious,Domestic,Hotel,1,197.41,2
V04133,2023-12,2023,12,Riyadh,Religious,Europe,Hotel,2,641.28,5
V04134,2025-05,2025,5,Jeddah,Leisure,Asia,Furnished Apartment,3,1204.49,3
V04135,2022-09,2022,9,Riyadh,Leisure,Asia,Hotel,3,1317.39,5
V04136,2023-03,2023,3,Dammam,Business,Asia,Other,2,502.44,5
V04137,2024-01,2024,1,Makkah,Leisure,Asia,Resort,1,407.6,4
V04138,2023-05,2023,5,AlUla,Leisure,Domestic,Hotel,2,947.68,2
V04139,2025-06,2025,6,AlUla,Family,GCC,Hotel,5,1156.56,3
V04140,2025-01,2025,1,Dammam,Leisure,Domestic,Hotel,4,928.23,3
V04141,2023-10,2023,10,Madinah,Family,Domestic,Hotel,4,906.55,3
V04142,2023-01,2023,1,Jeddah,Business,Domestic,Hotel,4,1177.18,1
V04143,2023-12,2023,12,Jeddah,Leisure,Domestic,Furnished Apartment,2,731.94,2
V04144,2023-05,2023,5,AlUla,Events,Domestic,Hotel,2,711.44,5
V04145,2023-09,2023,9,Madinah,Religious,Domestic,Furnished Apartment,3,1258.18,3
V04146,2024-09,2024,9,Madinah,Religious,GCC,Other,1,439.15,3
V04147,2024-08,2024,8,Makkah,Religious,Asia,Other,4,981.18,1
V04148,2022-01,2022,1,Madinah,Leisure,Asia,Hotel,3,800.83,2
V04149,2022-06,2022,6,Riyadh,Religious,Europe,Resort,1,378.22,1
V04150,2025-05,2025,5,Jeddah,Leisure,Domestic,Furnished Apartment,5,2418.17,2
V04151,2024-11,2024,11,Jeddah,Religious,Domestic,Hotel,5,1632.55,4
V04152,2024-08,2024,8,Makkah,Religious,GCC,Other,6,2831.61,4
V04153,2024-01,2024,1,Riyadh,Business,Europe,Hotel,1,228.04,1
V04154,2022-04,2022,4,Riyadh,Family,Asia,Other,4,711.46,4
V04155,2024-08,2024,8,Dammam,Family,Domestic,Furnished Apartment,2,842.48,5
V04156,2024-01,2024,1,Jeddah,Business,Other,Hotel,3,1148.65,4
V04157,2025-04,2025,4,Makkah,Religious,Other,Resort,2,723.11,2
V04158,2024-05,2024,5,AlUla,Business,Asia,Hotel,2,906.29,4
V04159,2025-03,2025,3,Jeddah,Religious,Other,Hotel,3,862.07,1
V04160,2024-02,2024,2,Riyadh,Events,Domestic,Hotel,2,335.11,3
V04161,2023-07,2023,7,Jeddah,Religious,Domestic,Furnished Apartment,3,654.08,5
V04162,2024-03,2024,3,Jeddah,Leisure,GCC,Resort,2,605.93,1
V04163,2025-08,2025,8,Jeddah,Leisure,Asia,Hotel,4,1501.31,4
V04164,2022-06,2022,6,Makkah,Leisure,GCC,Hotel,4,1349.54,2
V04165,2022-02,2022,2,Abha,Business,Asia,Hotel,3,457.88,4
V04166,2024-05,2024,5,Riyadh,Religious,GCC,Other,1,421.63,5
V04167,2023-12,2023,12,Abha,Leisure,Asia,Hotel,2,860.22,5
V04168,2025-08,2025,8,Riyadh,Family,Domestic,Hotel,2,423.6,5
V04169,2022-06,2022,6,Makkah,Religious,GCC,Furnished Apartment,6,2058.07,1
V04170,2025-08,2025,8,Riyadh,Religious,GCC,Resort,3,667.17,2
V04171,2022-04,2022,4,Makkah,Religious,Other,Hotel,3,1359.85,4
V04172,2022-07,2022,7,Riyadh,Religious,Other,Furnished Apartment,1,181.9,2
V04173,2022-04,2022,4,Madinah,Religious,Domestic,Hotel,2,951.1,3
V04174,2024-12,2024,12,Madinah,Leisure,GCC,Hotel,4,1457.29,5
V04175,2022-04,2022,4,Makkah,Family,Asia,Furnished Apartment,5,848.32,3
V04176,2023-08,2023,8,Jeddah,Family,Europe,Hotel,5,3095.73,5
V04177,2023-10,2023,10,Riyadh,Family,Domestic,Hotel,3,1140.52,4
V04178,2024-07,2024,7,Madinah,Religious,Europe,Hotel,3,734.03,4
V04179,2022-02,2022,2,Riyadh,Family,Asia,Other,3,994.93,2
V04180,2022-02,2022,2,Riyadh,Business,Domestic,Other,2,354.27,3
V04181,2024-12,2024,12,Makkah,Religious,GCC,Hotel,4,600.57,2
V04182,2025-03,2025,3,AlUla,Leisure,GCC,Furnished Apartment,2,437.04,1
V04183,2023-04,2023,4,Jeddah,Religious,GCC,Hotel,2,331.95,3
V04184,2022-01,2022,1,Makkah,Religious,Domestic,Furnished Apartment,7,1896.68,5
V04185,2023-05,2023,5,Riyadh,Leisure,Domestic,Hotel,4,1176.85,3
V04186,2022-02,2022,2,Dammam,Religious,Domestic,Hotel,2,786.91,2
V04187,2024-02,2024,2,Makkah,Leisure,Asia,Resort,4,1508.38,5
V04188,2024-08,2024,8,Riyadh,Religious,Domestic,Other,3,934.09,5
V04189,2022-03,2022,3,Makkah,Religious,Domestic,Resort,4,1735.87,1
V04190,2024-02,2024,2,Makkah,Religious,Domestic,Hotel,2,575.36,4
V04191,2025-07,2025,7,Jeddah,Business,Domestic,Hotel,3,1415.47,5
V04192,2022-06,2022,6,Madinah,Religious,Domestic,Hotel,6,1262.03,3
V04193,2022-02,2022,2,Makkah,Leisure,Domestic,Hotel,2,357.65,2
V04194,2023-04,2023,4,Dammam,Religious,Domestic,Other,1,226.61,3
V04195,2023-05,2023,5,AlUla,Family,GCC,Hotel,4,969.29,2
V04196,2023-10,2023,10,Riyadh,Leisure,Domestic,Furnished Apartment,1,321.84,3
V04197,2024-07,2024,7,Madinah,Religious,Domestic,Hotel,2,506.73,3
V04198,2025-06,2025,6,Riyadh,Leisure,Asia,Resort,3,707.95,5
V04199,2025-01,2025,1,Jeddah,Family,Domestic,Other,2,428.11,1
V04200,2024-12,2024,12,Makkah,Religious,GCC,Hotel,5,1215.57,3
V04201,2022-07,2022,7,Abha,Religious,Asia,Hotel,3,1041.36,1
V04202,2022-02,2022,2,Riyadh,Religious,Domestic,Hotel,3,1265.99,5
V04203,2025-07,2025,7,Makkah,Religious,GCC,Furnished Apartment,1,155.93,3
V04204,2025-05,2025,5,Makkah,Events,Europe,Hotel,6,3808.31,4
V04205,2023-09,2023,9,Makkah,Religious,Europe,Hotel,4,909.29,3
V04206,2022-01,2022,1,Jeddah,Business,Other,Hotel,5,1212.04,4
V04207,2023-03,2023,3,Jeddah,Religious,Domestic,Hotel,2,567.25,5
V04208,2023-04,2023,4,Madinah,Religious,Europe,Hotel,4,1163.83,4
V04209,2024-10,2024,10,Madinah,Religious,Domestic,Resort,2,941.46,4
V04210,2024-09,2024,9,Riyadh,Leisure,Domestic,Hotel,2,867.95,5
V04211,2022-03,2022,3,Madinah,Family,GCC,Hotel,1,301.6,3
V04212,2022-03,2022,3,Riyadh,Events,Asia,Hotel,1,254.36,3
V04213,2024-03,2024,3,Madinah,Religious,Domestic,Hotel,3,1207.61,2
V04214,2025-04,2025,4,Makkah,Religious,Domestic,Resort,4,697.31,5
V04215,2025-02,2025,2,Riyadh,Religious,Domestic,Furnished Apartment,5,857.23,1
V04216,2025-05,2025,5,AlUla,Religious,GCC,Hotel,2,398.98,3
V04217,2023-12,2023,12,Madinah,Leisure,Domestic,Furnished Apartment,5,2402.55,4
V04218,2022-04,2022,4,Makkah,Family,GCC,Hotel,2,565.04,1
V04219,2022-03,2022,3,Dammam,Events,Asia,Furnished Apartment,3,1108.97,4
V04220,2024-06,2024,6,Madinah,Business,Domestic,Hotel,4,1900.12,3
V04221,2023-06,2023,6,Riyadh,Leisure,GCC,Hotel,3,859.79,4
V04222,2022-02,2022,2,Jeddah,Leisure,Domestic,Hotel,2,505.87,2
V04223,2023-09,2023,9,Abha,Events,Other,Hotel,4,1665.43,4
V04224,2023-06,2023,6,AlUla,Business,Domestic,Hotel,3,1229.02,2
V04225,2023-01,2023,1,AlUla,Events,Domestic,Hotel,3,886.86,1
V04226,2024-11,2024,11,Abha,Business,Europe,Hotel,4,1244.15,1
V04227,2024-10,2024,10,Abha,Business,GCC,Furnished Apartment,3,468.09,5
V04228,2024-02,2024,2,Abha,Leisure,GCC,Hotel,5,921.77,1
V04229,2024-01,2024,1,Jeddah,Leisure,Domestic,Furnished Apartment,2,567.63,1
V04230,2024-07,2024,7,Madinah,Events,Domestic,Furnished Apartment,3,656.5,3
V04231,2022-12,2022,12,Madinah,Religious,Domestic,Other,4,1749.83,3
V04232,2023-11,2023,11,Makkah,Religious,Domestic,Hotel,5,1129.38,2
V04233,2025-03,2025,3,Dammam,Business,Europe,Hotel,5,2147.66,3
V04234,2022-03,2022,3,Madinah,Religious,Domestic,Hotel,1,157.11,1
V04235,2022-01,2022,1,Jeddah,Leisure,GCC,Furnished Apartment,3,1122.88,3
V04236,2023-07,2023,7,Abha,Business,Domestic,Hotel,1,201.15,1
V04237,2024-09,2024,9,Madinah,Leisure,Other,Hotel,4,861.53,4
V04238,2024-01,2024,1,Riyadh,Events,Asia,Furnished Apartment,2,670.88,2
V04239,2022-01,2022,1,Makkah,Religious,GCC,Other,3,889.32,1
V04240,2024-09,2024,9,Makkah,Religious,Domestic,Hotel,4,1617.42,3
V04241,2022-10,2022,10,Dammam,Events,Domestic,Resort,4,1351.02,5
V04242,2023-10,2023,10,Makkah,Religious,Asia,Resort,2,557.01,3
V04243,2023-04,2023,4,Jeddah,Events,GCC,Hotel,2,511.98,3
V04244,2022-04,2022,4,Makkah,Religious,GCC,Hotel,1,450.44,2
V04245,2025-08,2025,8,Jeddah,Business,GCC,Furnished Apartment,3,930.57,2
V04246,2024-01,2024,1,Makkah,Religious,Domestic,Other,3,526.63,5
V04247,2022-07,2022,7,Jeddah,Religious,GCC,Other,3,902.95,5
V04248,2023-06,2023,6,Madinah,Religious,GCC,Other,5,1327.68,3
V04249,2023-03,2023,3,Abha,Religious,Domestic,Hotel,1,344.58,4
V04250,2023-06,2023,6,Madinah,Religious,Domestic,Hotel,4,1063.29,2
V04251,2025-08,2025,8,Riyadh,Leisure,GCC,Resort,2,734.99,3
V04252,2023-12,2023,12,Abha,Business,Europe,Hotel,1,260.86,2
V04253,2024-10,2024,10,Jeddah,Religious,Domestic,Other,2,674.82,4
V04254,2025-01,2025,1,Madinah,Religious,Domestic,Hotel,5,1260.15,3
V04255,2024-03,2024,3,Madinah,Religious,Asia,Other,5,1218.84,2
V04256,2024-06,2024,6,Abha,Family,Domestic,Hotel,5,2387.85,2
V04257,2023-03,2023,3,Riyadh,Events,Europe,Furnished Apartment,4,858.06,4
V04258,2022-07,2022,7,Riyadh,Religious,Domestic,Hotel,2,599.13,2
V04259,2024-05,2024,5,Madinah,Religious,GCC,Hotel,4,974.75,4
V04260,2022-08,2022,8,Jeddah,Religious,GCC,Other,4,892.21,5
V04261,2024-02,2024,2,Dammam,Business,Domestic,Hotel,5,817.79,4
V04262,2025-03,2025,3,Jeddah,Leisure,Domestic,Hotel,3,508.21,5
V04263,2022-06,2022,6,Riyadh,Business,Other,Hotel,2,595.05,5
V04264,2024-12,2024,12,Abha,Family,GCC,Other,4,736.31,4
V04265,2023-12,2023,12,Dammam,Religious,Domestic,Hotel,2,575.06,4
V04266,2024-02,2024,2,Jeddah,Religious,Asia,Resort,4,1020.04,5
V04267,2023-07,2023,7,AlUla,Events,Domestic,Hotel,2,584.84,4
V04268,2023-04,2023,4,AlUla,Religious,Domestic,Hotel,3,610.18,5
V04269,2025-01,2025,1,Riyadh,Events,GCC,Resort,2,589.44,2
V04270,2023-10,2023,10,Riyadh,Family,Domestic,Furnished Apartment,3,848.41,5
V04271,2023-01,2023,1,Jeddah,Leisure,GCC,Other,4,1086.61,5
V04272,2022-10,2022,10,AlUla,Family,Asia,Hotel,4,960.73,2
V04273,2024-08,2024,8,Dammam,Religious,Europe,Furnished Apartment,4,1888.79,3
V04274,2022-02,2022,2,Abha,Leisure,Europe,Hotel,2,899.86,3
V04275,2025-01,2025,1,Madinah,Religious,Domestic,Furnished Apartment,4,1612.1,4
V04276,2022-03,2022,3,Jeddah,Events,GCC,Hotel,4,1186.0,3
V04277,2022-03,2022,3,Makkah,Leisure,Asia,Hotel,5,882.63,2
V04278,2023-07,2023,7,Makkah,Religious,Asia,Hotel,1,356.03,1
V04279,2024-06,2024,6,Jeddah,Business,Other,Hotel,3,685.13,1
V04280,2022-07,2022,7,Riyadh,Leisure,Europe,Furnished Apartment,2,1229.18,1
V04281,2024-10,2024,10,Madinah,Business,Asia,Hotel,4,831.7,5
V04282,2025-08,2025,8,Makkah,Religious,Other,Hotel,4,954.56,5
V04283,2024-06,2024,6,Makkah,Leisure,Domestic,Hotel,3,1068.52,5
V04284,2022-08,2022,8,Madinah,Religious,GCC,Hotel,3,675.65,3
V04285,2024-10,2024,10,Madinah,Religious,GCC,Furnished Apartment,2,406.54,5
V04286,2024-07,2024,7,Jeddah,Religious,Europe,Furnished Apartment,4,1547.41,4
V04287,2024-10,2024,10,Riyadh,Leisure,Domestic,Hotel,4,1431.84,4
V04288,2023-12,2023,12,Makkah,Business,Domestic,Furnished Apartment,4,1133.2,2
V04289,2025-08,2025,8,Riyadh,Religious,Europe,Hotel,3,1003.18,2
V04290,2023-03,2023,3,Riyadh,Religious,Asia,Other,4,911.45,5
V04291,2024-10,2024,10,Makkah,Religious,Domestic,Furnished Apartment,2,881.09,3
V04292,2025-06,2025,6,Makkah,Religious,Domestic,Hotel,3,1408.98,1
V04293,2023-03,2023,3,Madinah,Religious,Other,Furnished Apartment,1,456.04,2
V04294,2022-02,2022,2,Madinah,Religious,Domestic,Hotel,6,1124.04,3
V04295,2024-02,2024,2,Riyadh,Family,Domestic,Hotel,5,1683.81,2
V04296,2024-11,2024,11,Makkah,Leisure,GCC,Hotel,5,1582.49,3
V04297,2024-10,2024,10,Jeddah,Leisure,Domestic,Furnished Apartment,2,447.65,3
V04298,2025-04,2025,4,Dammam,Business,Domestic,Hotel,2,668.53,3
V04299,2022-08,2022,8,Riyadh,Family,Domestic,Other,4,1332.21,4
V04300,2024-12,2024,12,Riyadh,Religious,Europe,Hotel,5,1055.08,2
V04301,2022-12,2022,12,Madinah,Religious,Domestic,Resort,3,934.45,4
V04302,2023-05,2023,5,Riyadh,Religious,Other,Hotel,2,515.51,4
V04303,2025-08,2025,8,Jeddah,Business,Asia,Hotel,1,471.69,5
V04304,2023-09,2023,9,Riyadh,Events,GCC,Hotel,2,653.37,2
V04305,2024-07,2024,7,Makkah,Religious,Domestic,Furnished Apartment,5,2251.29,1
V04306,2023-11,2023,11,AlUla,Leisure,Domestic,Resort,3,616.8,4
V04307,2025-02,2025,2,Riyadh,Business,Europe,Resort,2,921.23,5
V04308,2024-07,2024,7,Abha,Events,Domestic,Hotel,4,1345.13,5
V04309,2023-03,2023,3,Makkah,Religious,Europe,Other,6,2820.52,2
V04310,2022-02,2022,2,Madinah,Religious,Asia,Hotel,4,1904.52,5
V04311,2023-11,2023,11,Makkah,Religious,Europe,Hotel,1,529.05,3
V04312,2022-02,2022,2,Makkah,Events,Europe,Hotel,4,2393.87,4
V04313,2024-06,2024,6,Jeddah,Business,Domestic,Hotel,3,1478.42,2
V04314,2024-03,2024,3,Madinah,Business,Domestic,Other,5,1765.65,4
V04315,2022-03,2022,3,Riyadh,Business,Domestic,Hotel,1,338.63,3
V04316,2025-02,2025,2,Jeddah,Family,GCC,Hotel,2,852.5,4
V04317,2024-03,2024,3,Madinah,Religious,Asia,Hotel,1,399.54,4
V04318,2022-02,2022,2,Dammam,Religious,Europe,Resort,6,3307.59,3
V04319,2022-05,2022,5,AlUla,Leisure,Domestic,Hotel,3,479.62,5
V04320,2023-04,2023,4,Abha,Leisure,GCC,Hotel,2,523.01,4
V04321,2022-06,2022,6,Riyadh,Leisure,Asia,Hotel,4,979.16,4
V04322,2023-07,2023,7,Makkah,Events,GCC,Furnished Apartment,5,1569.87,1
V04323,2023-05,2023,5,Riyadh,Family,Domestic,Furnished Apartment,1,200.01,5
V04324,2024-03,2024,3,Jeddah,Leisure,GCC,Hotel,4,1615.77,5
V04325,2024-11,2024,11,Riyadh,Leisure,Domestic,Furnished Apartment,1,358.88,5
V04326,2024-05,2024,5,Jeddah,Religious,Asia,Furnished Apartment,5,1183.09,2
V04327,2024-06,2024,6,Riyadh,Leisure,Domestic,Hotel,4,1180.96,5
V04328,2022-02,2022,2,Makkah,Family,GCC,Furnished Apartment,4,1090.96,5
V04329,2024-12,2024,12,Dammam,Religious,Europe,Hotel,4,1862.41,1
V04330,2023-11,2023,11,Riyadh,Religious,GCC,Hotel,3,1294.76,3
V04331,2024-06,2024,6,Madinah,Religious,Domestic,Other,3,875.86,4
V04332,2024-05,2024,5,AlUla,Leisure,Domestic,Furnished Apartment,5,2466.19,3
V04333,2025-06,2025,6,Jeddah,Religious,Domestic,Hotel,2,347.82,4
V04334,2025-02,2025,2,Riyadh,Leisure,Europe,Hotel,4,903.48,2
V04335,2025-08,2025,8,Abha,Leisure,Asia,Furnished Apartment,3,758.59,2
V04336,2023-10,2023,10,Madinah,Religious,Domestic,Other,4,1730.76,4
V04337,2025-08,2025,8,Riyadh,Events,Domestic,Other,1,475.82,5
V04338,2025-02,2025,2,Makkah,Religious,GCC,Hotel,4,606.46,3
V04339,2023-02,2023,2,Riyadh,Family,Asia,Hotel,4,1351.69,3
V04340,2025-08,2025,8,Makkah,Leisure,Domestic,Hotel,1,300.06,5
V04341,2024-02,2024,2,Riyadh,Leisure,Domestic,Hotel,1,200.47,4
V04342,2024-12,2024,12,Madinah,Religious,GCC,Hotel,4,1240.25,5
V04343,2025-05,2025,5,Makkah,Religious,Domestic,Hotel,2,418.62,5
V04344,2024-06,2024,6,Riyadh,Religious,Domestic,Other,2,820.99,2
V04345,2024-05,2024,5,AlUla,Family,Domestic,Hotel,2,958.57,3
V04346,2025-06,2025,6,Riyadh,Family,Domestic,Hotel,3,1299.85,2
V04347,2023-12,2023,12,AlUla,Religious,GCC,Furnished Apartment,6,2070.61,5
V04348,2024-04,2024,4,Dammam,Religious,GCC,Hotel,4,1850.23,3
V04349,2023-12,2023,12,Dammam,Family,GCC,Other,4,883.71,2
V04350,2024-02,2024,2,Madinah,Religious,GCC,Resort,2,782.72,4
V04351,2025-05,2025,5,Jeddah,Family,Asia,Furnished Apartment,4,1961.7,1
V04352,2024-02,2024,2,Madinah,Religious,GCC,Furnished Apartment,2,950.64,3
V04353,2025-01,2025,1,AlUla,Leisure,Europe,Hotel,3,1293.8,4
V04354,2024-01,2024,1,AlUla,Religious,Domestic,Hotel,3,1469.2,2
V04355,2023-01,2023,1,Riyadh,Religious,Europe,Hotel,3,1813.72,1
V04356,2023-08,2023,8,Dammam,Events,Asia,Furnished Apartment,5,1155.14,5
V04357,2022-07,2022,7,Jeddah,Leisure,Domestic,Hotel,4,1277.79,3
V04358,2024-07,2024,7,AlUla,Religious,Domestic,Resort,3,647.41,5
V04359,2022-08,2022,8,Madinah,Leisure,Domestic,Hotel,2,660.72,1
V04360,2022-06,2022,6,Jeddah,Business,GCC,Hotel,1,396.79,2
V04361,2022-09,2022,9,Madinah,Religious,Other,Hotel,3,991.22,4
V04362,2023-02,2023,2,Madinah,Religious,Asia,Resort,2,508.39,1
V04363,2022-07,2022,7,Jeddah,Leisure,Domestic,Furnished Apartment,3,735.2,1
V04364,2022-07,2022,7,AlUla,Leisure,Asia,Furnished Apartment,3,1112.27,4
V04365,2024-07,2024,7,AlUla,Religious,Domestic,Furnished Apartment,2,449.84,3
V04366,2023-06,2023,6,Madinah,Religious,Asia,Furnished Apartment,1,278.47,2
V04367,2022-11,2022,11,AlUla,Family,Europe,Hotel,5,2502.0,3
V04368,2022-05,2022,5,Riyadh,Family,Europe,Furnished Apartment,6,2227.45,1
V04369,2023-04,2023,4,Riyadh,Leisure,GCC,Hotel,4,1728.51,3
V04370,2023-12,2023,12,Makkah,Leisure,Domestic,Hotel,1,167.07,1
V04371,2024-11,2024,11,Riyadh,Leisure,Domestic,Hotel,2,804.73,4
V04372,2023-09,2023,9,Makkah,Religious,Asia,Hotel,2,830.69,5
V04373,2024-05,2024,5,Jeddah,Family,Asia,Hotel,1,210.15,3
V04374,2023-11,2023,11,Riyadh,Religious,Domestic,Furnished Apartment,4,1222.92,1
V04375,2022-02,2022,2,Madinah,Leisure,Europe,Hotel,2,1222.27,5
V04376,2025-05,2025,5,Abha,Religious,Domestic,Furnished Apartment,4,1531.76,5
V04377,2022-05,2022,5,Madinah,Religious,Asia,Hotel,1,172.14,3
V04378,2024-05,2024,5,Riyadh,Religious,Domestic,Furnished Apartment,2,705.82,1
V04379,2022-09,2022,9,Riyadh,Leisure,Europe,Resort,7,3132.4,5
V04380,2022-05,2022,5,Madinah,Religious,Asia,Hotel,5,2275.95,5
V04381,2024-03,2024,3,Madinah,Religious,Asia,Furnished Apartment,1,372.62,4
V04382,2023-05,2023,5,Abha,Leisure,Domestic,Furnished Apartment,5,1853.92,2
V04383,2025-02,2025,2,Makkah,Religious,Other,Resort,3,1253.38,5
V04384,2025-06,2025,6,Dammam,Religious,Domestic,Hotel,6,1621.97,1
V04385,2024-10,2024,10,Madinah,Religious,GCC,Hotel,3,1444.98,1
V04386,2022-06,2022,6,Makkah,Religious,GCC,Hotel,1,207.25,5
V04387,2024-02,2024,2,Abha,Religious,Domestic,Furnished Apartment,5,982.87,4
V04388,2024-02,2024,2,Dammam,Family,Asia,Other,2,920.81,3
V04389,2022-02,2022,2,Riyadh,Religious,Domestic,Hotel,6,2741.86,4
V04390,2024-01,2024,1,Abha,Religious,Domestic,Hotel,2,694.9,5
V04391,2025-04,2025,4,Jeddah,Religious,Other,Furnished Apartment,2,626.85,5
V04392,2024-03,2024,3,Riyadh,Religious,Domestic,Hotel,4,691.14,4
V04393,2023-02,2023,2,Jeddah,Religious,GCC,Hotel,4,821.8,5
V04394,2024-11,2024,11,Makkah,Religious,Europe,Hotel,4,1359.55,1
V04395,2023-09,2023,9,Jeddah,Business,Domestic,Hotel,3,495.96,2
V04396,2022-09,2022,9,Madinah,Business,Other,Hotel,1,267.21,1
V04397,2023-12,2023,12,Makkah,Religious,Other,Hotel,3,1349.56,1
V04398,2022-03,2022,3,Riyadh,Business,Europe,Furnished Apartment,4,1931.66,5
V04399,2023-11,2023,11,Makkah,Leisure,Asia,Other,3,824.96,5
V04400,2025-04,2025,4,Makkah,Leisure,GCC,Resort,4,753.72,3
V04401,2025-08,2025,8,Riyadh,Leisure,Asia,Hotel,5,871.63,1
V04402,2025-06,2025,6,Madinah,Religious,Domestic,Furnished Apartment,2,894.85,1
V04403,2023-04,2023,4,Madinah,Religious,Domestic,Hotel,3,1257.27,3
V04404,2025-07,2025,7,Jeddah,Business,Europe,Resort,2,935.74,3
V04405,2024-04,2024,4,Dammam,Religious,Domestic,Resort,5,2243.37,3
V04406,2023-05,2023,5,Makkah,Religious,Asia,Furnished Apartment,3,544.96,5
V04407,2023-12,2023,12,Riyadh,Events,GCC,Hotel,3,1390.65,1
V04408,2022-10,2022,10,Dammam,Religious,Domestic,Hotel,2,497.24,1
V04409,2023-05,2023,5,Makkah,Business,GCC,Hotel,3,861.57,5
V04410,2024-05,2024,5,Makkah,Religious,Domestic,Furnished Apartment,3,613.05,4
V04411,2025-05,2025,5,AlUla,Leisure,GCC,Hotel,2,871.74,3
V04412,2022-03,2022,3,Makkah,Religious,Domestic,Other,2,980.21,5
V04413,2022-07,2022,7,Riyadh,Events,Asia,Other,1,306.86,2
V04414,2023-02,2023,2,Riyadh,Events,GCC,Hotel,3,688.09,3
V04415,2023-01,2023,1,Abha,Leisure,Domestic,Hotel,3,955.73,1
V04416,2024-09,2024,9,Madinah,Religious,Europe,Hotel,4,870.05,5
V04417,2023-09,2023,9,Riyadh,Family,Asia,Resort,3,1245.93,4
V04418,2025-03,2025,3,Makkah,Events,GCC,Resort,3,834.89,4
V04419,2023-08,2023,8,Riyadh,Business,Domestic,Other,5,1266.63,2
V04420,2025-07,2025,7,AlUla,Events,GCC,Resort,2,698.44,2
V04421,2022-04,2022,4,Makkah,Business,Asia,Hotel,5,1930.48,3
V04422,2025-05,2025,5,AlUla,Leisure,Other,Furnished Apartment,4,1759.84,5
V04423,2023-01,2023,1,Madinah,Leisure,Domestic,Furnished Apartment,2,842.22,5
V04424,2024-06,2024,6,Jeddah,Leisure,Asia,Hotel,1,269.89,5
V04425,2023-10,2023,10,Madinah,Family,Asia,Furnished Apartment,1,195.37,1
V04426,2023-05,2023,5,Madinah,Religious,Domestic,Hotel,2,858.36,3
V04427,2023-07,2023,7,Makkah,Religious,Domestic,Hotel,1,439.25,4
V04428,2025-04,2025,4,Makkah,Leisure,Domestic,Resort,1,275.07,3
V04429,2022-01,2022,1,Dammam,Events,Europe,Hotel,4,1802.02,4
V04430,2025-01,2025,1,Jeddah,Family,GCC,Hotel,5,2477.68,4
V04431,2023-11,2023,11,Makkah,Religious,Domestic,Other,5,1295.49,4
V04432,2025-06,2025,6,Madinah,Business,Europe,Furnished Apartment,7,3654.13,4
V04433,2024-04,2024,4,AlUla,Family,Domestic,Resort,2,886.85,4
V04434,2023-04,2023,4,Riyadh,Religious,GCC,Resort,1,417.97,3
V04435,2023-05,2023,5,Madinah,Religious,Europe,Furnished Apartment,3,900.1,4
V04436,2024-03,2024,3,AlUla,Religious,GCC,Other,1,384.23,1
V04437,2022-02,2022,2,Abha,Religious,GCC,Resort,3,1013.13,3
V04438,2023-05,2023,5,Abha,Leisure,Domestic,Hotel,2,492.26,3
V04439,2022-12,2022,12,Makkah,Family,Europe,Hotel,3,1725.69,5
V04440,2022-12,2022,12,Makkah,Religious,Domestic,Resort,4,1731.96,1
V04441,2023-11,2023,11,Riyadh,Religious,Domestic,Furnished Apartment,2,745.11,3
V04442,2023-11,2023,11,AlUla,Family,GCC,Hotel,3,606.45,3
V04443,2023-09,2023,9,Makkah,Religious,Domestic,Other,2,456.48,3
V04444,2023-03,2023,3,Abha,Business,Domestic,Furnished Apartment,5,863.52,5
V04445,2023-04,2023,4,Riyadh,Religious,Domestic,Furnished Apartment,4,1634.41,2
V04446,2024-08,2024,8,Jeddah,Events,Asia,Hotel,2,313.23,3
V04447,2024-07,2024,7,Madinah,Religious,Europe,Resort,4,2456.39,5
V04448,2022-01,2022,1,AlUla,Events,Domestic,Hotel,5,2462.72,5
V04449,2022-08,2022,8,AlUla,Family,Asia,Hotel,6,2369.86,1
V04450,2022-10,2022,10,Makkah,Family,Domestic,Furnished Apartment,4,1214.06,1
V04451,2023-05,2023,5,Makkah,Religious,Other,Other,2,630.53,4
V04452,2024-08,2024,8,Makkah,Religious,Asia,Hotel,4,1050.44,2
V04453,2025-02,2025,2,Makkah,Religious,Asia,Resort,4,1237.2,1
V04454,2022-08,2022,8,Dammam,Religious,Europe,Hotel,3,1219.44,5
V04455,2025-08,2025,8,Makkah,Religious,GCC,Hotel,3,1340.57,4
V04456,2022-08,2022,8,Makkah,Religious,Europe,Hotel,3,1255.83,1
V04457,2023-03,2023,3,Makkah,Religious,Europe,Resort,1,541.31,4
V04458,2023-02,2023,2,Makkah,Religious,GCC,Hotel,1,194.74,1
V04459,2025-05,2025,5,Dammam,Family,Asia,Hotel,2,326.16,5
V04460,2024-08,2024,8,Madinah,Leisure,Asia,Hotel,2,804.17,3
V04461,2024-08,2024,8,Riyadh,Business,Domestic,Hotel,4,1941.02,4
V04462,2024-02,2024,2,Jeddah,Business,Domestic,Hotel,4,776.83,5
V04463,2024-08,2024,8,Makkah,Religious,Domestic,Furnished Apartment,5,795.33,5
V04464,2023-06,2023,6,Riyadh,Religious,Domestic,Hotel,5,2348.91,5
V04465,2023-11,2023,11,Dammam,Religious,GCC,Hotel,4,685.06,2
V04466,2022-03,2022,3,Madinah,Religious,Asia,Hotel,5,1364.69,2
V04467,2022-07,2022,7,Riyadh,Family,Other,Furnished Apartment,1,179.24,2
V04468,2025-07,2025,7,Jeddah,Family,Domestic,Hotel,1,198.29,5
V04469,2022-02,2022,2,Madinah,Religious,Domestic,Hotel,2,875.87,5
V04470,2023-11,2023,11,Makkah,Religious,Domestic,Hotel,1,261.7,4
V04471,2024-06,2024,6,AlUla,Leisure,Domestic,Hotel,3,513.03,2
V04472,2022-09,2022,9,Riyadh,Leisure,Europe,Hotel,4,1821.06,2
V04473,2024-11,2024,11,Abha,Leisure,Other,Furnished Apartment,2,331.54,5
V04474,2025-06,2025,6,Makkah,Religious,Asia,Other,1,473.25,4
V04475,2024-07,2024,7,AlUla,Leisure,Other,Resort,3,456.27,1
V04476,2023-04,2023,4,Dammam,Events,GCC,Hotel,4,1717.25,4
V04477,2025-05,2025,5,Riyadh,Family,Domestic,Hotel,5,1137.24,5
V04478,2025-05,2025,5,Dammam,Religious,GCC,Hotel,3,687.43,4
V04479,2025-02,2025,2,Riyadh,Religious,GCC,Hotel,5,1849.02,2
V04480,2025-02,2025,2,Dammam,Religious,GCC,Other,3,966.94,3
V04481,2024-05,2024,5,Jeddah,Religious,Asia,Furnished Apartment,4,1803.46,2
V04482,2022-02,2022,2,Madinah,Business,GCC,Furnished Apartment,4,1497.69,1
V04483,2024-08,2024,8,Makkah,Religious,GCC,Furnished Apartment,2,801.96,3
V04484,2022-02,2022,2,Abha,Family,Domestic,Resort,2,625.81,3
V04485,2024-01,2024,1,Madinah,Religious,Europe,Hotel,2,1151.62,2
V04486,2025-08,2025,8,Makkah,Religious,Domestic,Resort,4,1567.85,2
V04487,2022-09,2022,9,Dammam,Religious,Europe,Furnished Apartment,1,638.08,4
V04488,2025-04,2025,4,Madinah,Business,Asia,Hotel,2,645.09,4
V04489,2022-04,2022,4,Makkah,Leisure,Domestic,Other,2,378.21,2
V04490,2022-02,2022,2,Makkah,Leisure,Other,Furnished Apartment,4,1311.7,3
V04491,2024-01,2024,1,Madinah,Religious,Domestic,Hotel,1,181.74,3
V04492,2025-02,2025,2,Abha,Family,Asia,Hotel,4,1724.65,4
V04493,2022-08,2022,8,Abha,Religious,Other,Hotel,5,1167.11,4
V04494,2023-11,2023,11,Makkah,Religious,Domestic,Resort,4,1445.28,4
V04495,2023-07,2023,7,Jeddah,Leisure,Domestic,Hotel,2,476.58,3
V04496,2023-11,2023,11,Riyadh,Religious,Other,Furnished Apartment,5,2127.58,4
V04497,2022-07,2022,7,Riyadh,Leisure,Domestic,Hotel,5,1220.59,4
V04498,2022-04,2022,4,Makkah,Family,Europe,Hotel,4,1726.03,2
V04499,2024-12,2024,12,Makkah,Leisure,Domestic,Hotel,2,645.88,3
V04500,2023-05,2023,5,Dammam,Religious,Domestic,Furnished Apartment,6,2858.67,2
V04501,2024-09,2024,9,Madinah,Religious,Asia,Hotel,2,394.44,5
V04502,2025-06,2025,6,AlUla,Religious,Asia,Hotel,2,809.68,4
V04503,2024-03,2024,3,Jeddah,Leisure,Domestic,Resort,2,735.18,2
V04504,2022-01,2022,1,Abha,Family,Domestic,Resort,4,1820.05,3
V04505,2023-04,2023,4,Jeddah,Leisure,Domestic,Furnished Apartment,3,561.12,5
V04506,2024-03,2024,3,Dammam,Business,Other,Furnished Apartment,2,321.69,4
V04507,2024-01,2024,1,Makkah,Religious,Europe,Other,2,839.64,4
V04508,2022-03,2022,3,Abha,Leisure,Domestic,Hotel,2,536.22,2
V04509,2025-04,2025,4,Madinah,Religious,GCC,Other,4,614.87,1
V04510,2024-04,2024,4,Jeddah,Leisure,Asia,Other,3,615.04,1
V04511,2024-10,2024,10,Riyadh,Family,Domestic,Furnished Apartment,3,821.39,3
V04512,2022-01,2022,1,Dammam,Leisure,Other,Resort,5,1468.97,3
V04513,2024-01,2024,1,Madinah,Religious,GCC,Furnished Apartment,1,264.0,2
V04514,2025-01,2025,1,Makkah,Religious,Asia,Furnished Apartment,2,757.29,1
V04515,2025-08,2025,8,Abha,Family,GCC,Hotel,4,1455.72,5
V04516,2024-11,2024,11,Makkah,Religious,Other,Hotel,3,1206.85,1
V04517,2024-02,2024,2,Riyadh,Business,Domestic,Hotel,4,1298.29,2
V04518,2023-02,2023,2,Abha,Leisure,Europe,Hotel,3,697.98,5
V04519,2022-06,2022,6,AlUla,Business,Domestic,Hotel,4,1092.32,5
V04520,2022-09,2022,9,Riyadh,Religious,Domestic,Hotel,5,2206.68,2
V04521,2024-11,2024,11,Makkah,Religious,GCC,Hotel,2,422.35,5
V04522,2025-07,2025,7,AlUla,Religious,Europe,Hotel,5,2144.77,1
V04523,2024-03,2024,3,Riyadh,Leisure,Domestic,Furnished Apartment,5,784.78,2
V04524,2022-01,2022,1,Madinah,Religious,Other,Resort,1,267.92,3
V04525,2023-01,2023,1,Madinah,Religious,GCC,Other,4,953.93,4
V04526,2024-03,2024,3,Abha,Religious,Domestic,Other,4,1009.36,4
V04527,2024-09,2024,9,Makkah,Religious,Domestic,Furnished Apartment,3,827.11,2
V04528,2023-08,2023,8,Abha,Religious,Domestic,Hotel,7,1465.29,1
V04529,2023-06,2023,6,Makkah,Religious,Domestic,Hotel,3,1284.46,4
V04530,2022-10,2022,10,Jeddah,Leisure,Domestic,Resort,4,887.54,2
V04531,2022-11,2022,11,Madinah,Religious,Asia,Hotel,3,723.8,3
V04532,2024-01,2024,1,Abha,Religious,Domestic,Hotel,1,153.13,4
V04533,2025-03,2025,3,Makkah,Religious,Asia,Hotel,3,1328.61,5
V04534,2025-07,2025,7,Riyadh,Family,Europe,Resort,4,2210.47,2
V04535,2024-08,2024,8,Jeddah,Business,Domestic,Hotel,3,1133.75,5
V04536,2023-11,2023,11,Madinah,Religious,Other,Hotel,3,1378.4,4
V04537,2025-02,2025,2,Riyadh,Events,Domestic,Hotel,1,446.87,2
V04538,2022-12,2022,12,Riyadh,Leisure,Europe,Hotel,6,2475.93,4
V04539,2024-07,2024,7,AlUla,Leisure,Asia,Hotel,2,363.91,3
V04540,2022-02,2022,2,Makkah,Religious,Domestic,Hotel,2,690.47,2
V04541,2025-08,2025,8,Makkah,Religious,GCC,Hotel,5,1895.78,2
V04542,2025-05,2025,5,Madinah,Religious,Asia,Furnished Apartment,1,340.05,3
V04543,2023-10,2023,10,AlUla,Family,GCC,Hotel,2,759.58,5
V04544,2023-05,2023,5,Makkah,Religious,Domestic,Furnished Apartment,1,415.59,4
V04545,2025-08,2025,8,Abha,Religious,Europe,Hotel,3,956.38,1
V04546,2022-04,2022,4,Abha,Family,Asia,Furnished Apartment,3,856.67,5
V04547,2023-09,2023,9,Makkah,Business,GCC,Furnished Apartment,1,414.38,2
V04548,2024-01,2024,1,Riyadh,Religious,Asia,Resort,6,2668.98,3
V04549,2022-11,2022,11,Riyadh,Events,Asia,Furnished Apartment,3,466.59,3
V04550,2024-07,2024,7,Makkah,Religious,Asia,Other,3,1133.36,2
V04551,2023-12,2023,12,Riyadh,Family,Domestic,Hotel,4,1216.98,2
V04552,2023-07,2023,7,Makkah,Religious,Asia,Resort,3,952.18,1
V04553,2023-12,2023,12,Jeddah,Leisure,GCC,Hotel,3,637.38,5
V04554,2024-05,2024,5,Makkah,Religious,Asia,Furnished Apartment,3,989.55,3
V04555,2023-11,2023,11,Abha,Family,Domestic,Hotel,3,599.09,4
V04556,2022-10,2022,10,Madinah,Religious,Asia,Hotel,3,680.92,4
V04557,2024-09,2024,9,Jeddah,Leisure,Domestic,Resort,2,314.5,4
V04558,2024-03,2024,3,Makkah,Events,Asia,Resort,1,217.31,1
V04559,2025-04,2025,4,Madinah,Religious,GCC,Other,3,1106.53,5
V04560,2023-01,2023,1,Riyadh,Religious,Domestic,Hotel,2,534.14,1
V04561,2023-03,2023,3,Jeddah,Leisure,Asia,Hotel,1,432.03,1
V04562,2025-05,2025,5,Makkah,Religious,Other,Other,3,611.35,4
V04563,2025-01,2025,1,Madinah,Religious,GCC,Furnished Apartment,6,2494.19,4
V04564,2025-05,2025,5,Madinah,Religious,Domestic,Resort,4,1943.6,4
V04565,2022-11,2022,11,Madinah,Religious,GCC,Furnished Apartment,3,575.21,3
V04566,2024-01,2024,1,Dammam,Leisure,Domestic,Hotel,5,1195.79,2
V04567,2023-06,2023,6,Jeddah,Leisure,Asia,Furnished Apartment,4,1996.25,5
V04568,2023-11,2023,11,Makkah,Religious,GCC,Hotel,3,1295.77,1
V04569,2022-11,2022,11,Madinah,Religious,Domestic,Hotel,6,989.68,1
V04570,2025-08,2025,8,Riyadh,Leisure,GCC,Furnished Apartment,3,880.23,3
V04571,2025-01,2025,1,Riyadh,Events,GCC,Resort,4,1451.06,5
V04572,2022-12,2022,12,Riyadh,Family,Other,Furnished Apartment,2,676.76,4
V04573,2023-11,2023,11,Madinah,Religious,Domestic,Hotel,2,563.82,2
V04574,2022-09,2022,9,Makkah,Religious,Domestic,Hotel,6,2992.48,1
V04575,2023-10,2023,10,Makkah,Family,Asia,Furnished Apartment,2,532.5,1
V04576,2023-06,2023,6,AlUla,Family,Asia,Hotel,3,1140.1,2
V04577,2024-12,2024,12,Madinah,Religious,Domestic,Resort,4,1231.09,2
V04578,2024-11,2024,11,Madinah,Religious,Europe,Furnished Apartment,4,977.34,4
V04579,2024-09,2024,9,Makkah,Religious,Domestic,Hotel,3,1045.84,2
V04580,2025-05,2025,5,Dammam,Events,Domestic,Hotel,4,815.59,1
V04581,2022-03,2022,3,Riyadh,Religious,Asia,Hotel,4,1814.56,2
V04582,2022-11,2022,11,Jeddah,Leisure,Europe,Hotel,3,1063.09,5
V04583,2023-01,2023,1,Makkah,Leisure,Domestic,Furnished Apartment,1,455.26,5
V04584,2023-05,2023,5,Jeddah,Leisure,GCC,Hotel,3,1004.45,1
V04585,2025-08,2025,8,Jeddah,Leisure,Domestic,Furnished Apartment,5,1911.98,1
V04586,2022-11,2022,11,Makkah,Religious,Domestic,Hotel,3,1265.24,4
V04587,2023-04,2023,4,Makkah,Religious,Domestic,Hotel,3,1295.57,2
V04588,2022-02,2022,2,Jeddah,Business,Europe,Furnished Apartment,4,1932.61,3
V04589,2024-01,2024,1,Riyadh,Leisure,Domestic,Hotel,3,1008.65,2
V04590,2024-08,2024,8,Abha,Leisure,Europe,Other,2,1121.4,1
V04591,2024-10,2024,10,AlUla,Leisure,Domestic,Hotel,3,492.3,4
V04592,2023-09,2023,9,Jeddah,Religious,Domestic,Hotel,4,1627.85,1
V04593,2023-05,2023,5,Abha,Business,Europe,Hotel,2,1291.33,2
V04594,2024-08,2024,8,Madinah,Business,GCC,Hotel,3,630.57,5
V04595,2024-10,2024,10,Makkah,Religious,Domestic,Hotel,3,845.6,1
V04596,2023-02,2023,2,Jeddah,Religious,Domestic,Hotel,6,2311.83,5
V04597,2023-09,2023,9,Makkah,Leisure,Asia,Furnished Apartment,2,806.1,5
V04598,2024-08,2024,8,Jeddah,Family,Asia,Hotel,1,335.04,1
V04599,2022-01,2022,1,Abha,Business,Domestic,Hotel,3,927.0,4
V04600,2024-08,2024,8,Jeddah,Events,Domestic,Other,4,1036.5,4
V04601,2022-10,2022,10,Makkah,Religious,Domestic,Hotel,4,1440.16,4
V04602,2022-06,2022,6,Riyadh,Religious,Domestic,Hotel,3,825.77,5
V04603,2022-12,2022,12,Makkah,Religious,Domestic,Hotel,3,453.56,4
V04604,2024-11,2024,11,Abha,Events,Domestic,Furnished Apartment,3,1298.9,2
V04605,2023-03,2023,3,AlUla,Religious,Asia,Furnished Apartment,3,896.75,3
V04606,2022-09,2022,9,Abha,Religious,Europe,Hotel,4,2259.84,1
V04607,2025-01,2025,1,Makkah,Religious,Domestic,Hotel,1,295.68,1
V04608,2022-05,2022,5,Jeddah,Events,Domestic,Furnished Apartment,2,587.1,3
V04609,2023-04,2023,4,AlUla,Family,GCC,Other,3,1180.0,2
V04610,2025-06,2025,6,Makkah,Family,GCC,Furnished Apartment,4,1238.18,3
V04611,2024-01,2024,1,Dammam,Religious,Domestic,Hotel,2,655.28,4
V04612,2023-12,2023,12,Jeddah,Family,Asia,Hotel,4,1997.86,4
V04613,2024-05,2024,5,Riyadh,Leisure,GCC,Furnished Apartment,2,610.03,3
V04614,2023-02,2023,2,Madinah,Religious,Asia,Hotel,3,874.36,1
V04615,2023-06,2023,6,Jeddah,Events,Europe,Resort,4,2035.97,4
V04616,2024-10,2024,10,Abha,Religious,Asia,Hotel,3,1412.81,3
V04617,2024-01,2024,1,Riyadh,Events,Europe,Hotel,4,1117.8,4
V04618,2023-08,2023,8,Makkah,Religious,Domestic,Hotel,3,1267.37,1
V04619,2024-07,2024,7,AlUla,Business,Domestic,Hotel,1,249.45,2
V04620,2024-08,2024,8,Makkah,Business,GCC,Other,1,322.82,5
V04621,2022-07,2022,7,Madinah,Leisure,Domestic,Hotel,1,361.37,4
V04622,2022-02,2022,2,Riyadh,Religious,Asia,Hotel,5,2297.57,5
V04623,2023-10,2023,10,Makkah,Religious,Domestic,Furnished Apartment,2,414.33,1
V04624,2024-08,2024,8,Abha,Religious,GCC,Hotel,2,822.09,2
V04625,2025-07,2025,7,Abha,Religious,Domestic,Hotel,4,835.98,1
V04626,2022-05,2022,5,Abha,Events,Domestic,Hotel,5,2212.88,4
V04627,2023-03,2023,3,Jeddah,Religious,Domestic,Hotel,3,911.77,2
V04628,2025-05,2025,5,Makkah,Leisure,Asia,Furnished Apartment,1,273.46,4
V04629,2022-10,2022,10,Abha,Leisure,Europe,Hotel,4,1848.06,3
V04630,2022-03,2022,3,Madinah,Religious,Asia,Hotel,5,950.99,3
V04631,2024-02,2024,2,Jeddah,Business,Asia,Furnished Apartment,1,387.64,5
V04632,2022-09,2022,9,Madinah,Religious,Domestic,Furnished Apartment,2,480.75,3
V04633,2022-04,2022,4,Jeddah,Religious,Asia,Hotel,5,1997.8,3
V04634,2022-06,2022,6,Riyadh,Religious,Domestic,Resort,3,1486.82,4
V04635,2025-08,2025,8,AlUla,Leisure,GCC,Furnished Apartment,1,175.41,5
V04636,2024-08,2024,8,Madinah,Religious,GCC,Hotel,2,817.14,2
V04637,2024-05,2024,5,Riyadh,Leisure,Other,Furnished Apartment,3,503.09,2
V04638,2024-05,2024,5,Abha,Family,GCC,Furnished Apartment,4,998.31,4
V04639,2023-12,2023,12,Riyadh,Religious,GCC,Hotel,4,1096.26,3
V04640,2025-05,2025,5,AlUla,Religious,Europe,Hotel,4,1963.57,3
V04641,2024-08,2024,8,Makkah,Religious,Other,Hotel,4,618.3,5
V04642,2022-07,2022,7,Makkah,Religious,GCC,Resort,2,741.5,5
V04643,2022-09,2022,9,Jeddah,Religious,Asia,Furnished Apartment,1,339.7,4
V04644,2022-01,2022,1,Madinah,Religious,Other,Resort,5,1431.03,3
V04645,2022-05,2022,5,Jeddah,Events,Asia,Furnished Apartment,2,942.47,4
V04646,2022-09,2022,9,Makkah,Religious,Domestic,Hotel,5,2488.91,1
V04647,2024-12,2024,12,Jeddah,Religious,Domestic,Other,2,340.9,3
V04648,2024-01,2024,1,Makkah,Religious,Domestic,Hotel,3,1097.15,4
V04649,2022-09,2022,9,Madinah,Religious,Asia,Resort,3,468.16,5
V04650,2023-07,2023,7,Jeddah,Events,GCC,Other,4,1322.65,5
V04651,2023-03,2023,3,Madinah,Business,GCC,Hotel,1,478.1,3
V04652,2024-11,2024,11,Makkah,Religious,GCC,Resort,5,789.66,3
V04653,2024-04,2024,4,Jeddah,Religious,GCC,Hotel,3,580.43,3
V04654,2025-07,2025,7,Makkah,Leisure,GCC,Hotel,3,850.18,1
V04655,2024-01,2024,1,Makkah,Religious,Domestic,Hotel,4,1880.56,4
V04656,2023-03,2023,3,Makkah,Religious,Domestic,Resort,2,777.96,2
V04657,2022-03,2022,3,Madinah,Religious,Asia,Hotel,6,909.85,3
V04658,2024-12,2024,12,Riyadh,Leisure,GCC,Furnished Apartment,3,1325.31,4
V04659,2025-01,2025,1,Jeddah,Leisure,Asia,Other,1,150.89,5
V04660,2022-11,2022,11,Makkah,Leisure,Domestic,Hotel,3,802.23,2
V04661,2022-12,2022,12,Madinah,Events,GCC,Furnished Apartment,5,1984.0,3
V04662,2025-06,2025,6,Makkah,Events,Domestic,Resort,3,1203.12,3
V04663,2024-09,2024,9,Dammam,Leisure,GCC,Resort,5,1580.1,2
V04664,2024-12,2024,12,AlUla,Leisure,Domestic,Hotel,6,959.91,4
V04665,2023-06,2023,6,AlUla,Leisure,Domestic,Other,4,1599.85,3
V04666,2024-01,2024,1,Abha,Religious,Domestic,Resort,3,675.66,1
V04667,2022-10,2022,10,Abha,Leisure,Domestic,Furnished Apartment,3,1115.11,5
V04668,2022-04,2022,4,Riyadh,Leisure,Europe,Hotel,1,337.55,2
V04669,2024-12,2024,12,Dammam,Leisure,Domestic,Hotel,3,1124.93,4
V04670,2023-10,2023,10,Jeddah,Religious,GCC,Hotel,3,1318.97,5
V04671,2025-02,2025,2,Makkah,Family,Domestic,Other,3,1252.24,4
V04672,2022-11,2022,11,Madinah,Religious,Asia,Resort,1,357.18,3
V04673,2023-05,2023,5,AlUla,Leisure,Domestic,Resort,6,2068.85,4
V04674,2024-05,2024,5,Makkah,Leisure,Domestic,Furnished Apartment,3,861.62,5
V04675,2025-01,2025,1,Dammam,Religious,Domestic,Furnished Apartment,2,514.08,1
V04676,2024-07,2024,7,Abha,Religious,GCC,Hotel,4,1614.48,2
V04677,2022-10,2022,10,AlUla,Family,Domestic,Furnished Apartment,4,930.82,4
V04678,2023-03,2023,3,Jeddah,Family,Europe,Other,5,1559.41,4
V04679,2024-10,2024,10,Makkah,Religious,Domestic,Furnished Apartment,3,725.15,1
V04680,2024-06,2024,6,Makkah,Religious,Europe,Hotel,1,550.31,2
V04681,2022-12,2022,12,Makkah,Religious,Asia,Hotel,3,1182.85,4
V04682,2025-06,2025,6,Jeddah,Family,Europe,Hotel,1,540.96,3
V04683,2023-08,2023,8,Abha,Religious,Other,Hotel,2,458.51,5
V04684,2025-01,2025,1,Makkah,Religious,Other,Hotel,4,669.82,5
V04685,2022-08,2022,8,Dammam,Family,GCC,Furnished Apartment,1,270.49,5
V04686,2022-05,2022,5,Madinah,Leisure,Domestic,Resort,5,962.8,2
V04687,2023-09,2023,9,AlUla,Leisure,Europe,Hotel,2,650.96,1
V04688,2023-06,2023,6,AlUla,Religious,Domestic,Hotel,3,1449.59,4
V04689,2024-02,2024,2,Makkah,Religious,Europe,Hotel,2,781.64,3
V04690,2023-08,2023,8,Riyadh,Leisure,GCC,Hotel,4,1444.38,5
V04691,2025-01,2025,1,Dammam,Business,GCC,Hotel,3,958.57,1
V04692,2024-10,2024,10,Jeddah,Leisure,Domestic,Resort,3,1467.64,5
V04693,2025-06,2025,6,Dammam,Religious,Domestic,Furnished Apartment,5,1678.55,2
V04694,2024-11,2024,11,Riyadh,Leisure,Europe,Hotel,1,496.78,5
V04695,2023-04,2023,4,Jeddah,Leisure,GCC,Furnished Apartment,2,893.43,2
V04696,2025-06,2025,6,Dammam,Family,GCC,Furnished Apartment,4,1773.77,1
V04697,2025-06,2025,6,Dammam,Leisure,Domestic,Hotel,1,369.01,2
V04698,2022-02,2022,2,Dammam,Religious,Domestic,Furnished Apartment,3,1246.56,3
V04699,2024-04,2024,4,Abha,Leisure,Domestic,Hotel,4,623.77,5
V04700,2023-11,2023,11,AlUla,Business,Domestic,Hotel,3,616.64,2
V04701,2023-09,2023,9,Makkah,Business,Domestic,Furnished Apartment,1,313.17,3
V04702,2024-01,2024,1,Jeddah,Leisure,Europe,Hotel,2,440.55,3
V04703,2023-12,2023,12,Riyadh,Family,Domestic,Furnished Apartment,4,1234.86,3
V04704,2025-01,2025,1,Jeddah,Events,Domestic,Resort,2,492.27,4
V04705,2022-05,2022,5,Riyadh,Business,GCC,Furnished Apartment,1,164.45,2
V04706,2023-07,2023,7,Madinah,Religious,Domestic,Hotel,3,724.2,3
V04707,2022-07,2022,7,Madinah,Religious,Asia,Hotel,4,1193.95,4
V04708,2022-10,2022,10,Jeddah,Leisure,Domestic,Hotel,2,907.18,4
V04709,2022-01,2022,1,Madinah,Religious,Domestic,Hotel,3,1256.3,1
V04710,2023-10,2023,10,Riyadh,Leisure,Europe,Furnished Apartment,4,800.38,1
V04711,2024-01,2024,1,Madinah,Family,GCC,Furnished Apartment,4,1960.71,2
V04712,2022-03,2022,3,Makkah,Religious,Asia,Furnished Apartment,3,990.56,3
V04713,2024-01,2024,1,Makkah,Religious,Other,Resort,4,1621.8,3
V04714,2022-02,2022,2,Madinah,Religious,Domestic,Hotel,3,684.37,2
V04715,2024-11,2024,11,Dammam,Family,GCC,Furnished Apartment,2,494.55,2
V04716,2022-03,2022,3,Riyadh,Religious,Asia,Other,2,471.96,3
V04717,2024-11,2024,11,Abha,Business,Domestic,Furnished Apartment,4,1690.62,1
V04718,2023-11,2023,11,Jeddah,Religious,GCC,Hotel,3,1343.02,5
V04719,2024-01,2024,1,Riyadh,Leisure,Asia,Other,1,478.28,1
V04720,2023-07,2023,7,Dammam,Leisure,Europe,Furnished Apartment,3,1886.15,2
V04721,2025-04,2025,4,Jeddah,Family,Other,Furnished Apartment,3,560.57,1
V04722,2024-01,2024,1,AlUla,Leisure,Domestic,Other,2,970.63,2
V04723,2024-09,2024,9,Makkah,Religious,Domestic,Hotel,2,769.23,3
V04724,2023-09,2023,9,Riyadh,Leisure,Domestic,Hotel,2,442.56,5
V04725,2022-11,2022,11,Jeddah,Family,GCC,Hotel,3,904.87,4
V04726,2025-01,2025,1,Riyadh,Events,Asia,Hotel,1,353.0,2
V04727,2022-05,2022,5,Jeddah,Leisure,Asia,Hotel,2,890.08,4
V04728,2022-04,2022,4,Dammam,Events,GCC,Furnished Apartment,1,309.65,5
V04729,2023-05,2023,5,Makkah,Business,GCC,Hotel,1,176.71,2
V04730,2024-03,2024,3,Makkah,Religious,Domestic,Hotel,3,912.85,2
V04731,2024-12,2024,12,Madinah,Religious,GCC,Furnished Apartment,4,775.56,4
V04732,2022-12,2022,12,Abha,Family,Europe,Resort,1,505.75,1
V04733,2022-02,2022,2,Dammam,Business,Domestic,Hotel,2,642.67,5
V04734,2025-05,2025,5,Jeddah,Religious,Asia,Hotel,5,1983.37,2
V04735,2023-02,2023,2,Riyadh,Religious,Domestic,Other,3,1423.21,4
V04736,2023-12,2023,12,Makkah,Religious,Asia,Resort,3,1290.06,4
V04737,2023-04,2023,4,Dammam,Leisure,Other,Hotel,4,1217.06,5
V04738,2022-07,2022,7,Abha,Leisure,Other,Hotel,3,1227.2,4
V04739,2022-11,2022,11,Madinah,Religious,Domestic,Hotel,4,1959.93,2
V04740,2022-12,2022,12,Dammam,Family,Other,Hotel,3,1387.81,1
V04741,2022-12,2022,12,Riyadh,Family,GCC,Other,5,2175.28,5
V04742,2024-07,2024,7,Jeddah,Leisure,Domestic,Other,3,1159.04,3
V04743,2023-12,2023,12,Dammam,Religious,Domestic,Hotel,1,469.83,5
V04744,2025-05,2025,5,Abha,Business,Domestic,Hotel,4,934.34,4
V04745,2024-12,2024,12,Riyadh,Religious,Asia,Hotel,3,909.67,1
V04746,2023-06,2023,6,Madinah,Religious,Domestic,Furnished Apartment,3,1465.47,2
V04747,2022-10,2022,10,AlUla,Religious,Domestic,Resort,4,1994.24,5
V04748,2025-02,2025,2,Jeddah,Religious,Domestic,Furnished Apartment,4,1703.25,3
V04749,2022-03,2022,3,Madinah,Religious,Domestic,Other,5,1848.28,3
V04750,2023-03,2023,3,Makkah,Religious,GCC,Furnished Apartment,2,356.85,2
V04751,2023-02,2023,2,Dammam,Family,Domestic,Other,1,180.13,3
V04752,2022-07,2022,7,Jeddah,Religious,Domestic,Furnished Apartment,2,490.39,5
V04753,2024-04,2024,4,Riyadh,Leisure,Europe,Furnished Apartment,3,1032.93,2
V04754,2022-12,2022,12,Madinah,Religious,Domestic,Resort,5,2017.12,1
V04755,2025-07,2025,7,Jeddah,Business,Domestic,Resort,6,2530.03,2
V04756,2024-12,2024,12,Riyadh,Religious,Europe,Hotel,5,1942.71,2
V04757,2023-11,2023,11,Riyadh,Business,Asia,Other,4,1129.59,2
V04758,2022-06,2022,6,Riyadh,Religious,GCC,Furnished Apartment,3,483.99,2
V04759,2023-07,2023,7,Abha,Leisure,Asia,Hotel,3,1032.76,1
V04760,2025-02,2025,2,Riyadh,Leisure,Asia,Furnished Apartment,2,729.76,5
V04761,2023-07,2023,7,Madinah,Events,Europe,Hotel,2,445.5,1
V04762,2023-11,2023,11,Madinah,Business,GCC,Hotel,4,1133.29,3
V04763,2022-04,2022,4,Jeddah,Religious,GCC,Hotel,1,241.3,1
V04764,2024-08,2024,8,Makkah,Religious,GCC,Other,1,168.71,2
V04765,2022-01,2022,1,Makkah,Leisure,Domestic,Hotel,2,865.1,4
V04766,2025-06,2025,6,Madinah,Religious,Other,Resort,1,175.04,3
V04767,2025-02,2025,2,Abha,Family,GCC,Furnished Apartment,3,453.68,3
V04768,2024-03,2024,3,AlUla,Religious,GCC,Furnished Apartment,5,1901.57,3
V04769,2022-09,2022,9,Makkah,Religious,Domestic,Furnished Apartment,3,668.41,3
V04770,2025-07,2025,7,Makkah,Religious,GCC,Hotel,5,1962.82,4
V04771,2025-07,2025,7,Jeddah,Religious,Domestic,Resort,2,782.57,4
V04772,2023-04,2023,4,AlUla,Religious,Other,Hotel,4,633.35,3
V04773,2023-07,2023,7,Abha,Family,GCC,Furnished Apartment,3,705.78,4
V04774,2023-10,2023,10,AlUla,Religious,Asia,Hotel,3,873.14,2
V04775,2025-03,2025,3,Makkah,Religious,Domestic,Hotel,4,933.65,3
V04776,2022-02,2022,2,Riyadh,Events,Asia,Furnished Apartment,1,312.45,1
V04777,2023-05,2023,5,Dammam,Religious,GCC,Hotel,2,962.06,2
V04778,2024-05,2024,5,Dammam,Leisure,Domestic,Hotel,3,1169.25,4
V04779,2022-08,2022,8,Riyadh,Religious,Domestic,Resort,2,620.56,3
V04780,2025-07,2025,7,Dammam,Leisure,GCC,Hotel,4,1623.75,2
V04781,2023-10,2023,10,AlUla,Leisure,Asia,Furnished Apartment,3,1421.06,3
V04782,2025-06,2025,6,Abha,Leisure,GCC,Hotel,3,1457.58,2
V04783,2025-05,2025,5,Makkah,Religious,Domestic,Resort,3,1443.79,4
V04784,2022-08,2022,8,AlUla,Religious,Other,Hotel,2,598.64,3
V04785,2022-05,2022,5,Dammam,Religious,GCC,Hotel,3,845.34,2
V04786,2024-08,2024,8,Abha,Religious,Europe,Hotel,5,2640.17,5
V04787,2024-11,2024,11,Madinah,Religious,Other,Hotel,1,237.51,3
V04788,2022-05,2022,5,Riyadh,Religious,GCC,Hotel,5,1006.2,2
V04789,2022-08,2022,8,Jeddah,Leisure,GCC,Furnished Apartment,1,441.74,2
V04790,2025-02,2025,2,Abha,Events,Domestic,Hotel,2,417.07,4
V04791,2025-07,2025,7,Makkah,Religious,Domestic,Furnished Apartment,4,792.85,1
V04792,2025-04,2025,4,Riyadh,Leisure,Domestic,Hotel,3,669.65,2
V04793,2023-05,2023,5,Riyadh,Religious,Domestic,Resort,3,1136.1,5
V04794,2023-05,2023,5,AlUla,Leisure,Domestic,Furnished Apartment,3,1006.57,2
V04795,2024-06,2024,6,AlUla,Business,Domestic,Hotel,4,1311.02,4
V04796,2024-08,2024,8,Abha,Family,Domestic,Hotel,1,300.57,3
V04797,2024-12,2024,12,Riyadh,Religious,Asia,Hotel,6,1347.75,4
V04798,2022-04,2022,4,Riyadh,Family,Europe,Hotel,2,673.98,1
V04799,2023-04,2023,4,Makkah,Religious,Domestic,Resort,2,529.41,5
V04800,2024-03,2024,3,Abha,Family,Europe,Hotel,3,1763.89,1
V04801,2023-08,2023,8,Riyadh,Religious,Europe,Hotel,2,1005.06,5
V04802,2024-09,2024,9,Madinah,Events,Other,Hotel,2,795.62,5
V04803,2023-12,2023,12,Makkah,Religious,GCC,Hotel,2,884.13,4
V04804,2025-07,2025,7,Riyadh,Leisure,Domestic,Other,1,284.7,2
V04805,2022-11,2022,11,Makkah,Leisure,GCC,Furnished Apartment,4,1846.91,4
V04806,2022-10,2022,10,Madinah,Religious,Domestic,Hotel,3,1493.86,5
V04807,2022-06,2022,6,Riyadh,Religious,Domestic,Hotel,4,846.82,2
V04808,2023-02,2023,2,Dammam,Leisure,Domestic,Furnished Apartment,3,1389.48,1
V04809,2024-12,2024,12,AlUla,Leisure,Domestic,Hotel,2,877.51,2
V04810,2025-06,2025,6,Riyadh,Religious,Domestic,Hotel,3,605.81,1
V04811,2022-01,2022,1,Jeddah,Leisure,Domestic,Furnished Apartment,1,371.52,5
V04812,2025-07,2025,7,Makkah,Religious,Domestic,Hotel,3,1113.44,4
V04813,2022-11,2022,11,Madinah,Religious,Domestic,Other,2,996.65,5
V04814,2024-06,2024,6,Jeddah,Religious,Domestic,Hotel,1,326.41,5
V04815,2022-08,2022,8,Dammam,Family,Other,Furnished Apartment,4,1352.98,3
V04816,2024-12,2024,12,Dammam,Business,Europe,Hotel,3,650.02,2
V04817,2023-05,2023,5,Riyadh,Family,Asia,Hotel,2,833.88,4
V04818,2025-02,2025,2,Madinah,Leisure,Domestic,Resort,4,1267.85,1
V04819,2025-02,2025,2,Makkah,Religious,Other,Furnished Apartment,1,432.86,3
V04820,2024-10,2024,10,Makkah,Leisure,GCC,Hotel,6,1712.05,5
V04821,2025-07,2025,7,Makkah,Leisure,Europe,Resort,3,845.57,2
V04822,2022-07,2022,7,Riyadh,Religious,Domestic,Hotel,5,2124.82,4
V04823,2024-11,2024,11,AlUla,Religious,Domestic,Hotel,5,1556.01,2
V04824,2023-03,2023,3,AlUla,Religious,Domestic,Furnished Apartment,1,241.27,5
V04825,2022-07,2022,7,Madinah,Leisure,Other,Hotel,4,1538.87,2
V04826,2022-04,2022,4,Riyadh,Business,GCC,Hotel,3,928.32,4
V04827,2025-01,2025,1,Jeddah,Religious,Domestic,Hotel,4,862.65,2
V04828,2023-10,2023,10,Madinah,Religious,Domestic,Furnished Apartment,3,1354.14,3
V04829,2023-11,2023,11,Riyadh,Family,GCC,Furnished Apartment,3,613.14,4
V04830,2022-06,2022,6,Jeddah,Family,Domestic,Furnished Apartment,4,732.99,4
V04831,2024-03,2024,3,Makkah,Family,Domestic,Resort,2,751.85,4
V04832,2024-05,2024,5,Dammam,Religious,Domestic,Hotel,2,709.13,4
V04833,2023-06,2023,6,Riyadh,Religious,Domestic,Furnished Apartment,3,888.84,1
V04834,2022-06,2022,6,Makkah,Religious,GCC,Resort,4,621.53,2
V04835,2023-04,2023,4,Madinah,Religious,Domestic,Other,3,746.14,4
V04836,2022-03,2022,3,Madinah,Religious,Domestic,Hotel,5,1482.32,4
V04837,2025-06,2025,6,AlUla,Leisure,Domestic,Furnished Apartment,2,445.73,3
V04838,2023-01,2023,1,Madinah,Business,Asia,Other,4,1468.22,5
V04839,2025-08,2025,8,Madinah,Religious,Domestic,Furnished Apartment,4,732.05,1
V04840,2022-02,2022,2,Madinah,Religious,Domestic,Hotel,4,1258.05,5
V04841,2022-05,2022,5,Jeddah,Family,Domestic,Hotel,1,349.54,5
V04842,2024-01,2024,1,Abha,Religious,Domestic,Other,1,456.89,5
V04843,2024-02,2024,2,Jeddah,Leisure,Domestic,Furnished Apartment,2,977.19,1
V04844,2022-07,2022,7,Jeddah,Business,Domestic,Hotel,2,436.91,5
V04845,2023-12,2023,12,Makkah,Religious,Asia,Hotel,4,900.31,3
V04846,2025-06,2025,6,Makkah,Religious,Domestic,Hotel,3,1253.29,3
V04847,2025-01,2025,1,Dammam,Family,Other,Hotel,4,618.24,1
V04848,2024-01,2024,1,AlUla,Family,Domestic,Resort,8,3194.88,5
V04849,2023-01,2023,1,Madinah,Religious,Domestic,Hotel,1,447.41,2
V04850,2024-03,2024,3,AlUla,Religious,Domestic,Hotel,2,329.76,5
V04851,2025-02,2025,2,Abha,Family,Domestic,Hotel,4,1799.13,2
V04852,2024-11,2024,11,Riyadh,Family,Other,Hotel,1,163.19,5
V04853,2022-05,2022,5,Makkah,Religious,Other,Hotel,7,2469.54,1
V04854,2022-02,2022,2,Riyadh,Family,Domestic,Furnished Apartment,4,707.55,3
V04855,2023-03,2023,3,Riyadh,Business,GCC,Furnished Apartment,3,907.56,1
V04856,2022-12,2022,12,Makkah,Family,Europe,Furnished Apartment,2,824.64,4
V04857,2025-04,2025,4,Dammam,Family,Domestic,Other,2,501.88,4
V04858,2025-02,2025,2,Dammam,Leisure,Domestic,Furnished Apartment,1,303.69,4
V04859,2022-12,2022,12,Makkah,Leisure,Domestic,Furnished Apartment,3,916.01,2
V04860,2025-04,2025,4,Riyadh,Family,Domestic,Hotel,5,1948.22,3
V04861,2023-08,2023,8,Abha,Religious,GCC,Furnished Apartment,4,613.91,4
V04862,2022-04,2022,4,Makkah,Religious,Asia,Furnished Apartment,3,519.41,1
V04863,2023-04,2023,4,AlUla,Religious,Domestic,Resort,3,554.07,1
V04864,2022-05,2022,5,Makkah,Religious,Domestic,Hotel,3,692.8,1
V04865,2024-08,2024,8,Madinah,Religious,Domestic,Hotel,2,358.62,2
V04866,2022-05,2022,5,Jeddah,Leisure,Domestic,Hotel,2,998.11,4
V04867,2023-01,2023,1,Makkah,Religious,Domestic,Furnished Apartment,5,825.05,3
V04868,2024-08,2024,8,Makkah,Business,Domestic,Hotel,3,624.9,4
V04869,2023-07,2023,7,Makkah,Religious,Asia,Furnished Apartment,4,1265.13,1
V04870,2024-01,2024,1,Dammam,Leisure,Asia,Furnished Apartment,1,429.31,4
V04871,2022-11,2022,11,Jeddah,Events,Domestic,Hotel,1,150.78,1
V04872,2024-11,2024,11,AlUla,Leisure,Domestic,Hotel,3,1153.63,1
V04873,2025-07,2025,7,Makkah,Business,GCC,Furnished Apartment,2,335.44,4
V04874,2024-04,2024,4,AlUla,Leisure,Domestic,Furnished Apartment,1,213.26,2
V04875,2024-05,2024,5,AlUla,Events,Other,Hotel,2,453.48,1
V04876,2023-09,2023,9,Makkah,Leisure,Domestic,Resort,4,1567.26,1
V04877,2025-08,2025,8,Abha,Leisure,GCC,Resort,1,479.77,3
V04878,2024-08,2024,8,Riyadh,Family,Domestic,Hotel,3,589.48,3
V04879,2022-12,2022,12,Madinah,Business,Asia,Hotel,3,1162.15,2
V04880,2023-04,2023,4,Riyadh,Events,GCC,Furnished Apartment,1,299.14,2
V04881,2022-04,2022,4,Madinah,Business,Domestic,Other,1,492.72,5
V04882,2023-01,2023,1,AlUla,Business,Domestic,Hotel,3,1427.74,5
V04883,2022-05,2022,5,Riyadh,Religious,Domestic,Resort,5,2445.65,4
V04884,2022-10,2022,10,Makkah,Religious,Other,Other,5,1657.91,1
V04885,2023-10,2023,10,Madinah,Leisure,GCC,Hotel,4,1987.82,1
V04886,2022-08,2022,8,Jeddah,Events,Asia,Hotel,3,869.07,5
V04887,2023-09,2023,9,Madinah,Family,Europe,Hotel,2,1110.35,4
V04888,2023-10,2023,10,Makkah,Religious,Asia,Other,4,752.91,5
V04889,2023-04,2023,4,Jeddah,Leisure,Domestic,Hotel,1,245.56,1
V04890,2023-06,2023,6,Riyadh,Business,GCC,Resort,1,415.16,1
V04891,2025-04,2025,4,Riyadh,Family,GCC,Furnished Apartment,2,464.9,1
V04892,2022-03,2022,3,Dammam,Leisure,Domestic,Furnished Apartment,1,291.46,1
V04893,2025-07,2025,7,Makkah,Religious,Domestic,Hotel,2,448.9,3
V04894,2023-08,2023,8,Dammam,Family,Europe,Other,4,846.8,1
V04895,2023-03,2023,3,Dammam,Family,GCC,Hotel,3,800.8,5
V04896,2022-02,2022,2,Makkah,Leisure,Domestic,Hotel,2,684.5,1
V04897,2023-10,2023,10,Jeddah,Religious,GCC,Hotel,7,3377.26,1
V04898,2024-10,2024,10,Dammam,Business,GCC,Resort,5,2244.89,2
V04899,2023-07,2023,7,Abha,Events,Domestic,Hotel,3,1496.77,4
V04900,2024-08,2024,8,Abha,Business,Domestic,Other,1,208.27,5
V04901,2024-03,2024,3,AlUla,Events,Domestic,Hotel,1,417.96,2
V04902,2023-01,2023,1,AlUla,Events,GCC,Furnished Apartment,4,1024.31,5
V04903,2024-04,2024,4,Dammam,Religious,Europe,Hotel,5,1172.29,5
V04904,2022-09,2022,9,Riyadh,Business,Other,Hotel,2,489.81,4
V04905,2025-03,2025,3,Makkah,Religious,Domestic,Furnished Apartment,4,929.28,4
V04906,2024-06,2024,6,Riyadh,Religious,Asia,Hotel,3,1078.17,2
V04907,2024-09,2024,9,Makkah,Religious,Domestic,Furnished Apartment,4,620.42,2
V04908,2025-05,2025,5,Riyadh,Family,GCC,Furnished Apartment,6,1329.97,2
V04909,2022-01,2022,1,AlUla,Religious,Domestic,Hotel,3,634.08,5
V04910,2025-08,2025,8,Madinah,Leisure,Domestic,Resort,3,840.69,4
V04911,2024-08,2024,8,Makkah,Religious,Domestic,Hotel,4,954.97,3
V04912,2025-05,2025,5,Dammam,Religious,Domestic,Hotel,4,981.77,3
V04913,2024-08,2024,8,Riyadh,Religious,GCC,Hotel,3,1127.98,5
V04914,2023-07,2023,7,Madinah,Events,GCC,Other,5,1981.31,5
V04915,2022-07,2022,7,Madinah,Religious,GCC,Hotel,2,763.57,2
V04916,2025-04,2025,4,Makkah,Religious,Other,Hotel,1,397.48,5
V04917,2024-10,2024,10,AlUla,Leisure,Domestic,Hotel,4,850.46,2
V04918,2022-02,2022,2,Makkah,Business,Asia,Other,4,1156.53,1
V04919,2025-04,2025,4,AlUla,Religious,GCC,Furnished Apartment,1,191.17,5
V04920,2025-02,2025,2,Abha,Events,Domestic,Furnished Apartment,3,1407.98,1
V04921,2022-06,2022,6,Dammam,Religious,GCC,Hotel,1,237.75,5
V04922,2024-04,2024,4,Abha,Religious,Asia,Hotel,2,785.65,2
V04923,2025-06,2025,6,Abha,Events,Asia,Hotel,1,470.59,2
V04924,2023-08,2023,8,Jeddah,Events,Domestic,Resort,3,633.07,1
V04925,2022-06,2022,6,Madinah,Religious,Europe,Furnished Apartment,1,560.94,2
V04926,2025-04,2025,4,Makkah,Religious,Domestic,Hotel,5,2184.85,1
V04927,2023-04,2023,4,AlUla,Family,Domestic,Furnished Apartment,4,1824.13,1
V04928,2022-10,2022,10,Dammam,Family,Domestic,Other,4,1915.18,3
V04929,2023-12,2023,12,Makkah,Religious,GCC,Hotel,2,659.29,5
V04930,2024-03,2024,3,Makkah,Leisure,Domestic,Resort,4,1579.74,5
V04931,2024-02,2024,2,Riyadh,Religious,Asia,Hotel,4,1664.84,5
V04932,2023-05,2023,5,Abha,Leisure,GCC,Hotel,4,820.85,1
V04933,2022-05,2022,5,Dammam,Leisure,Domestic,Hotel,5,2076.15,2
V04934,2022-10,2022,10,Makkah,Leisure,Domestic,Hotel,3,1472.76,2
V04935,2024-03,2024,3,AlUla,Leisure,GCC,Hotel,3,749.85,5
V04936,2025-06,2025,6,Madinah,Religious,Domestic,Other,4,931.28,1
V04937,2022-03,2022,3,Riyadh,Leisure,Other,Furnished Apartment,3,814.29,5
V04938,2022-01,2022,1,Riyadh,Leisure,Domestic,Other,1,330.27,3
V04939,2022-12,2022,12,Makkah,Leisure,Domestic,Furnished Apartment,1,314.64,3
V04940,2023-11,2023,11,AlUla,Events,Domestic,Hotel,5,2150.44,4
V04941,2023-08,2023,8,Makkah,Leisure,Asia,Hotel,2,614.92,4
V04942,2025-06,2025,6,Makkah,Family,Asia,Furnished Apartment,1,160.34,3
V04943,2022-04,2022,4,Riyadh,Business,Domestic,Furnished Apartment,2,710.73,3
V04944,2022-03,2022,3,Riyadh,Family,Domestic,Resort,3,1280.12,1
V04945,2023-06,2023,6,Makkah,Family,Domestic,Hotel,3,1105.57,4
V04946,2022-02,2022,2,Makkah,Religious,Domestic,Resort,4,1123.84,5
V04947,2022-09,2022,9,Dammam,Family,Asia,Hotel,4,1290.31,4
V04948,2024-11,2024,11,Jeddah,Religious,Domestic,Furnished Apartment,4,1334.6,4
V04949,2023-02,2023,2,Riyadh,Leisure,Domestic,Furnished Apartment,3,895.99,3
V04950,2024-06,2024,6,Makkah,Leisure,Domestic,Furnished Apartment,1,339.85,5
V04951,2023-09,2023,9,Makkah,Religious,Domestic,Furnished Apartment,3,539.27,2
V04952,2025-05,2025,5,Jeddah,Business,GCC,Hotel,3,875.73,5
V04953,2022-06,2022,6,Jeddah,Leisure,Asia,Hotel,2,413.82,4
V04954,2025-04,2025,4,AlUla,Religious,Asia,Other,3,1472.66,5
V04955,2025-08,2025,8,Dammam,Leisure,Domestic,Hotel,2,536.43,1
V04956,2023-12,2023,12,Madinah,Religious,GCC,Hotel,4,1193.97,3
V04957,2023-08,2023,8,Riyadh,Family,Domestic,Hotel,4,956.46,1
V04958,2023-02,2023,2,AlUla,Family,GCC,Hotel,4,1855.4,3
V04959,2022-01,2022,1,Makkah,Leisure,Asia,Resort,1,423.33,4
V04960,2024-03,2024,3,Riyadh,Religious,GCC,Furnished Apartment,1,361.81,3
V04961,2022-04,2022,4,Riyadh,Religious,GCC,Hotel,2,684.64,3
V04962,2024-11,2024,11,Jeddah,Religious,Europe,Resort,1,590.21,1
V04963,2024-08,2024,8,Makkah,Leisure,Domestic,Resort,4,1849.49,5
V04964,2023-12,2023,12,Madinah,Religious,Domestic,Other,4,854.83,2
V04965,2025-01,2025,1,Madinah,Religious,Domestic,Other,3,738.55,2
V04966,2024-08,2024,8,Riyadh,Religious,Europe,Furnished Apartment,3,661.09,1
V04967,2022-02,2022,2,Madinah,Events,Domestic,Other,1,225.01,4
V04968,2024-01,2024,1,Riyadh,Religious,GCC,Hotel,5,2207.91,2
V04969,2023-08,2023,8,Abha,Leisure,GCC,Hotel,2,361.43,5
V04970,2023-07,2023,7,Dammam,Family,Domestic,Furnished Apartment,3,1151.29,5
V04971,2022-12,2022,12,Riyadh,Religious,Domestic,Furnished Apartment,4,643.43,3
V04972,2025-07,2025,7,Riyadh,Religious,Domestic,Resort,6,2051.79,3
V04973,2024-12,2024,12,Abha,Religious,Domestic,Hotel,3,548.21,4
V04974,2023-07,2023,7,Makkah,Religious,Domestic,Hotel,4,756.05,2
V04975,2022-03,2022,3,Abha,Religious,Domestic,Resort,2,760.88,4
V04976,2024-03,2024,3,Makkah,Religious,Domestic,Furnished Apartment,2,810.83,5
V04977,2022-06,2022,6,Makkah,Religious,Domestic,Hotel,4,655.01,3
V04978,2023-07,2023,7,Makkah,Religious,Domestic,Resort,2,850.84,5
V04979,2025-02,2025,2,AlUla,Events,Domestic,Resort,2,812.96,3
V04980,2022-11,2022,11,Dammam,Religious,Other,Furnished Apartment,4,1478.03,3
V04981,2025-01,2025,1,Madinah,Religious,Domestic,Hotel,4,1277.75,1
V04982,2024-07,2024,7,Dammam,Leisure,Asia,Furnished Apartment,4,1480.01,3
V04983,2024-02,2024,2,Jeddah,Family,Asia,Hotel,2,895.56,3
V04984,2025-03,2025,3,Madinah,Business,Asia,Other,2,816.29,2
V04985,2024-11,2024,11,Riyadh,Religious,Europe,Other,3,1162.62,1
V04986,2025-06,2025,6,Riyadh,Leisure,Domestic,Hotel,2,469.0,2
V04987,2024-05,2024,5,AlUla,Family,GCC,Hotel,3,1481.01,5
V04988,2023-02,2023,2,Jeddah,Leisure,Domestic,Hotel,3,949.97,5
V04989,2023-04,2023,4,Makkah,Religious,Asia,Resort,1,188.6,1
V04990,2022-10,2022,10,Jeddah,Business,Asia,Other,4,890.66,5
V04991,2024-07,2024,7,Madinah,Religious,GCC,Hotel,5,2191.7,4
V04992,2024-06,2024,6,AlUla,Business,Domestic,Other,3,1149.79,4
V04993,2025-06,2025,6,Makkah,Religious,Asia,Furnished Apartment,2,539.07,3
V04994,2022-03,2022,3,Riyadh,Religious,GCC,Hotel,3,1495.94,5
V04995,2025-02,2025,2,Makkah,Religious,GCC,Resort,4,880.72,4
V04996,2022-01,2022,1,Makkah,Leisure,Asia,Hotel,3,673.35,2
V04997,2024-09,2024,9,Madinah,Religious,Domestic,Hotel,1,384.54,5
V04998,2022-01,2022,1,AlUla,Business,Domestic,Hotel,3,1415.1,5
V04999,2022-03,2022,3,Riyadh,Family,Asia,Other,3,943.87,1
V05000,2022-07,2022,7,Riyadh,Religious,GCC,Hotel,4,1857.97,5
